bs_ts,name,mmsi,lat,lon,nav_status,cog,sog,heading,imo,callsign,destination
2008-08-05T00:00:06,AMSTERDAM,244370000,57.56014667,-133.7280333,0,183,13.6,183,9188037,PBAD,TRACY ARM
2008-08-05T00:29:54,AMSTERDAM,244370000,57.45300667,-133.7765233,0,197,13.2,195,9188037,PBAD,TRACY ARM
2008-08-05T00:26:33,AMSTERDAM,244370000,57.464715,-133.7699067,0,197,13.4,195,9188037,PBAD,TRACY ARM
2008-08-05T00:23:22,AMSTERDAM,244370000,57.47593,-133.7635883,0,197,13.3,195,9188037,PBAD,TRACY ARM
2008-08-05T00:19:13,AMSTERDAM,244370000,57.49053167,-133.7554933,0,197,13.2,195,9188037,PBAD,TRACY ARM
2008-08-05T00:19:52,AMSTERDAM,244370000,57.48819167,-133.7568117,0,197,13.1,195,9188037,PBAD,TRACY ARM
2008-08-05T00:15:41,AMSTERDAM,244370000,57.50279,-133.7487267,0,197,13.2,195,9188037,PBAD,TRACY ARM
2008-08-05T00:14:32,AMSTERDAM,244370000,57.5069,-133.7464217,0,197,13.3,196,9188037,PBAD,TRACY ARM
2008-08-05T00:12:39,AMSTERDAM,244370000,57.51369833,-133.7428233,0,195,13.5,195,9188037,PBAD,TRACY ARM
2008-08-05T00:09:38,AMSTERDAM,244370000,57.52458667,-133.7372183,0,195,13.9,195,9188037,PBAD,TRACY ARM
2008-08-05T00:08:17,AMSTERDAM,244370000,57.529565,-133.73467,0,195,13.7,196,9188037,PBAD,TRACY ARM
2008-08-05T00:07:01,AMSTERDAM,244370000,57.53416167,-133.7324317,0,193,13.7,195,9188037,PBAD,TRACY ARM
2008-08-05T00:07:17,AMSTERDAM,244370000,57.533235,-133.7328583,0,194,13.7,195,9188037,PBAD,TRACY ARM
2008-08-05T00:06:49,AMSTERDAM,244370000,57.53484167,-133.7321367,0,193,13.8,194,9188037,PBAD,TRACY ARM
2008-08-05T00:05:27,AMSTERDAM,244370000,57.53999667,-133.7304217,0,187,13.7,189,9188037,PBAD,TRACY ARM
2008-08-05T00:05:37,AMSTERDAM,244370000,57.53937333,-133.73058,0,188,13.7,189,9188037,PBAD,TRACY ARM
2008-08-05T00:03:45,AMSTERDAM,244370000,57.54640167,-133.7294383,0,183,13.7,183,9188037,PBAD,TRACY ARM
2008-08-05T00:57:25,AMSTERDAM,244370000,57.35591167,-133.839795,0,219,13.9,218,9188037,PBAD,TRACY ARM
2008-08-05T00:57:44,AMSTERDAM,244370000,57.35491333,-133.8412883,0,219,13.9,218,9188037,PBAD,TRACY ARM
2008-08-05T00:56:25,AMSTERDAM,244370000,57.35888833,-133.8353383,0,219,13.8,218,9188037,PBAD,TRACY ARM
2008-08-05T00:55:14,AMSTERDAM,244370000,57.36248667,-133.8303317,0,213,13.7,214,9188037,PBAD,TRACY ARM
2008-08-05T00:53:44,AMSTERDAM,244370000,57.36746,-133.8254967,0,201,13.6,200,9188037,PBAD,TRACY ARM
2008-08-05T00:50:06,AMSTERDAM,244370000,57.38059,-133.8175683,0,198,13.6,195,9188037,PBAD,TRACY ARM
2008-08-05T00:48:06,AMSTERDAM,244370000,57.38779,-133.8133717,0,197,13.7,195,9188037,PBAD,TRACY ARM
2008-08-05T00:44:55,AMSTERDAM,244370000,57.39927167,-133.8066617,0,197,13.7,195,9188037,PBAD,TRACY ARM
2008-08-05T01:22:28,AMSTERDAM,244370000,57.27918333,-133.947265,0,215,14.1,215,9188037,PBAD,TRACY ARM
2008-08-05T01:22:39,AMSTERDAM,244370000,57.27849167,-133.94817,0,215,14.1,215,9188037,PBAD,TRACY ARM
2008-08-05T01:19:20,AMSTERDAM,244370000,57.28899333,-133.9342467,0,216,14.0,215,9188037,PBAD,TRACY ARM
2008-08-05T01:16:19,AMSTERDAM,244370000,57.29846167,-133.921665,0,216,13.8,215,9188037,PBAD,TRACY ARM
2008-08-05T01:31:29,AMSTERDAM,244370000,57.251275,-133.9855617,0,218,13.5,215,9188037,PBAD,TRACY ARM
2008-08-05T01:31:48,AMSTERDAM,244370000,57.25034167,-133.9869067,0,218,13.5,215,9188037,PBAD,TRACY ARM
2008-08-05T01:28:27,AMSTERDAM,244370000,57.26038667,-133.9725867,0,217,13.8,215,9188037,PBAD,TRACY ARM
2008-08-05T01:28:29,AMSTERDAM,244370000,57.260235,-133.9728017,0,217,13.8,215,9188037,PBAD,TRACY ARM
2008-08-05T01:25:26,AMSTERDAM,244370000,57.26968,-133.9598567,0,216,14.0,216,9188037,PBAD,TRACY ARM
2008-08-05T01:58:56,AMSTERDAM,244370000,57.16759333,-134.0992717,0,217,13.4,215,9188037,PBAD,SITKA
2008-08-05T01:57:15,AMSTERDAM,244370000,57.172585,-134.0923517,0,215,13.5,214,9188037,PBAD,SITKA
2008-08-05T01:54:15,AMSTERDAM,244370000,57.181595,-134.080175,0,217,13.4,215,9188037,PBAD,SITKA
2008-08-05T01:51:05,AMSTERDAM,244370000,57.191005,-134.0671783,0,216,13.5,214,9188037,PBAD,SITKA
2008-08-05T01:49:35,AMSTERDAM,244370000,57.19547833,-134.0608167,0,219,13.4,215,9188037,PBAD,SITKA
2008-08-05T02:04:24,AMSTERDAM,244370000,57.151775,-134.1216833,0,218,13.0,215,9188037,PBAD,SITKA
2008-08-05T02:03:54,AMSTERDAM,244370000,57.15315833,-134.119595,0,220,12.9,216,9188037,PBAD,SITKA
2008-08-05T02:02:05,AMSTERDAM,244370000,57.15834167,-134.11219,0,216,13.0,215,9188037,PBAD,SITKA
2008-08-05T02:33:45,AMSTERDAM,244370000,57.06415833,-134.243525,0,217,14.0,215,9188037,PBAD,SITKA
2008-08-05T02:30:40,AMSTERDAM,244370000,57.0738,-134.23008,0,217,14.0,215,9188037,PBAD,SITKA
2008-08-05T02:28:06,AMSTERDAM,244370000,57.08164333,-134.2190417,0,218,14.0,215,9188037,PBAD,SITKA
2008-08-05T02:26:55,AMSTERDAM,244370000,57.08531,-134.213815,0,218,13.9,215,9188037,PBAD,SITKA
2008-08-05T02:23:53,AMSTERDAM,244370000,57.09461,-134.20109,0,216,13.8,215,9188037,PBAD,SITKA
2008-08-05T02:37:09,AMSTERDAM,244370000,57.05371667,-134.25822,0,217,14.1,215,9188037,PBAD,SITKA
2008-08-05T00:40:03,AMSTERDAM,244370000,57.41693833,-133.7966583,0,197,13.8,195,9188037,PBAD,TRACY ARM
2008-08-05T00:37:02,AMSTERDAM,244370000,57.42777833,-133.7905733,0,197,13.4,195,9188037,PBAD,TRACY ARM
2008-08-05T00:33:52,AMSTERDAM,244370000,57.43897333,-133.7843733,0,196,13.2,195,9188037,PBAD,TRACY ARM
2008-08-05T00:43:17,AMSTERDAM,244370000,57.40519167,-133.8032517,0,197,13.7,195,9188037,PBAD,TRACY ARM
2008-08-05T00:59:36,AMSTERDAM,244370000,57.34929,-133.8497183,0,219,14.0,218,9188037,PBAD,TRACY ARM
2008-08-05T01:08:58,AMSTERDAM,244370000,57.32096167,-133.89098,0,216,13.6,215,9188037,PBAD,TRACY ARM
2008-08-05T01:06:37,AMSTERDAM,244370000,57.32811333,-133.8812233,0,216,13.8,215,9188037,PBAD,TRACY ARM
2008-08-05T01:05:38,AMSTERDAM,244370000,57.33115667,-133.8768867,0,219,14.0,218,9188037,PBAD,TRACY ARM
2008-08-05T01:02:38,AMSTERDAM,244370000,57.34027,-133.8632817,0,219,14.1,218,9188037,PBAD,TRACY ARM
2008-08-05T01:13:19,AMSTERDAM,244370000,57.30770167,-133.9092183,0,216,13.7,215,9188037,PBAD,TRACY ARM
2008-08-05T01:11:20,AMSTERDAM,244370000,57.31386,-133.9008083,0,217,13.7,215,9188037,PBAD,TRACY ARM
2008-08-05T01:34:00,AMSTERDAM,244370000,57.243765,-133.996175,0,217,13.7,214,9188037,PBAD,TRACY ARM
2008-08-05T01:46:56,AMSTERDAM,244370000,57.20335333,-134.0495417,0,217,13.8,215,9188037,PBAD,SITKA
2008-08-05T01:44:45,AMSTERDAM,244370000,57.21003167,-134.04044,0,216,13.8,216,9188037,PBAD,SITKA
2008-08-05T01:43:36,AMSTERDAM,244370000,57.21372,-134.03558,0,215,13.8,215,9188037,PBAD,SITKA
2008-08-05T01:42:15,AMSTERDAM,244370000,57.21795333,-134.0302117,0,215,13.9,215,9188037,PBAD,SITKA
2008-08-05T01:39:14,AMSTERDAM,244370000,57.22741333,-134.017875,0,215,13.9,216,9188037,PBAD,TRACY ARM
2008-08-05T01:37:02,AMSTERDAM,244370000,57.23443667,-134.00881,0,214,14.0,215,9188037,PBAD,TRACY ARM
2008-08-05T02:10:34,AMSTERDAM,244370000,57.13402667,-134.1461083,0,218,12.9,216,9188037,PBAD,SITKA
2008-08-05T02:09:26,AMSTERDAM,244370000,57.13737167,-134.1414183,0,216,13.1,215,9188037,PBAD,SITKA
2008-08-05T02:08:44,AMSTERDAM,244370000,57.13935333,-134.1388167,0,216,13.2,213,9188037,PBAD,SITKA
2008-08-05T02:07:15,AMSTERDAM,244370000,57.14354,-134.13272,0,219,12.8,217,9188037,PBAD,SITKA
2008-08-05T02:07:56,AMSTERDAM,244370000,57.14176,-134.1354267,0,220,12.9,216,9188037,PBAD,SITKA
2008-08-05T02:06:15,AMSTERDAM,244370000,57.146405,-134.1288167,0,215,13.0,214,9188037,PBAD,SITKA
2008-08-05T02:05:07,AMSTERDAM,244370000,57.149845,-134.1243417,0,216,13.1,213,9188037,PBAD,SITKA
2008-08-05T02:20:45,AMSTERDAM,244370000,57.104235,-134.1880483,0,217,13.6,215,9188037,PBAD,SITKA
2008-08-05T02:17:16,AMSTERDAM,244370000,57.11461667,-134.173685,0,216,13.4,215,9188037,PBAD,SITKA
2008-08-05T02:15:54,AMSTERDAM,244370000,57.11863833,-134.16817,0,217,13.4,215,9188037,PBAD,SITKA
2008-08-05T02:12:55,AMSTERDAM,244370000,57.12748833,-134.1557033,0,217,13.2,214,9188037,PBAD,SITKA
2008-08-05T02:11:36,AMSTERDAM,244370000,57.13124333,-134.1502883,0,219,13.0,215,9188037,PBAD,SITKA
2008-08-05T02:46:07,AMSTERDAM,244370000,57.02645,-134.29768,0,219,13.9,215,9188037,PBAD,SITKA
2008-08-05T02:42:41,AMSTERDAM,244370000,57.03681167,-134.2825317,0,219,14.0,215,9188037,PBAD,SITKA
2008-08-05T02:40:20,AMSTERDAM,244370000,57.04384833,-134.2722667,0,218,14.1,215,9188037,PBAD,SITKA
2008-08-05T02:40:50,AMSTERDAM,244370000,57.042305,-134.27449,0,219,14.2,216,9188037,PBAD,SITKA
2008-08-05T02:50:01,AMSTERDAM,244370000,57.014665,-134.31513,0,219,13.9,215,9188037,PBAD,SITKA
2008-08-05T23:56:32,AMSTERDAM,244370000,57.03589333,-135.3014417,1,100,0.0,274,9188037,PBAD,SITKA
2008-08-05T23:53:32,AMSTERDAM,244370000,57.03591833,-135.3015017,1,143,0.0,273,9188037,PBAD,SITKA
2008-08-05T23:47:32,AMSTERDAM,244370000,57.035945,-135.3015233,1,92,0.0,270,9188037,PBAD,SITKA
2008-08-05T23:41:32,AMSTERDAM,244370000,57.035925,-135.3015417,1,269,0.0,267,9188037,PBAD,SITKA
2008-08-05T23:35:32,AMSTERDAM,244370000,57.03596833,-135.3015667,1,277,0.0,267,9188037,PBAD,SITKA
2008-08-05T23:29:32,AMSTERDAM,244370000,57.03599667,-135.3014717,1,244,0.1,267,9188037,PBAD,SITKA
2008-08-05T23:23:32,AMSTERDAM,244370000,57.03603833,-135.3015017,1,96,0.1,268,9188037,PBAD,SITKA
2008-08-05T23:17:32,AMSTERDAM,244370000,57.03606333,-135.30172,1,87,0.1,272,9188037,PBAD,SITKA
2008-08-05T23:14:32,AMSTERDAM,244370000,57.03605667,-135.3018017,1,82,0.1,273,9188037,PBAD,SITKA
2008-08-05T23:11:32,AMSTERDAM,244370000,57.03604,-135.301845,1,339,0.0,274,9188037,PBAD,SITKA
2008-08-05T23:05:32,AMSTERDAM,244370000,57.03598,-135.3017883,1,292,0.0,275,9188037,PBAD,SITKA
2008-08-05T22:59:32,AMSTERDAM,244370000,57.03598,-135.3016617,1,283,0.1,277,9188037,PBAD,SITKA
2008-08-05T22:53:32,AMSTERDAM,244370000,57.035965,-135.3015217,1,285,0.0,278,9188037,PBAD,SITKA
2008-08-05T22:50:32,AMSTERDAM,244370000,57.03597,-135.3015067,1,292,0.0,277,9188037,PBAD,SITKA
2008-08-05T22:47:32,AMSTERDAM,244370000,57.03596333,-135.3015267,1,23,0.0,275,9188037,PBAD,SITKA
2008-08-05T22:41:32,AMSTERDAM,244370000,57.035935,-135.3016383,1,113,0.0,269,9188037,PBAD,SITKA
2008-08-05T22:38:31,AMSTERDAM,244370000,57.03594,-135.3016217,1,239,0.0,266,9188037,PBAD,SITKA
2008-08-05T22:35:32,AMSTERDAM,244370000,57.03594333,-135.3016017,1,199,0.0,262,9188037,PBAD,SITKA
2008-08-05T22:29:32,AMSTERDAM,244370000,57.03604667,-135.3014617,1,217,0.1,257,9188037,PBAD,SITKA
2008-08-05T22:20:32,AMSTERDAM,244370000,57.03618333,-135.3013167,1,126,0.0,263,9188037,PBAD,SITKA
2008-08-05T22:17:32,AMSTERDAM,244370000,57.036195,-135.3013433,1,44,0.0,267,9188037,PBAD,SITKA
2008-08-05T22:11:32,AMSTERDAM,244370000,57.03618,-135.30145,1,45,0.1,271,9188037,PBAD,SITKA
2008-08-05T22:05:32,AMSTERDAM,244370000,57.03612167,-135.3015283,1,136,0.1,273,9188037,PBAD,SITKA
2008-08-05T21:59:32,AMSTERDAM,244370000,57.036115,-135.3015033,1,303,0.1,276,9188037,PBAD,SITKA
2008-08-05T21:53:32,AMSTERDAM,244370000,57.03608833,-135.3014117,1,297,0.1,278,9188037,PBAD,SITKA
2008-08-05T21:47:32,AMSTERDAM,244370000,57.03602667,-135.3013467,1,328,0.1,275,9188037,PBAD,SITKA
2008-08-05T21:41:32,AMSTERDAM,244370000,57.03598167,-135.301325,1,327,0.1,269,9188037,PBAD,SITKA
2008-08-05T21:35:32,AMSTERDAM,244370000,57.03600833,-135.3015267,1,130,0.1,264,9188037,PBAD,SITKA
2008-08-05T21:29:32,AMSTERDAM,244370000,57.03607667,-135.3016633,1,161,0.0,262,9188037,PBAD,SITKA
2008-08-05T21:23:32,AMSTERDAM,244370000,57.036135,-135.3015433,1,237,0.1,261,9188037,PBAD,SITKA
2008-08-05T21:17:32,AMSTERDAM,244370000,57.03619333,-135.30129,1,249,0.1,263,9188037,PBAD,SITKA
2008-08-05T21:11:32,AMSTERDAM,244370000,57.03617333,-135.301215,1,107,0.1,263,9188037,PBAD,SITKA
2008-08-05T21:08:31,AMSTERDAM,244370000,57.03619333,-135.301385,1,92,0.1,267,9188037,PBAD,SITKA
2008-08-05T21:02:32,AMSTERDAM,244370000,57.03619667,-135.3016333,1,118,0.1,276,9188037,PBAD,SITKA
2008-08-05T20:59:32,AMSTERDAM,244370000,57.03620167,-135.3016767,1,328,0.0,280,9188037,PBAD,SITKA
2008-08-05T20:53:32,AMSTERDAM,244370000,57.03615167,-135.301655,1,11,0.1,287,9188037,PBAD,SITKA
2008-08-05T20:50:31,AMSTERDAM,244370000,57.03606333,-135.301705,1,22,0.1,285,9188037,PBAD,SITKA
2008-08-05T20:41:32,AMSTERDAM,244370000,57.03591167,-135.3016133,1,277,0.1,278,9188037,PBAD,SITKA
2008-08-05T20:35:32,AMSTERDAM,244370000,57.03594833,-135.3013917,1,247,0.1,275,9188037,PBAD,SITKA
2008-08-05T20:32:32,AMSTERDAM,244370000,57.035955,-135.30137,1,90,0.0,273,9188037,PBAD,SITKA
2008-08-05T20:26:32,AMSTERDAM,244370000,57.035965,-135.3014033,1,281,0.0,268,9188037,PBAD,SITKA
2008-08-05T20:23:32,AMSTERDAM,244370000,57.03597667,-135.3014067,1,268,0.0,266,9188037,PBAD,SITKA
2008-08-05T20:17:32,AMSTERDAM,244370000,57.03599667,-135.3013533,1,116,0.0,263,9188037,PBAD,SITKA
2008-08-05T20:11:32,AMSTERDAM,244370000,57.03603167,-135.3014617,1,80,0.0,262,9188037,PBAD,SITKA
2008-08-05T20:05:32,AMSTERDAM,244370000,57.03607333,-135.30147,1,227,0.0,264,9188037,PBAD,SITKA
2008-08-05T19:59:32,AMSTERDAM,244370000,57.03606833,-135.3014183,1,332,0.0,264,9188037,PBAD,SITKA
2008-08-05T19:53:32,AMSTERDAM,244370000,57.03604167,-135.3014383,1,80,0.0,261,9188037,PBAD,SITKA
2008-08-05T19:47:32,AMSTERDAM,244370000,57.03606667,-135.301435,1,201,0.0,261,9188037,PBAD,SITKA
2008-08-05T19:41:32,AMSTERDAM,244370000,57.03610167,-135.30139,1,244,0.0,263,9188037,PBAD,SITKA
2008-08-05T19:35:32,AMSTERDAM,244370000,57.03612167,-135.3014083,1,54,0.0,267,9188037,PBAD,SITKA
2008-08-05T19:29:32,AMSTERDAM,244370000,57.03611,-135.3014883,1,115,0.0,269,9188037,PBAD,SITKA
2008-08-05T19:23:32,AMSTERDAM,244370000,57.03609167,-135.3015,1,327,0.0,271,9188037,PBAD,SITKA
2008-08-05T19:17:32,AMSTERDAM,244370000,57.03608333,-135.3014817,1,341,0.0,274,9188037,PBAD,SITKA
2008-08-05T19:08:32,AMSTERDAM,244370000,57.03605,-135.3014517,1,323,0.0,274,9188037,PBAD,SITKA
2008-08-05T19:02:32,AMSTERDAM,244370000,57.03603167,-135.3014033,1,243,0.0,268,9188037,PBAD,SITKA
2008-08-05T18:59:32,AMSTERDAM,244370000,57.03601667,-135.301385,1,105,0.0,263,9188037,PBAD,SITKA
2008-08-05T18:56:32,AMSTERDAM,244370000,57.03603333,-135.3014,1,144,0.0,258,9188037,PBAD,SITKA
2008-08-05T18:53:32,AMSTERDAM,244370000,57.03605667,-135.3014383,1,134,0.1,252,9188037,PBAD,SITKA
2008-08-05T18:50:31,AMSTERDAM,244370000,57.036075,-135.3014917,1,340,0.1,245,9188037,PBAD,SITKA
2008-08-05T18:47:32,AMSTERDAM,244370000,57.03611833,-135.3015467,1,176,0.1,238,9188037,PBAD,SITKA
2008-08-05T18:44:31,AMSTERDAM,244370000,57.03617167,-135.3015683,1,160,0.1,232,9188037,PBAD,SITKA
2008-08-05T18:41:32,AMSTERDAM,244370000,57.036245,-135.30165,1,156,0.1,228,9188037,PBAD,SITKA
2008-08-05T18:35:32,AMSTERDAM,244370000,57.03639833,-135.3017767,1,218,0.2,224,9188037,PBAD,SITKA
2008-08-05T18:29:32,AMSTERDAM,244370000,57.03653833,-135.3018883,1,231,0.0,221,9188037,PBAD,SITKA
2008-08-05T18:23:32,AMSTERDAM,244370000,57.03659167,-135.30193,1,243,0.0,220,9188037,PBAD,SITKA
2008-08-05T18:17:32,AMSTERDAM,244370000,57.03657833,-135.3021,1,98,0.0,222,9188037,PBAD,SITKA
2008-08-05T18:11:32,AMSTERDAM,244370000,57.03656833,-135.3021767,1,140,0.0,224,9188037,PBAD,SITKA
2008-08-05T18:05:32,AMSTERDAM,244370000,57.036595,-135.3021733,1,250,0.0,227,9188037,PBAD,SITKA
2008-08-05T17:59:32,AMSTERDAM,244370000,57.03661833,-135.3021717,1,207,0.0,231,9188037,PBAD,SITKA
2008-08-05T17:53:32,AMSTERDAM,244370000,57.03664667,-135.3020817,1,284,0.0,232,9188037,PBAD,SITKA
2008-08-05T17:47:32,AMSTERDAM,244370000,57.03661167,-135.3020783,1,33,0.0,229,9188037,PBAD,SITKA
2008-08-05T17:41:32,AMSTERDAM,244370000,57.03655,-135.30223,1,55,0.1,226,9188037,PBAD,SITKA
2008-08-05T17:35:32,AMSTERDAM,244370000,57.03655,-135.3022833,1,192,0.0,223,9188037,PBAD,SITKA
2008-08-05T17:29:32,AMSTERDAM,244370000,57.03666833,-135.3021733,1,223,0.1,220,9188037,PBAD,SITKA
2008-08-05T17:26:32,AMSTERDAM,244370000,57.03674667,-135.3020867,1,207,0.1,216,9188037,PBAD,SITKA
2008-08-05T17:23:32,AMSTERDAM,244370000,57.03683,-135.302025,1,195,0.1,212,9188037,PBAD,SITKA
2008-08-05T17:20:31,AMSTERDAM,244370000,57.03689333,-135.3020433,1,135,0.1,209,9188037,PBAD,SITKA
2008-08-05T17:17:32,AMSTERDAM,244370000,57.03686,-135.302115,1,27,0.1,204,9188037,PBAD,SITKA
2008-08-05T17:14:32,AMSTERDAM,244370000,57.03678,-135.3022017,1,31,0.1,198,9188037,PBAD,SITKA
2008-08-05T17:11:32,AMSTERDAM,244370000,57.036725,-135.30225,1,213,0.0,191,9188037,PBAD,SITKA
2008-08-05T17:08:31,AMSTERDAM,244370000,57.0367,-135.30229,1,92,0.0,184,9188037,PBAD,SITKA
2008-08-05T17:05:32,AMSTERDAM,244370000,57.03673167,-135.302345,1,144,0.1,179,9188037,PBAD,SITKA
2008-08-05T17:02:32,AMSTERDAM,244370000,57.03678333,-135.3024217,1,128,0.1,174,9188037,PBAD,SITKA
2008-08-05T16:59:32,AMSTERDAM,244370000,57.03682667,-135.3025567,1,107,0.1,170,9188037,PBAD,SITKA
2008-08-05T16:56:32,AMSTERDAM,244370000,57.03683,-135.3026683,1,69,0.1,165,9188037,PBAD,SITKA
2008-08-05T16:53:32,AMSTERDAM,244370000,57.03679,-135.3027817,1,56,0.1,160,9188037,PBAD,SITKA
2008-08-05T16:50:32,AMSTERDAM,244370000,57.03675667,-135.30289,1,65,0.1,155,9188037,PBAD,SITKA
2008-08-05T16:47:32,AMSTERDAM,244370000,57.036735,-135.3029433,1,27,0.1,150,9188037,PBAD,SITKA
2008-08-05T16:44:31,AMSTERDAM,244370000,57.03669833,-135.3029817,1,43,0.0,145,9188037,PBAD,SITKA
2008-08-05T16:38:32,AMSTERDAM,244370000,57.036675,-135.3030983,1,86,0.0,137,9188037,PBAD,SITKA
2008-08-05T16:35:32,AMSTERDAM,244370000,57.03666333,-135.3031533,1,70,0.0,133,9188037,PBAD,SITKA
2008-08-05T16:32:31,AMSTERDAM,244370000,57.03664833,-135.30317,1,42,0.0,128,9188037,PBAD,SITKA
2008-08-05T16:26:32,AMSTERDAM,244370000,57.03661167,-135.30314,1,285,0.0,122,9188037,PBAD,SITKA
2008-08-05T16:20:32,AMSTERDAM,244370000,57.03662167,-135.30318,1,96,0.1,115,9188037,PBAD,SITKA
2008-08-05T16:17:32,AMSTERDAM,244370000,57.03662167,-135.3032867,1,87,0.1,113,9188037,PBAD,SITKA
2008-08-05T16:11:32,AMSTERDAM,244370000,57.036635,-135.3035683,1,85,0.1,109,9188037,PBAD,SITKA
2008-08-05T16:08:32,AMSTERDAM,244370000,57.03663,-135.3037033,1,80,0.1,106,9188037,PBAD,SITKA
2008-08-05T16:05:32,AMSTERDAM,244370000,57.03661667,-135.3037517,1,42,0.0,102,9188037,PBAD,SITKA
2008-08-05T16:02:32,AMSTERDAM,244370000,57.03660167,-135.3037333,1,291,0.0,98,9188037,PBAD,SITKA
2008-08-05T15:59:32,AMSTERDAM,244370000,57.03657333,-135.3036433,1,293,0.1,93,9188037,PBAD,SITKA
2008-08-05T15:56:32,AMSTERDAM,244370000,57.03654667,-135.3035467,1,297,0.1,88,9188037,PBAD,SITKA
2008-08-05T15:53:32,AMSTERDAM,244370000,57.036515,-135.3035217,1,37,0.1,82,9188037,PBAD,SITKA
2008-08-05T15:47:32,AMSTERDAM,244370000,57.036385,-135.30372,1,57,0.1,77,9188037,PBAD,SITKA
2008-08-05T15:41:32,AMSTERDAM,244370000,57.03628667,-135.3039883,1,36,0.0,73,9188037,PBAD,SITKA
2008-08-05T15:38:31,AMSTERDAM,244370000,57.03629,-135.3039367,1,259,0.1,69,9188037,PBAD,SITKA
2008-08-05T15:32:32,AMSTERDAM,244370000,57.03629333,-135.30359,1,272,0.1,65,9188037,PBAD,SITKA
2008-08-05T15:29:32,AMSTERDAM,244370000,57.03629333,-135.3034183,1,282,0.1,61,9188037,PBAD,SITKA
2008-08-05T15:26:32,AMSTERDAM,244370000,57.03627333,-135.3033017,1,307,0.0,56,9188037,PBAD,SITKA
2008-08-05T15:23:32,AMSTERDAM,244370000,57.03623833,-135.3033583,1,57,0.1,48,9188037,PBAD,SITKA
2008-08-05T15:20:32,AMSTERDAM,244370000,57.03612167,-135.3035667,1,47,0.2,40,9188037,PBAD,SITKA
2008-08-05T15:17:29,AMSTERDAM,244370000,57.035945,-135.3037533,1,44,0.3,34,9188037,PBAD,SITKA
2008-08-05T15:11:32,AMSTERDAM,244370000,57.03558333,-135.3038617,1,240,0.1,35,9188037,PBAD,SITKA
2008-08-05T15:08:24,AMSTERDAM,244370000,57.03576,-135.30345,0,231,0.4,37,9188037,PBAD,SITKA
2008-08-05T15:08:31,AMSTERDAM,244370000,57.03575,-135.3034717,1,233,0.4,37,9188037,PBAD,SITKA
2008-08-05T15:05:23,AMSTERDAM,244370000,57.03589833,-135.3030933,0,241,0.3,37,9188037,PBAD,SITKA
2008-08-05T15:04:23,AMSTERDAM,244370000,57.03599667,-135.3028517,0,235,0.8,39,9188037,PBAD,SITKA
2008-08-05T15:04:33,AMSTERDAM,244370000,57.03597333,-135.302905,0,243,1.1,39,9188037,PBAD,SITKA
2008-08-05T15:04:43,AMSTERDAM,244370000,57.03595667,-135.302945,0,232,0.8,38,9188037,PBAD,SITKA
2008-08-05T15:02:03,AMSTERDAM,244370000,57.03617333,-135.30246,0,220,0.5,41,9188037,PBAD,SITKA
2008-08-05T15:02:13,AMSTERDAM,244370000,57.03616,-135.302475,0,204,0.4,42,9188037,PBAD,SITKA
2008-08-05T15:01:43,AMSTERDAM,244370000,57.03620167,-135.3023967,0,242,0.6,41,9188037,PBAD,SITKA
2008-08-05T15:01:53,AMSTERDAM,244370000,57.03619,-135.3024333,0,234,0.5,41,9188037,PBAD,SITKA
2008-08-05T15:00:13,AMSTERDAM,244370000,57.03626167,-135.3021317,0,41,0.3,45,9188037,PBAD,SITKA
2008-08-05T15:00:03,AMSTERDAM,244370000,57.03625,-135.302145,0,45,0.6,45,9188037,PBAD,SITKA
2008-08-05T14:57:03,AMSTERDAM,244370000,57.03599833,-135.3026533,0,24,0.4,45,9188037,PBAD,SITKA
2008-08-05T14:56:53,AMSTERDAM,244370000,57.03598333,-135.3026667,0,17,0.5,45,9188037,PBAD,SITKA
2008-08-05T14:56:34,AMSTERDAM,244370000,57.03593167,-135.30271,0,33,0.8,45,9188037,PBAD,SITKA
2008-08-05T14:55:23,AMSTERDAM,244370000,57.03562167,-135.3031633,0,39,1.4,46,9188037,PBAD,SITKA
2008-08-05T14:54:12,AMSTERDAM,244370000,57.035305,-135.3036967,0,43,1.2,47,9188037,PBAD,SITKA
2008-08-05T14:54:03,AMSTERDAM,244370000,57.03526333,-135.3037733,0,48,1.2,47,9188037,PBAD,SITKA
2008-08-05T14:53:43,AMSTERDAM,244370000,57.035175,-135.3039233,0,42,1.4,46,9188037,PBAD,SITKA
2008-08-05T14:53:33,AMSTERDAM,244370000,57.03512167,-135.3040133,0,35,1.4,46,9188037,PBAD,SITKA
2008-08-05T14:52:33,AMSTERDAM,244370000,57.03476333,-135.3045367,0,41,1.9,47,9188037,PBAD,SITKA
2008-08-05T14:52:23,AMSTERDAM,244370000,57.0347,-135.30463,0,37,2.1,47,9188037,PBAD,SITKA
2008-08-05T14:52:12,AMSTERDAM,244370000,57.03461167,-135.3047567,0,41,2.3,47,9188037,PBAD,SITKA
2008-08-05T14:51:54,AMSTERDAM,244370000,57.034445,-135.3050067,0,41,2.7,47,9188037,PBAD,SITKA
2008-08-05T14:51:12,AMSTERDAM,244370000,57.033985,-135.3056833,0,37,3.5,46,9188037,PBAD,SITKA
2008-08-05T14:50:33,AMSTERDAM,244370000,57.03343667,-135.3064767,0,38,4.2,42,9188037,PBAD,SITKA
2008-08-05T14:50:03,AMSTERDAM,244370000,57.03295667,-135.3071017,0,34,4.4,39,9188037,PBAD,SITKA
2008-08-05T14:49:43,AMSTERDAM,244370000,57.03262333,-135.3074983,0,31,4.6,35,9188037,PBAD,SITKA
2008-08-05T14:49:33,AMSTERDAM,244370000,57.03241667,-135.3077267,0,30,4.7,33,9188037,PBAD,SITKA
2008-08-05T14:49:03,AMSTERDAM,244370000,57.031815,-135.308335,0,27,5.0,29,9188037,PBAD,SITKA
2008-08-05T14:47:03,AMSTERDAM,244370000,57.02901,-135.3107383,0,25,6.1,27,9188037,PBAD,SITKA
2008-08-05T14:46:23,AMSTERDAM,244370000,57.02796,-135.311585,0,23,6.3,26,9188037,PBAD,SITKA
2008-08-05T14:44:03,AMSTERDAM,244370000,57.02406667,-135.3142617,0,21,6.6,22,9188037,PBAD,SITKA
2008-08-05T14:43:13,AMSTERDAM,244370000,57.02266167,-135.31526,0,23,6.6,23,9188037,PBAD,SITKA
2008-08-05T14:42:23,AMSTERDAM,244370000,57.02126667,-135.3164317,0,26,6.7,25,9188037,PBAD,SITKA
2008-08-05T14:41:53,AMSTERDAM,244370000,57.02046167,-135.3172133,0,30,6.8,26,9188037,PBAD,SITKA
2008-08-05T14:41:32,AMSTERDAM,244370000,57.01989833,-135.31785,0,36,7.0,31,9188037,PBAD,SITKA
2008-08-05T14:41:23,AMSTERDAM,244370000,57.01963167,-135.318205,0,38,7.0,34,9188037,PBAD,SITKA
2008-08-05T14:41:03,AMSTERDAM,244370000,57.01912,-135.3189967,0,43,7.2,39,9188037,PBAD,SITKA
2008-08-05T14:40:42,AMSTERDAM,244370000,57.01865333,-135.31985,0,48,7.5,44,9188037,PBAD,SITKA
2008-08-05T14:40:32,AMSTERDAM,244370000,57.018425,-135.320335,0,51,7.6,46,9188037,PBAD,SITKA
2008-08-05T14:40:13,AMSTERDAM,244370000,57.01801333,-135.321335,0,56,7.8,52,9188037,PBAD,SITKA
2008-08-05T14:39:52,AMSTERDAM,244370000,57.01762667,-135.322465,0,61,8.0,57,9188037,PBAD,SITKA
2008-08-05T14:39:32,AMSTERDAM,244370000,57.01728833,-135.323675,0,66,8.1,62,9188037,PBAD,SITKA
2008-08-05T14:39:23,AMSTERDAM,244370000,57.01715667,-135.3242417,0,68,8.2,64,9188037,PBAD,SITKA
2008-08-05T14:39:02,AMSTERDAM,244370000,57.01688667,-135.32561,0,73,8.3,69,9188037,PBAD,SITKA
2008-08-05T14:38:43,AMSTERDAM,244370000,57.01668333,-135.326965,0,77,8.4,74,9188037,PBAD,SITKA
2008-08-05T14:38:23,AMSTERDAM,244370000,57.01653833,-135.3282933,0,81,8.5,79,9188037,PBAD,SITKA
2008-08-05T14:38:02,AMSTERDAM,244370000,57.016415,-135.329795,0,82,8.6,81,9188037,PBAD,SITKA
2008-08-05T14:37:02,AMSTERDAM,244370000,57.016185,-135.3342,0,86,8.9,85,9188037,PBAD,SITKA
2008-08-05T14:34:02,AMSTERDAM,244370000,57.01560833,-135.3483933,0,86,9.8,85,9188037,PBAD,SITKA
2008-08-05T14:32:13,AMSTERDAM,244370000,57.01519167,-135.3579467,0,85,10.9,85,9188037,PBAD,SITKA
2008-08-05T14:29:23,AMSTERDAM,244370000,57.01447667,-135.37381,0,85,11.1,85,9188037,PBAD,SITKA
2008-08-05T14:28:23,AMSTERDAM,244370000,57.01418167,-135.37941,0,83,11.1,84,9188037,PBAD,SITKA
2008-08-05T14:25:44,AMSTERDAM,244370000,57.012905,-135.3941367,0,81,11.1,80,9188037,PBAD,SITKA
2008-08-05T14:22:44,AMSTERDAM,244370000,57.011495,-135.4108917,0,82,11.1,80,9188037,PBAD,SITKA
2008-08-05T14:19:42,AMSTERDAM,244370000,57.01019,-135.4278717,0,82,11.1,80,9188037,PBAD,SITKA
2008-08-05T14:18:54,AMSTERDAM,244370000,57.009815,-135.432335,0,80,11.1,80,9188037,PBAD,SITKA
2008-08-05T14:18:42,AMSTERDAM,244370000,57.00971,-135.4334467,0,79,11.1,79,9188037,PBAD,SITKA
2008-08-05T14:17:54,AMSTERDAM,244370000,57.00918167,-135.4378633,0,77,11.1,75,9188037,PBAD,SITKA
2008-08-05T14:16:54,AMSTERDAM,244370000,57.00845833,-135.4433517,0,76,11.1,75,9188037,PBAD,SITKA
2008-08-05T14:16:22,AMSTERDAM,244370000,57.00803667,-135.4461633,0,73,11.1,74,9188037,PBAD,SITKA
2008-08-05T14:15:54,AMSTERDAM,244370000,57.00755667,-135.4487533,0,69,11.2,69,9188037,PBAD,SITKA
2008-08-05T14:15:22,AMSTERDAM,244370000,57.00693167,-135.4514467,0,64,11.2,64,9188037,PBAD,SITKA
2008-08-05T14:14:12,AMSTERDAM,244370000,57.00525667,-135.4572933,0,61,11.2,60,9188037,PBAD,SITKA
2008-08-05T14:13:32,AMSTERDAM,244370000,57.004245,-135.4605717,0,59,11.2,59,9188037,PBAD,SITKA
2008-08-05T14:13:03,AMSTERDAM,244370000,57.00341833,-135.4629583,0,55,11.1,55,9188037,PBAD,SITKA
2008-08-05T14:12:53,AMSTERDAM,244370000,57.00312167,-135.46373,0,55,11.2,54,9188037,PBAD,SITKA
2008-08-05T14:11:23,AMSTERDAM,244370000,57.000305,-135.4704317,0,52,11.1,50,9188037,PBAD,SITKA
2008-08-05T03:20:53,AMSTERDAM,244370000,56.91760667,-134.44581,0,215,14.2,210,9188037,PBAD,SITKA
2008-08-05T03:17:23,AMSTERDAM,244370000,56.92909667,-134.4313833,0,215,14.4,210,9188037,PBAD,SITKA
2008-08-05T03:14:17,AMSTERDAM,244370000,56.93920667,-134.418565,0,215,14.2,210,9188037,PBAD,SITKA
2008-08-05T03:11:05,AMSTERDAM,244370000,56.949475,-134.4053433,0,215,14.1,210,9188037,PBAD,SITKA
2008-08-05T03:25:17,AMSTERDAM,244370000,56.90354667,-134.4628583,0,211,13.7,206,9188037,PBAD,SITKA
2008-08-05T03:25:58,AMSTERDAM,244370000,56.90131167,-134.4651617,0,208,13.5,203,9188037,PBAD,SITKA
2008-08-05T03:23:35,AMSTERDAM,244370000,56.90893333,-134.456485,0,214,13.9,210,9188037,PBAD,SITKA
2008-08-05T03:54:07,AMSTERDAM,244370000,56.80162,-134.479495,0,180,13.0,181,9188037,PBAD,SITKA
2008-08-05T03:50:29,AMSTERDAM,244370000,56.814695,-134.4796767,0,180,12.8,182,9188037,PBAD,SITKA
2008-08-05T03:47:28,AMSTERDAM,244370000,56.82527833,-134.4801917,0,178,12.6,181,9188037,PBAD,SITKA
2008-08-05T03:45:18,AMSTERDAM,244370000,56.83284,-134.4805717,0,179,12.6,182,9188037,PBAD,SITKA
2008-08-05T03:42:18,AMSTERDAM,244370000,56.84333167,-134.4809433,0,179,12.6,181,9188037,PBAD,SITKA
2008-08-05T03:41:17,AMSTERDAM,244370000,56.84680833,-134.4810567,0,179,12.5,181,9188037,PBAD,SITKA
2008-08-05T03:40:38,AMSTERDAM,244370000,56.84907,-134.4810667,0,181,12.6,181,9188037,PBAD,SITKA
2008-08-05T13:04:23,AMSTERDAM,244370000,56.84655667,-135.7119517,0,19,11.4,17,9188037,PBAD,SITKA
2008-08-05T13:01:43,AMSTERDAM,244370000,56.83864167,-135.717055,0,20,11.2,18,9188037,PBAD,SITKA
2008-08-05T13:00:53,AMSTERDAM,244370000,56.83625833,-135.7186267,0,20,11.3,18,9188037,PBAD,SITKA
2008-08-05T12:57:53,AMSTERDAM,244370000,56.82749,-135.7245583,0,20,10.9,19,9188037,PBAD,SITKA
2008-08-05T12:57:32,AMSTERDAM,244370000,56.82652833,-135.725215,0,21,11.1,19,9188037,PBAD,SITKA
2008-08-05T12:54:24,AMSTERDAM,244370000,56.81746,-135.731425,0,22,11.3,19,9188037,PBAD,SITKA
2008-08-05T12:53:43,AMSTERDAM,244370000,56.81549,-135.7327933,0,21,11.1,19,9188037,PBAD,SITKA
2008-08-05T12:50:43,AMSTERDAM,244370000,56.80684167,-135.73879,0,20,11.1,19,9188037,PBAD,SITKA
2008-08-05T04:21:00,AMSTERDAM,244370000,56.70133667,-134.4894417,0,184,13.3,181,9188037,PBAD,SITKA
2008-08-05T04:18:08,AMSTERDAM,244370000,56.71179167,-134.4881617,0,183,13.3,181,9188037,PBAD,SITKA
2008-08-05T04:15:38,AMSTERDAM,244370000,56.72114833,-134.48714,0,184,13.6,181,9188037,PBAD,SITKA
2008-08-05T04:13:58,AMSTERDAM,244370000,56.72745833,-134.486365,0,184,13.8,181,9188037,PBAD,SITKA
2008-08-05T04:12:48,AMSTERDAM,244370000,56.73192333,-134.4857533,0,184,13.9,181,9188037,PBAD,SITKA
2008-08-05T04:10:07,AMSTERDAM,244370000,56.74219,-134.484475,0,184,13.8,181,9188037,PBAD,SITKA
2008-08-05T13:47:13,AMSTERDAM,244370000,56.949695,-135.5665383,0,41,10.8,40,9188037,PBAD,SITKA
2008-08-05T13:44:12,AMSTERDAM,244370000,56.94295,-135.5771833,0,41,10.8,40,9188037,PBAD,SITKA
2008-08-05T13:43:03,AMSTERDAM,244370000,56.94035667,-135.5813,0,41,10.8,40,9188037,PBAD,SITKA
2008-08-05T13:39:53,AMSTERDAM,244370000,56.933085,-135.5928,0,41,10.9,40,9188037,PBAD,SITKA
2008-08-05T13:36:44,AMSTERDAM,244370000,56.92583333,-135.6041967,0,41,11.0,40,9188037,PBAD,SITKA
2008-08-05T13:33:33,AMSTERDAM,244370000,56.91842833,-135.615785,0,40,11.1,40,9188037,PBAD,SITKA
2008-08-05T13:32:02,AMSTERDAM,244370000,56.91491667,-135.6212733,0,41,11.1,40,9188037,PBAD,SITKA
2008-08-05T13:29:02,AMSTERDAM,244370000,56.907915,-135.6322583,0,41,11.0,40,9188037,PBAD,SITKA
2008-08-05T13:28:02,AMSTERDAM,244370000,56.90561,-135.635955,0,42,11.1,41,9188037,PBAD,SITKA
2008-08-05T13:27:53,AMSTERDAM,244370000,56.90527,-135.6365183,0,43,11.0,42,9188037,PBAD,SITKA
2008-08-05T13:26:53,AMSTERDAM,244370000,56.903085,-135.6404383,0,46,11.0,46,9188037,PBAD,SITKA
2008-08-05T12:30:43,AMSTERDAM,244370000,56.74917167,-135.777685,0,20,11.0,18,9188037,PBAD,SITKA
2008-08-05T12:29:24,AMSTERDAM,244370000,56.7454,-135.7802217,0,20,11.0,18,9188037,PBAD,SITKA
2008-08-05T12:26:24,AMSTERDAM,244370000,56.73678167,-135.7860033,0,20,11.1,18,9188037,PBAD,SITKA
2008-08-05T12:23:23,AMSTERDAM,244370000,56.72807667,-135.7919117,0,20,11.2,18,9188037,PBAD,SITKA
2008-08-05T12:20:23,AMSTERDAM,244370000,56.71934167,-135.797875,0,21,11.3,19,9188037,PBAD,SITKA
2008-08-05T12:19:04,AMSTERDAM,244370000,56.71548,-135.8005017,0,20,11.2,19,9188037,PBAD,SITKA
2008-08-05T12:16:03,AMSTERDAM,244370000,56.70656167,-135.8064167,0,20,11.4,18,9188037,PBAD,SITKA
2008-08-05T12:14:03,AMSTERDAM,244370000,56.70061,-135.8102733,0,19,11.4,17,9188037,PBAD,SITKA
2008-08-05T02:56:09,AMSTERDAM,244370000,56.99622333,-134.3423633,0,219,14.0,215,9188037,PBAD,SITKA
2008-08-05T03:07:29,AMSTERDAM,244370000,56.96095167,-134.3907217,0,215,14.0,210,9188037,PBAD,SITKA
2008-08-05T03:07:59,AMSTERDAM,244370000,56.95936,-134.3927517,0,215,14.0,210,9188037,PBAD,SITKA
2008-08-05T03:03:53,AMSTERDAM,244370000,56.972415,-134.3760917,0,214,14.0,210,9188037,PBAD,SITKA
2008-08-05T03:02:18,AMSTERDAM,244370000,56.97753167,-134.3696033,0,215,14.0,210,9188037,PBAD,SITKA
2008-08-05T03:01:29,AMSTERDAM,244370000,56.98005667,-134.3662733,0,217,14.1,211,9188037,PBAD,SITKA
2008-08-05T02:58:53,AMSTERDAM,244370000,56.987955,-134.354715,0,219,14.0,215,9188037,PBAD,SITKA
2008-08-05T14:08:12,AMSTERDAM,244370000,56.99432333,-135.48457,0,52,11.0,50,9188037,PBAD,SITKA
2008-08-05T14:06:42,AMSTERDAM,244370000,56.99154167,-135.491075,0,51,11.0,50,9188037,PBAD,SITKA
2008-08-05T14:05:52,AMSTERDAM,244370000,56.9899,-135.4947167,0,49,11.0,48,9188037,PBAD,SITKA
2008-08-05T14:03:33,AMSTERDAM,244370000,56.98515,-135.5041417,0,47,10.9,45,9188037,PBAD,SITKA
2008-08-05T14:00:32,AMSTERDAM,244370000,56.97887,-135.5162633,0,46,11.0,45,9188037,PBAD,SITKA
2008-08-05T13:59:44,AMSTERDAM,244370000,56.977195,-135.5194883,0,47,10.9,45,9188037,PBAD,SITKA
2008-08-05T13:56:32,AMSTERDAM,244370000,56.97050833,-135.5323433,0,46,10.9,45,9188037,PBAD,SITKA
2008-08-05T13:55:33,AMSTERDAM,244370000,56.96842833,-135.536255,0,45,10.9,44,9188037,PBAD,SITKA
2008-08-05T13:55:24,AMSTERDAM,244370000,56.96810333,-135.5368383,0,44,11.0,44,9188037,PBAD,SITKA
2008-08-05T13:54:04,AMSTERDAM,244370000,56.96511833,-135.54182,0,41,10.9,40,9188037,PBAD,SITKA
2008-08-05T13:53:24,AMSTERDAM,244370000,56.96360833,-135.5442517,0,41,10.9,40,9188037,PBAD,SITKA
2008-08-05T13:50:13,AMSTERDAM,244370000,56.95643,-135.5557717,0,41,10.8,40,9188037,PBAD,SITKA
2008-08-05T04:07:38,AMSTERDAM,244370000,56.75164,-134.4833233,0,184,13.8,181,9188037,PBAD,SITKA
2008-08-05T04:04:28,AMSTERDAM,244370000,56.763585,-134.4819617,0,183,13.5,181,9188037,PBAD,SITKA
2008-08-05T04:01:07,AMSTERDAM,244370000,56.77599167,-134.4807117,0,183,13.4,181,9188037,PBAD,SITKA
2008-08-05T04:00:20,AMSTERDAM,244370000,56.77901667,-134.4803767,0,183,13.4,181,9188037,PBAD,SITKA
2008-08-05T03:59:27,AMSTERDAM,244370000,56.78216667,-134.480075,0,182,13.4,181,9188037,PBAD,SITKA
2008-08-05T03:59:48,AMSTERDAM,244370000,56.78087,-134.480185,0,183,13.4,182,9188037,PBAD,SITKA
2008-08-05T03:55:58,AMSTERDAM,244370000,56.79492667,-134.47961,0,181,13.1,181,9188037,PBAD,SITKA
2008-08-05T12:47:54,AMSTERDAM,244370000,56.79868667,-135.7442633,0,19,11.1,19,9188037,PBAD,SITKA
2008-08-05T12:45:22,AMSTERDAM,244370000,56.791335,-135.7491283,0,20,11.1,19,9188037,PBAD,SITKA
2008-08-05T12:42:54,AMSTERDAM,244370000,56.78422333,-135.7539533,0,21,11.1,19,9188037,PBAD,SITKA
2008-08-05T12:39:52,AMSTERDAM,244370000,56.7755,-135.7600067,0,20,11.1,19,9188037,PBAD,SITKA
2008-08-05T12:36:52,AMSTERDAM,244370000,56.766875,-135.7658567,0,21,11.1,19,9188037,PBAD,SITKA
2008-08-05T12:33:43,AMSTERDAM,244370000,56.75771167,-135.771925,0,20,11.1,17,9188037,PBAD,SITKA
2008-08-05T03:38:48,AMSTERDAM,244370000,56.85549,-134.4807833,0,182,12.7,182,9188037,PBAD,SITKA
2008-08-05T03:36:27,AMSTERDAM,244370000,56.86385167,-134.480125,0,183,13.1,180,9188037,PBAD,SITKA
2008-08-05T03:36:48,AMSTERDAM,244370000,56.86258667,-134.48024,0,183,13.1,181,9188037,PBAD,SITKA
2008-08-05T03:35:48,AMSTERDAM,244370000,56.86622,-134.4798983,0,184,13.2,180,9188037,PBAD,SITKA
2008-08-05T03:35:58,AMSTERDAM,244370000,56.86561,-134.4799717,0,184,13.2,180,9188037,PBAD,SITKA
2008-08-05T03:32:37,AMSTERDAM,244370000,56.877835,-134.4774383,0,187,13.2,180,9188037,PBAD,SITKA
2008-08-05T03:31:09,AMSTERDAM,244370000,56.88313667,-134.4761483,0,189,13.2,181,9188037,PBAD,SITKA
2008-08-05T03:31:28,AMSTERDAM,244370000,56.88199333,-134.4764583,0,188,13.1,181,9188037,PBAD,SITKA
2008-08-05T03:31:48,AMSTERDAM,244370000,56.88079,-134.47677,0,188,13.2,181,9188037,PBAD,SITKA
2008-08-05T03:30:30,AMSTERDAM,244370000,56.8856,-134.4753833,0,191,13.2,184,9188037,PBAD,SITKA
2008-08-05T03:29:38,AMSTERDAM,244370000,56.88858833,-134.4741333,0,195,13.3,187,9188037,PBAD,SITKA
2008-08-05T03:29:57,AMSTERDAM,244370000,56.887455,-134.4746417,0,194,13.3,186,9188037,PBAD,SITKA
2008-08-05T03:28:28,AMSTERDAM,244370000,56.89278167,-134.4718317,0,199,13.4,193,9188037,PBAD,SITKA
2008-08-05T03:28:57,AMSTERDAM,244370000,56.89101833,-134.4728783,0,197,13.4,190,9188037,PBAD,SITKA
2008-08-05T03:27:08,AMSTERDAM,244370000,56.89739,-134.4685933,0,203,13.4,198,9188037,PBAD,SITKA
2008-08-05T03:27:29,AMSTERDAM,244370000,56.89625167,-134.4694667,0,202,13.4,197,9188037,PBAD,SITKA
2008-08-05T03:27:58,AMSTERDAM,244370000,56.894525,-134.4706867,0,200,13.4,194,9188037,PBAD,SITKA
2008-08-05T03:26:38,AMSTERDAM,244370000,56.89908333,-134.4672,0,205,13.5,200,9188037,PBAD,SITKA
2008-08-05T13:23:53,AMSTERDAM,244370000,56.89666,-135.652525,0,46,11.2,46,9188037,PBAD,SITKA
2008-08-05T13:21:43,AMSTERDAM,244370000,56.89200167,-135.6614517,0,47,11.2,47,9188037,PBAD,SITKA
2008-08-05T13:21:12,AMSTERDAM,244370000,56.89091167,-135.6635967,0,47,11.2,47,9188037,PBAD,SITKA
2008-08-05T13:18:12,AMSTERDAM,244370000,56.88465,-135.6761667,0,48,11.3,49,9188037,PBAD,SITKA
2008-08-05T13:17:12,AMSTERDAM,244370000,56.88250333,-135.6804733,0,47,11.3,48,9188037,PBAD,SITKA
2008-08-05T13:16:33,AMSTERDAM,244370000,56.881115,-135.6830733,0,44,11.3,46,9188037,PBAD,SITKA
2008-08-05T13:16:24,AMSTERDAM,244370000,56.88073833,-135.6837367,0,43,11.4,46,9188037,PBAD,SITKA
2008-08-05T13:15:53,AMSTERDAM,244370000,56.879535,-135.685725,0,40,11.4,42,9188037,PBAD,SITKA
2008-08-05T13:15:22,AMSTERDAM,244370000,56.87831833,-135.6875533,0,38,11.3,39,9188037,PBAD,SITKA
2008-08-05T13:14:42,AMSTERDAM,244370000,56.87662833,-135.6898217,0,34,11.4,36,9188037,PBAD,SITKA
2008-08-05T13:14:12,AMSTERDAM,244370000,56.875315,-135.6914,0,31,11.2,33,9188037,PBAD,SITKA
2008-08-05T13:13:42,AMSTERDAM,244370000,56.87400333,-135.692805,0,29,11.3,30,9188037,PBAD,SITKA
2008-08-05T13:13:12,AMSTERDAM,244370000,56.87256167,-135.6941767,0,26,11.4,27,9188037,PBAD,SITKA
2008-08-05T13:12:34,AMSTERDAM,244370000,56.870745,-135.6956933,0,23,11.4,24,9188037,PBAD,SITKA
2008-08-05T13:10:03,AMSTERDAM,244370000,56.86331667,-135.7008267,0,21,11.4,20,9188037,PBAD,SITKA
2008-08-05T13:08:02,AMSTERDAM,244370000,56.857375,-135.7049833,0,20,11.4,20,9188037,PBAD,SITKA
2008-08-05T13:07:34,AMSTERDAM,244370000,56.856,-135.7059167,0,20,11.4,19,9188037,PBAD,SITKA
2008-08-05T04:44:21,AMSTERDAM,244370000,56.61533333,-134.4995767,0,184,13.5,181,9188037,PBAD,SITKA
2008-08-05T04:40:50,AMSTERDAM,244370000,56.62836333,-134.4981633,0,184,13.5,181,9188037,PBAD,SITKA
2008-08-05T04:37:38,AMSTERDAM,244370000,56.640215,-134.4967233,0,184,13.4,181,9188037,PBAD,SITKA
2008-08-05T04:36:09,AMSTERDAM,244370000,56.64570833,-134.496115,0,183,13.4,181,9188037,PBAD,SITKA
2008-08-05T04:47:29,AMSTERDAM,244370000,56.603565,-134.50094,0,183,13.6,181,9188037,PBAD,SITKA
2008-08-05T04:45:20,AMSTERDAM,244370000,56.61160167,-134.500075,0,184,13.6,181,9188037,PBAD,SITKA
2008-08-05T11:51:04,AMSTERDAM,244370000,56.63449167,-135.7932533,0,324,11.3,324,9188037,PBAD,SITKA
2008-08-05T11:50:22,AMSTERDAM,244370000,56.632735,-135.790995,0,324,11.3,323,9188037,PBAD,SITKA
2008-08-05T11:47:13,AMSTERDAM,244370000,56.62453,-135.78082,0,326,11.2,324,9188037,PBAD,SITKA
2008-08-05T11:46:42,AMSTERDAM,244370000,56.62318833,-135.77917,0,325,11.3,324,9188037,PBAD,SITKA
2008-08-05T11:43:33,AMSTERDAM,244370000,56.61497833,-135.7691233,0,326,11.3,325,9188037,PBAD,SITKA
2008-08-05T11:40:22,AMSTERDAM,244370000,56.60671,-135.75882,0,325,11.5,324,9188037,PBAD,SITKA
2008-08-05T11:54:22,AMSTERDAM,244370000,56.64309,-135.8041283,0,326,11.3,324,9188037,PBAD,SITKA
2008-08-05T11:54:12,AMSTERDAM,244370000,56.642655,-135.8035917,0,324,11.4,324,9188037,PBAD,SITKA
2008-08-05T05:13:49,AMSTERDAM,244370000,56.50302667,-134.506,0,181,14.0,181,9188037,PBAD,SITKA
2008-08-05T05:12:13,AMSTERDAM,244370000,56.50923333,-134.5058633,0,181,14.1,181,9188037,PBAD,SITKA
2008-08-05T05:09:06,AMSTERDAM,244370000,56.521265,-134.5053933,0,181,14.0,181,9188037,PBAD,SITKA
2008-08-05T05:08:24,AMSTERDAM,244370000,56.52397333,-134.5053133,0,181,14.1,181,9188037,PBAD,SITKA
2008-08-05T05:05:24,AMSTERDAM,244370000,56.53559833,-134.5050167,0,181,14.0,181,9188037,PBAD,SITKA
2008-08-05T05:04:30,AMSTERDAM,244370000,56.539145,-134.5048883,0,181,13.9,182,9188037,PBAD,SITKA
2008-08-05T11:06:42,AMSTERDAM,244370000,56.51878333,-135.6494933,0,325,11.2,324,9188037,PBAD,SITKA
2008-08-05T11:03:34,AMSTERDAM,244370000,56.51071,-135.6395133,0,325,11.2,324,9188037,PBAD,SITKA
2008-08-05T11:00:34,AMSTERDAM,244370000,56.50307,-135.629905,0,325,11.3,323,9188037,PBAD,SITKA
2008-08-05T11:16:12,AMSTERDAM,244370000,56.543365,-135.6799967,0,326,11.6,324,9188037,PBAD,SITKA
2008-08-05T11:15:54,AMSTERDAM,244370000,56.54253667,-135.67897,0,325,11.5,324,9188037,PBAD,SITKA
2008-08-05T11:12:54,AMSTERDAM,244370000,56.534725,-135.6692583,0,324,11.3,324,9188037,PBAD,SITKA
2008-08-05T11:09:43,AMSTERDAM,244370000,56.52649167,-135.659065,0,326,11.3,324,9188037,PBAD,SITKA
2008-08-05T05:40:01,AMSTERDAM,244370000,56.4037,-134.512285,0,183,13.0,181,9188037,PBAD,SITKA
2008-08-05T05:38:20,AMSTERDAM,244370000,56.40969333,-134.5117017,0,184,13.2,181,9188037,PBAD,SITKA
2008-08-05T05:37:51,AMSTERDAM,244370000,56.41150667,-134.5114967,0,184,13.2,181,9188037,PBAD,SITKA
2008-08-05T05:34:51,AMSTERDAM,244370000,56.422495,-134.5104417,0,182,13.3,180,9188037,PBAD,SITKA
2008-08-05T05:31:41,AMSTERDAM,244370000,56.43417833,-134.5094167,0,183,13.5,181,9188037,PBAD,SITKA
2008-08-05T05:30:41,AMSTERDAM,244370000,56.43791333,-134.5090883,0,183,13.6,181,9188037,PBAD,SITKA
2008-08-05T05:27:36,AMSTERDAM,244370000,56.44957833,-134.5080733,0,183,13.8,181,9188037,PBAD,SITKA
2008-08-05T10:32:03,AMSTERDAM,244370000,56.43022667,-135.5396117,0,327,11.3,324,9188037,PBAD,SITKA
2008-08-05T10:28:54,AMSTERDAM,244370000,56.42199333,-135.52971,0,326,11.3,324,9188037,PBAD,SITKA
2008-08-05T10:26:04,AMSTERDAM,244370000,56.41464167,-135.5205967,0,325,11.4,323,9188037,PBAD,SITKA
2008-08-05T10:21:44,AMSTERDAM,244370000,56.40346333,-135.506435,0,326,11.4,323,9188037,PBAD,SITKA
2008-08-05T10:38:54,AMSTERDAM,244370000,56.44783167,-135.5613917,0,326,11.2,323,9188037,PBAD,SITKA
2008-08-05T10:35:54,AMSTERDAM,244370000,56.44015667,-135.5518633,0,324,11.2,323,9188037,PBAD,SITKA
2008-08-05T10:35:23,AMSTERDAM,244370000,56.43883667,-135.5502017,0,326,11.2,323,9188037,PBAD,SITKA
2008-08-05T06:07:11,AMSTERDAM,244370000,56.30557333,-134.5179583,0,182,13.3,181,9188037,PBAD,SITKA
2008-08-05T06:06:11,AMSTERDAM,244370000,56.30924833,-134.51769,0,183,13.3,181,9188037,PBAD,SITKA
2008-08-05T06:03:10,AMSTERDAM,244370000,56.32025,-134.516785,0,183,13.2,181,9188037,PBAD,SITKA
2008-08-05T06:00:00,AMSTERDAM,244370000,56.331645,-134.51582,0,183,13.1,181,9188037,PBAD,SITKA
2008-08-05T05:59:52,AMSTERDAM,244370000,56.33218833,-134.5157683,0,183,13.1,181,9188037,PBAD,SITKA
2008-08-05T05:56:51,AMSTERDAM,244370000,56.34308667,-134.514865,0,183,13.2,181,9188037,PBAD,SITKA
2008-08-05T09:46:53,AMSTERDAM,244370000,56.31241,-135.3939233,0,325,12.0,322,9188037,PBAD,SITKA
2008-08-05T09:46:14,AMSTERDAM,244370000,56.31061333,-135.3916683,0,325,11.8,322,9188037,PBAD,SITKA
2008-08-05T09:43:13,AMSTERDAM,244370000,56.30249333,-135.38171,0,326,11.9,323,9188037,PBAD,SITKA
2008-08-05T09:57:54,AMSTERDAM,244370000,56.34178833,-135.4302833,0,327,11.4,324,9188037,PBAD,SITKA
2008-08-05T09:57:33,AMSTERDAM,244370000,56.34087333,-135.42918,0,326,11.3,323,9188037,PBAD,SITKA
2008-08-05T09:52:44,AMSTERDAM,244370000,56.32819833,-135.4136367,0,326,11.3,323,9188037,PBAD,SITKA
2008-08-05T09:49:03,AMSTERDAM,244370000,56.318255,-135.40129,0,325,11.9,322,9188037,PBAD,SITKA
2008-08-05T04:34:48,AMSTERDAM,244370000,56.65066,-134.4956517,0,183,13.4,180,9188037,PBAD,SITKA
2008-08-05T04:32:39,AMSTERDAM,244370000,56.65877,-134.4946433,0,184,13.4,181,9188037,PBAD,SITKA
2008-08-05T04:31:49,AMSTERDAM,244370000,56.66177833,-134.4942417,0,184,13.4,181,9188037,PBAD,SITKA
2008-08-05T04:28:29,AMSTERDAM,244370000,56.67394333,-134.4928183,0,184,13.0,181,9188037,PBAD,SITKA
2008-08-05T04:27:18,AMSTERDAM,244370000,56.67821833,-134.4923317,0,184,13.1,181,9188037,PBAD,SITKA
2008-08-05T04:24:09,AMSTERDAM,244370000,56.68976333,-134.49086,0,184,13.2,181,9188037,PBAD,SITKA
2008-08-05T12:13:08,AMSTERDAM,244370000,56.68375833,-135.82132,0,20,11.5,19,9188037,PBAD,SITKA
2008-08-05T12:12:32,AMSTERDAM,244370000,56.69607,-135.8131267,0,19,11.4,17,9188037,PBAD,SITKA
2008-08-05T12:11:32,AMSTERDAM,244370000,56.693085,-135.8150167,0,19,11.4,17,9188037,PBAD,SITKA
2008-08-05T12:11:47,AMSTERDAM,244370000,56.683215,-135.8216817,0,19,11.3,19,9188037,PBAD,SITKA
2008-08-05T12:09:43,AMSTERDAM,244370000,56.687645,-135.818655,0,21,11.3,19,9188037,PBAD,SITKA
2008-08-05T12:08:32,AMSTERDAM,244370000,56.68420333,-135.8210267,0,21,11.4,19,9188037,PBAD,SITKA
2008-08-05T12:07:53,AMSTERDAM,244370000,56.68227167,-135.8222767,0,18,11.3,18,9188037,PBAD,SITKA
2008-08-05T12:07:24,AMSTERDAM,244370000,56.68077167,-135.8231417,0,16,11.4,16,9188037,PBAD,SITKA
2008-08-05T12:06:53,AMSTERDAM,244370000,56.67925167,-135.8239017,0,14,11.4,13,9188037,PBAD,SITKA
2008-08-05T12:06:24,AMSTERDAM,244370000,56.67771667,-135.8245483,0,12,11.4,11,9188037,PBAD,SITKA
2008-08-05T12:05:53,AMSTERDAM,244370000,56.67616833,-135.82507,0,9,11.4,8,9188037,PBAD,SITKA
2008-08-05T12:05:23,AMSTERDAM,244370000,56.67461,-135.8254617,0,7,11.3,6,9188037,PBAD,SITKA
2008-08-05T12:04:45,AMSTERDAM,244370000,56.67262833,-135.825775,0,4,11.3,3,9188037,PBAD,SITKA
2008-08-05T12:04:23,AMSTERDAM,244370000,56.67147833,-135.8258617,0,1,11.3,1,9188037,PBAD,SITKA
2008-08-05T12:04:02,AMSTERDAM,244370000,56.67037833,-135.8258717,0,359,11.3,359,9188037,PBAD,SITKA
2008-08-05T12:03:23,AMSTERDAM,244370000,56.66834333,-135.825715,0,356,11.4,355,9188037,PBAD,SITKA
2008-08-05T12:02:53,AMSTERDAM,244370000,56.66678167,-135.8254467,0,353,11.2,353,9188037,PBAD,SITKA
2008-08-05T12:02:23,AMSTERDAM,244370000,56.66522833,-135.8250383,0,350,11.2,350,9188037,PBAD,SITKA
2008-08-05T12:01:53,AMSTERDAM,244370000,56.66369333,-135.8244983,0,347,11.3,347,9188037,PBAD,SITKA
2008-08-05T12:01:23,AMSTERDAM,244370000,56.66217,-135.823835,0,345,11.3,345,9188037,PBAD,SITKA
2008-08-05T12:00:54,AMSTERDAM,244370000,56.66066667,-135.823035,0,342,11.3,342,9188037,PBAD,SITKA
2008-08-05T12:00:13,AMSTERDAM,244370000,56.65864833,-135.8217233,0,338,11.3,338,9188037,PBAD,SITKA
2008-08-05T11:59:42,AMSTERDAM,244370000,56.65720833,-135.8205967,0,335,11.3,335,9188037,PBAD,SITKA
2008-08-05T11:58:53,AMSTERDAM,244370000,56.654925,-135.818465,0,330,11.3,330,9188037,PBAD,SITKA
2008-08-05T11:58:14,AMSTERDAM,244370000,56.65317333,-135.8165383,0,327,11.4,327,9188037,PBAD,SITKA
2008-08-05T11:57:23,AMSTERDAM,244370000,56.65093167,-135.813875,0,326,11.4,325,9188037,PBAD,SITKA
2008-08-05T05:01:28,AMSTERDAM,244370000,56.55085167,-134.5046633,0,180,13.9,181,9188037,PBAD,SITKA
2008-08-05T04:59:29,AMSTERDAM,244370000,56.55851833,-134.5044433,0,181,13.8,181,9188037,PBAD,SITKA
2008-08-05T04:57:09,AMSTERDAM,244370000,56.567305,-134.50401,0,182,13.6,181,9188037,PBAD,SITKA
2008-08-05T04:53:50,AMSTERDAM,244370000,56.57985333,-134.50312,0,182,13.6,181,9188037,PBAD,SITKA
2008-08-05T04:50:48,AMSTERDAM,244370000,56.59114833,-134.5021317,0,182,13.5,181,9188037,PBAD,SITKA
2008-08-05T11:22:13,AMSTERDAM,244370000,56.55925667,-135.6995417,0,326,11.5,324,9188037,PBAD,SITKA
2008-08-05T11:19:13,AMSTERDAM,244370000,56.55130167,-135.6897933,0,326,11.5,324,9188037,PBAD,SITKA
2008-08-05T11:37:22,AMSTERDAM,244370000,56.59889833,-135.748895,0,326,11.5,324,9188037,PBAD,SITKA
2008-08-05T11:35:14,AMSTERDAM,244370000,56.59326333,-135.7418283,0,327,11.6,324,9188037,PBAD,SITKA
2008-08-05T11:32:14,AMSTERDAM,244370000,56.585315,-135.7322083,0,326,11.4,325,9188037,PBAD,SITKA
2008-08-05T11:31:14,AMSTERDAM,244370000,56.58268167,-135.729,0,326,11.6,325,9188037,PBAD,SITKA
2008-08-05T11:28:13,AMSTERDAM,244370000,56.57485333,-135.7192567,0,324,11.4,324,9188037,PBAD,SITKA
2008-08-05T11:25:13,AMSTERDAM,244370000,56.567105,-135.709355,0,325,11.4,323,9188037,PBAD,SITKA
2008-08-05T05:26:25,AMSTERDAM,244370000,56.454125,-134.50776,0,182,14.0,180,9188037,PBAD,SITKA
2008-08-05T05:25:30,AMSTERDAM,244370000,56.45760667,-134.507555,0,183,14.0,181,9188037,PBAD,SITKA
2008-08-05T05:24:12,AMSTERDAM,244370000,56.46266333,-134.5071933,0,182,14.1,181,9188037,PBAD,SITKA
2008-08-05T05:22:00,AMSTERDAM,244370000,56.47127833,-134.5067717,0,181,14.0,181,9188037,PBAD,SITKA
2008-08-05T05:20:48,AMSTERDAM,244370000,56.47594333,-134.50662,0,180,14.0,181,9188037,PBAD,SITKA
2008-08-05T05:18:19,AMSTERDAM,244370000,56.48557667,-134.506465,0,181,14.0,181,9188037,PBAD,SITKA
2008-08-05T05:16:54,AMSTERDAM,244370000,56.49100667,-134.50634,0,181,14.0,181,9188037,PBAD,SITKA
2008-08-05T10:48:43,AMSTERDAM,244370000,56.47276333,-135.592315,0,326,11.2,323,9188037,PBAD,SITKA
2008-08-05T10:46:03,AMSTERDAM,244370000,56.465925,-135.583925,0,324,11.1,323,9188037,PBAD,SITKA
2008-08-05T10:42:54,AMSTERDAM,244370000,56.45800833,-135.5738617,0,325,11.0,322,9188037,PBAD,SITKA
2008-08-05T10:40:12,AMSTERDAM,244370000,56.45120167,-135.5654633,0,327,11.1,323,9188037,PBAD,SITKA
2008-08-05T10:57:33,AMSTERDAM,244370000,56.49531,-135.6203717,0,325,11.2,324,9188037,PBAD,SITKA
2008-08-05T10:55:23,AMSTERDAM,244370000,56.48978667,-135.6135167,0,326,11.3,323,9188037,PBAD,SITKA
2008-08-05T10:52:14,AMSTERDAM,244370000,56.481665,-135.603415,0,325,11.2,323,9188037,PBAD,SITKA
2008-08-05T10:51:44,AMSTERDAM,244370000,56.48039333,-135.6018183,0,325,11.2,323,9188037,PBAD,SITKA
2008-08-05T05:54:21,AMSTERDAM,244370000,56.35218667,-134.51424,0,182,13.1,181,9188037,PBAD,SITKA
2008-08-05T05:52:21,AMSTERDAM,244370000,56.35945833,-134.5138517,0,181,13.1,181,9188037,PBAD,SITKA
2008-08-05T05:49:31,AMSTERDAM,244370000,56.369835,-134.5135667,0,180,13.0,181,9188037,PBAD,SITKA
2008-08-05T05:46:11,AMSTERDAM,244370000,56.38179167,-134.51347,0,180,13.0,181,9188037,PBAD,SITKA
2008-08-05T05:45:01,AMSTERDAM,244370000,56.386015,-134.513395,0,181,12.8,181,9188037,PBAD,SITKA
2008-08-05T05:43:01,AMSTERDAM,244370000,56.39306667,-134.5130817,0,182,12.7,181,9188037,PBAD,SITKA
2008-08-05T05:43:12,AMSTERDAM,244370000,56.39242333,-134.5131183,0,182,12.7,181,9188037,PBAD,SITKA
2008-08-05T10:01:04,AMSTERDAM,244370000,56.35003667,-135.4402583,0,325,11.3,323,9188037,PBAD,SITKA
2008-08-05T10:18:44,AMSTERDAM,244370000,56.39562833,-135.4968733,0,326,11.4,323,9188037,PBAD,SITKA
2008-08-05T10:15:44,AMSTERDAM,244370000,56.38778,-135.4874583,0,325,11.3,323,9188037,PBAD,SITKA
2008-08-05T10:14:32,AMSTERDAM,244370000,56.38468,-135.483575,0,325,11.4,323,9188037,PBAD,SITKA
2008-08-05T10:11:23,AMSTERDAM,244370000,56.37661,-135.4733017,0,325,11.4,321,9188037,PBAD,SITKA
2008-08-05T10:08:22,AMSTERDAM,244370000,56.36886,-135.46364,0,326,11.3,322,9188037,PBAD,SITKA
2008-08-05T10:06:22,AMSTERDAM,244370000,56.363675,-135.4572983,0,326,11.3,323,9188037,PBAD,SITKA
2008-08-05T06:35:21,AMSTERDAM,244370000,56.20241833,-134.5327517,0,202,13.7,202,9188037,PBAD,SITKA
2008-08-05T06:35:50,AMSTERDAM,244370000,56.20073333,-134.53407,0,205,13.7,205,9188037,PBAD,SITKA
2008-08-05T06:34:30,AMSTERDAM,244370000,56.20545,-134.530745,0,198,13.6,198,9188037,PBAD,SITKA
2008-08-05T06:34:50,AMSTERDAM,244370000,56.20425333,-134.5314983,0,200,13.6,200,9188037,PBAD,SITKA
2008-08-05T06:33:10,AMSTERDAM,244370000,56.21029833,-134.5282983,0,194,13.7,192,9188037,PBAD,SITKA
2008-08-05T06:33:51,AMSTERDAM,244370000,56.20787,-134.529435,0,195,13.7,194,9188037,PBAD,SITKA
2008-08-05T06:32:01,AMSTERDAM,244370000,56.21460333,-134.52666,0,189,13.5,189,9188037,PBAD,SITKA
2008-08-05T06:32:21,AMSTERDAM,244370000,56.21330333,-134.5270783,0,191,13.6,190,9188037,PBAD,SITKA
2008-08-05T06:32:41,AMSTERDAM,244370000,56.21207333,-134.5275417,0,193,13.6,191,9188037,PBAD,SITKA
2008-08-05T06:31:21,AMSTERDAM,244370000,56.21703,-134.5260867,0,186,13.5,185,9188037,PBAD,SITKA
2008-08-05T06:31:42,AMSTERDAM,244370000,56.215785,-134.526345,0,187,13.5,187,9188037,PBAD,SITKA
2008-08-05T06:29:01,AMSTERDAM,244370000,56.225775,-134.5252433,0,182,13.3,181,9188037,PBAD,SITKA
2008-08-05T06:27:42,AMSTERDAM,244370000,56.230595,-134.5247983,0,184,13.2,181,9188037,PBAD,SITKA
2008-08-05T06:26:41,AMSTERDAM,244370000,56.23422833,-134.5243833,0,184,13.1,181,9188037,PBAD,SITKA
2008-08-05T06:23:30,AMSTERDAM,244370000,56.245675,-134.523275,0,183,12.8,181,9188037,PBAD,SITKA
2008-08-05T09:18:33,AMSTERDAM,244370000,56.23596167,-135.29954,0,326,11.6,323,9188037,PBAD,SITKA
2008-08-05T09:15:24,AMSTERDAM,244370000,56.22771167,-135.289455,0,326,11.3,324,9188037,PBAD,SITKA
2008-08-05T09:14:24,AMSTERDAM,244370000,56.22511833,-135.28629,0,326,11.3,323,9188037,PBAD,SITKA
2008-08-05T09:11:14,AMSTERDAM,244370000,56.21701333,-135.2761917,0,325,11.3,323,9188037,PBAD,SITKA
2008-08-05T09:10:34,AMSTERDAM,244370000,56.21531667,-135.2740567,0,326,11.2,323,9188037,PBAD,SITKA
2008-08-05T09:07:33,AMSTERDAM,244370000,56.20757667,-135.264385,0,325,11.3,323,9188037,PBAD,SITKA
2008-08-05T09:05:33,AMSTERDAM,244370000,56.20230333,-135.2580417,0,326,11.5,325,9188037,PBAD,SITKA
2008-08-05T09:23:43,AMSTERDAM,244370000,56.24959,-135.31659,0,324,11.6,323,9188037,PBAD,SITKA
2008-08-05T09:20:33,AMSTERDAM,244370000,56.24122333,-135.3060733,0,326,11.6,323,9188037,PBAD,SITKA
2008-08-05T06:54:03,AMSTERDAM,244370000,56.14180333,-134.5968717,0,219,13.5,220,9188037,PBAD,SITKA
2008-08-05T06:54:42,AMSTERDAM,244370000,56.13989,-134.5997683,0,221,13.6,223,9188037,PBAD,SITKA
2008-08-05T06:53:24,AMSTERDAM,244370000,56.14373167,-134.5942167,0,216,13.6,217,9188037,PBAD,SITKA
2008-08-05T06:52:53,AMSTERDAM,244370000,56.14532833,-134.592195,0,214,13.6,215,9188037,PBAD,SITKA
2008-08-05T06:51:43,AMSTERDAM,244370000,56.14898667,-134.5880533,0,211,13.6,211,9188037,PBAD,SITKA
2008-08-05T07:03:24,AMSTERDAM,244370000,56.123135,-134.6475233,0,255,12.7,260,9188037,PBAD,SITKA
2008-08-05T07:02:03,AMSTERDAM,244370000,56.12454667,-134.6394083,0,249,13.0,254,9188037,PBAD,SITKA
2008-08-05T07:02:45,AMSTERDAM,244370000,56.123775,-134.6434517,0,253,12.9,258,9188037,PBAD,SITKA
2008-08-05T07:01:14,AMSTERDAM,244370000,56.12571333,-134.6343983,0,246,13.3,250,9188037,PBAD,SITKA
2008-08-05T07:01:53,AMSTERDAM,244370000,56.12476167,-134.6384033,0,248,13.0,254,9188037,PBAD,SITKA
2008-08-05T07:00:24,AMSTERDAM,244370000,56.12701333,-134.629425,0,244,13.3,247,9188037,PBAD,SITKA
2008-08-05T06:59:03,AMSTERDAM,244370000,56.12938667,-134.6216933,0,238,13.4,242,9188037,PBAD,SITKA
2008-08-05T06:59:43,AMSTERDAM,244370000,56.128145,-134.6255117,0,241,13.4,244,9188037,PBAD,SITKA
2008-08-05T06:58:24,AMSTERDAM,244370000,56.13072833,-134.6179833,0,235,13.4,239,9188037,PBAD,SITKA
2008-08-05T06:57:03,AMSTERDAM,244370000,56.13378333,-134.6108983,0,229,13.4,233,9188037,PBAD,SITKA
2008-08-05T06:57:42,AMSTERDAM,244370000,56.13222,-134.6143267,0,232,13.3,236,9188037,PBAD,SITKA
2008-08-05T06:56:14,AMSTERDAM,244370000,56.13582667,-134.60686,0,227,13.6,229,9188037,PBAD,SITKA
2008-08-05T06:55:24,AMSTERDAM,244370000,56.13801667,-134.60289,0,224,13.4,226,9188037,PBAD,SITKA
2008-08-05T07:10:24,AMSTERDAM,244370000,56.11709833,-134.6904567,0,255,12.9,260,9188037,PBAD,SITKA
2008-08-05T07:08:24,AMSTERDAM,244370000,56.118825,-134.6781367,0,256,12.7,260,9188037,PBAD,SITKA
2008-08-05T07:06:25,AMSTERDAM,244370000,56.120535,-134.665875,0,254,12.9,260,9188037,PBAD,SITKA
2008-08-05T07:04:33,AMSTERDAM,244370000,56.12216333,-134.6545483,0,256,12.6,260,9188037,PBAD,SITKA
2008-08-05T07:19:14,AMSTERDAM,244370000,56.108805,-134.743265,0,255,12.5,261,9188037,PBAD,SITKA
2008-08-05T07:16:13,AMSTERDAM,244370000,56.11157167,-134.7254917,0,254,12.4,261,9188037,PBAD,SITKA
2008-08-05T07:15:13,AMSTERDAM,244370000,56.11251167,-134.7195683,0,253,12.5,260,9188037,PBAD,SITKA
2008-08-05T07:13:34,AMSTERDAM,244370000,56.11415833,-134.7096483,0,255,12.5,260,9188037,PBAD,SITKA
2008-08-05T07:13:53,AMSTERDAM,244370000,56.11386167,-134.7115467,0,254,12.5,260,9188037,PBAD,SITKA
2008-08-05T07:27:54,AMSTERDAM,244370000,56.10163667,-134.7962683,0,257,12.7,260,9188037,PBAD,SITKA
2008-08-05T07:26:13,AMSTERDAM,244370000,56.10293167,-134.785905,0,257,12.7,260,9188037,PBAD,SITKA
2008-08-05T07:23:06,AMSTERDAM,244370000,56.10747333,-134.75224,0,255,12.5,260,9188037,PBAD,SITKA
2008-08-05T08:32:34,AMSTERDAM,244370000,56.116545,-135.1391,0,319,11.8,313,9188037,PBAD,SITKA
2008-08-05T08:29:33,AMSTERDAM,244370000,56.10937667,-135.12694,0,317,11.9,312,9188037,PBAD,SITKA
2008-08-05T08:27:24,AMSTERDAM,244370000,56.10417833,-135.1183067,0,317,11.9,313,9188037,PBAD,SITKA
2008-08-05T08:46:23,AMSTERDAM,244370000,56.14975667,-135.1945683,0,322,11.9,320,9188037,PBAD,SITKA
2008-08-05T08:46:04,AMSTERDAM,244370000,56.14894667,-135.193395,0,319,12.0,317,9188037,PBAD,SITKA
2008-08-05T08:45:04,AMSTERDAM,244370000,56.14650833,-135.189455,0,316,11.8,313,9188037,PBAD,SITKA
2008-08-05T08:41:53,AMSTERDAM,244370000,56.13895167,-135.17657,0,316,11.9,312,9188037,PBAD,SITKA
2008-08-05T08:38:53,AMSTERDAM,244370000,56.13175167,-135.1644167,0,316,11.9,313,9188037,PBAD,SITKA
2008-08-05T08:35:44,AMSTERDAM,244370000,56.12425167,-135.1518217,0,318,11.9,312,9188037,PBAD,SITKA
2008-08-05T06:21:30,AMSTERDAM,244370000,56.25283333,-134.522465,0,184,13.1,182,9188037,PBAD,SITKA
2008-08-05T06:19:21,AMSTERDAM,244370000,56.26059833,-134.5217233,0,183,13.1,181,9188037,PBAD,SITKA
2008-08-05T06:17:12,AMSTERDAM,244370000,56.26854167,-134.5210183,0,183,13.3,181,9188037,PBAD,SITKA
2008-08-05T06:15:50,AMSTERDAM,244370000,56.2736,-134.5204867,0,184,13.3,181,9188037,PBAD,SITKA
2008-08-05T06:13:21,AMSTERDAM,244370000,56.28277833,-134.519555,0,183,13.3,181,9188037,PBAD,SITKA
2008-08-05T06:13:40,AMSTERDAM,244370000,56.28154667,-134.519665,0,183,13.3,181,9188037,PBAD,SITKA
2008-08-05T06:10:21,AMSTERDAM,244370000,56.29388,-134.5188233,0,182,13.5,181,9188037,PBAD,SITKA
2008-08-05T09:33:13,AMSTERDAM,244370000,56.27525,-135.348095,0,325,12.0,323,9188037,PBAD,SITKA
2008-08-05T09:29:43,AMSTERDAM,244370000,56.26568333,-135.3363717,0,326,11.8,324,9188037,PBAD,SITKA
2008-08-05T09:26:54,AMSTERDAM,244370000,56.25807333,-135.32715,0,325,11.7,323,9188037,PBAD,SITKA
2008-08-05T09:40:04,AMSTERDAM,244370000,56.29388333,-135.3713783,0,326,12.0,324,9188037,PBAD,SITKA
2008-08-05T09:37:24,AMSTERDAM,244370000,56.28654833,-135.3624267,0,325,11.9,323,9188037,PBAD,SITKA
2008-08-05T09:34:54,AMSTERDAM,244370000,56.27981167,-135.3539317,0,325,11.9,322,9188037,PBAD,SITKA
2008-08-05T06:40:31,AMSTERDAM,244370000,56.18534333,-134.5498233,0,211,13.7,210,9188037,PBAD,SITKA
2008-08-05T06:37:30,AMSTERDAM,244370000,56.19517,-134.53948,0,211,13.6,210,9188037,PBAD,SITKA
2008-08-05T06:36:21,AMSTERDAM,244370000,56.19897333,-134.5356233,0,207,13.7,207,9188037,PBAD,SITKA
2008-08-05T06:36:50,AMSTERDAM,244370000,56.19736167,-134.5371833,0,209,13.7,208,9188037,PBAD,SITKA
2008-08-05T06:48:34,AMSTERDAM,244370000,56.15926167,-134.5774317,0,211,13.5,210,9188037,PBAD,SITKA
2008-08-05T06:45:23,AMSTERDAM,244370000,56.16954333,-134.566505,0,210,13.6,210,9188037,PBAD,SITKA
2008-08-05T06:43:32,AMSTERDAM,244370000,56.17546167,-134.56026,0,211,13.6,211,9188037,PBAD,SITKA
2008-08-05T06:43:49,AMSTERDAM,244370000,56.174615,-134.5611767,0,211,13.6,210,9188037,PBAD,SITKA
2008-08-05T08:47:33,AMSTERDAM,244370000,56.15293333,-135.1984717,0,328,12.0,324,9188037,PBAD,SITKA
2008-08-05T08:46:53,AMSTERDAM,244370000,56.15109,-135.1963,0,325,11.9,322,9188037,PBAD,SITKA
2008-08-05T09:02:54,AMSTERDAM,244370000,56.19497167,-135.2496983,0,328,12.0,327,9188037,PBAD,SITKA
2008-08-05T09:01:42,AMSTERDAM,244370000,56.19157333,-135.2458767,0,327,12.1,326,9188037,PBAD,SITKA
2008-08-05T09:00:33,AMSTERDAM,244370000,56.18838,-135.2420717,0,326,12.0,325,9188037,PBAD,SITKA
2008-08-05T08:59:04,AMSTERDAM,244370000,56.18437167,-135.2369383,0,324,12.0,323,9188037,PBAD,SITKA
2008-08-05T08:57:33,AMSTERDAM,244370000,56.180285,-135.2316583,0,326,11.9,322,9188037,PBAD,SITKA
2008-08-05T08:54:33,AMSTERDAM,244370000,56.17211667,-135.22154,0,326,11.9,322,9188037,PBAD,SITKA
2008-08-05T08:51:23,AMSTERDAM,244370000,56.16354167,-135.2109083,0,326,12.0,321,9188037,PBAD,SITKA
2008-08-05T08:49:53,AMSTERDAM,244370000,56.159465,-135.2058967,0,326,12.0,322,9188037,PBAD,SITKA
2008-08-05T08:48:53,AMSTERDAM,244370000,56.15673333,-135.2027117,0,328,11.9,324,9188037,PBAD,SITKA
2008-08-05T07:35:13,AMSTERDAM,244370000,56.09568667,-134.840575,0,257,12.6,258,9188037,PBAD,SITKA
2008-08-05T07:35:34,AMSTERDAM,244370000,56.09540167,-134.8427,0,258,12.9,258,9188037,PBAD,SITKA
2008-08-05T07:32:04,AMSTERDAM,244370000,56.09828,-134.8216617,0,257,12.4,258,9188037,PBAD,SITKA
2008-08-05T07:31:04,AMSTERDAM,244370000,56.099125,-134.8156383,0,256,12.5,258,9188037,PBAD,SITKA
2008-08-05T07:44:03,AMSTERDAM,244370000,56.08843,-134.8937783,0,254,12.4,255,9188037,PBAD,SITKA
2008-08-05T07:41:34,AMSTERDAM,244370000,56.09054167,-134.8788633,0,257,12.5,257,9188037,PBAD,SITKA
2008-08-05T07:38:34,AMSTERDAM,244370000,56.092905,-134.8607667,0,256,12.5,257,9188037,PBAD,SITKA
2008-08-05T07:53:23,AMSTERDAM,244370000,56.080175,-134.9475333,0,255,11.8,257,9188037,PBAD,SITKA
2008-08-05T07:50:12,AMSTERDAM,244370000,56.08294167,-134.929365,0,255,12.0,256,9188037,PBAD,SITKA
2008-08-05T07:47:05,AMSTERDAM,244370000,56.085705,-134.9112483,0,254,12.1,256,9188037,PBAD,SITKA
2008-08-05T08:01:34,AMSTERDAM,244370000,56.07334167,-134.993325,0,255,11.7,257,9188037,PBAD,SITKA
2008-08-05T08:00:53,AMSTERDAM,244370000,56.07392,-134.989535,0,255,11.6,257,9188037,PBAD,SITKA
2008-08-05T07:57:53,AMSTERDAM,244370000,56.07643,-134.97295,0,255,11.6,257,9188037,PBAD,SITKA
2008-08-05T07:54:45,AMSTERDAM,244370000,56.07905833,-134.95512,0,256,11.9,257,9188037,PBAD,SITKA
2008-08-05T08:10:53,AMSTERDAM,244370000,56.07142333,-135.0454783,0,283,11.4,283,9188037,PBAD,SITKA
2008-08-05T08:10:14,AMSTERDAM,244370000,56.07095,-135.04183,0,282,11.6,281,9188037,PBAD,SITKA
2008-08-05T08:09:14,AMSTERDAM,244370000,56.07042333,-135.0362717,0,277,11.4,278,9188037,PBAD,SITKA
2008-08-05T08:08:22,AMSTERDAM,244370000,56.07012333,-135.0314933,0,276,11.4,275,9188037,PBAD,SITKA
2008-08-05T08:07:35,AMSTERDAM,244370000,56.06998667,-135.0269767,0,271,11.4,272,9188037,PBAD,SITKA
2008-08-05T08:06:14,AMSTERDAM,244370000,56.07014667,-135.0193267,0,264,11.5,266,9188037,PBAD,SITKA
2008-08-05T08:06:53,AMSTERDAM,244370000,56.070015,-135.0230983,0,268,11.4,269,9188037,PBAD,SITKA
2008-08-05T08:05:13,AMSTERDAM,244370000,56.07055167,-135.0136883,0,262,11.5,263,9188037,PBAD,SITKA
2008-08-05T08:05:24,AMSTERDAM,244370000,56.07047667,-135.0145333,0,261,11.5,263,9188037,PBAD,SITKA
2008-08-05T08:04:34,AMSTERDAM,244370000,56.07091333,-135.0100283,0,258,11.5,261,9188037,PBAD,SITKA
2008-08-05T08:21:52,AMSTERDAM,244370000,56.09061833,-135.0968467,0,320,11.9,315,9188037,PBAD,SITKA
2008-08-05T08:20:33,AMSTERDAM,244370000,56.08731833,-135.0917533,0,318,11.8,314,9188037,PBAD,SITKA
2008-08-05T08:19:44,AMSTERDAM,244370000,56.085355,-135.0885317,0,316,11.8,312,9188037,PBAD,SITKA
2008-08-05T08:19:04,AMSTERDAM,244370000,56.08386,-135.08586,0,314,11.7,310,9188037,PBAD,SITKA
2008-08-05T08:18:23,AMSTERDAM,244370000,56.08237,-135.08294,0,311,11.5,307,9188037,PBAD,SITKA
2008-08-05T08:17:33,AMSTERDAM,244370000,56.08063333,-135.0791567,0,308,11.7,304,9188037,PBAD,SITKA
2008-08-05T08:16:52,AMSTERDAM,244370000,56.07935,-135.0760933,0,307,11.6,302,9188037,PBAD,SITKA
2008-08-05T08:15:34,AMSTERDAM,244370000,56.07706667,-135.06989,0,300,11.5,298,9188037,PBAD,SITKA
2008-08-05T08:14:34,AMSTERDAM,244370000,56.07550667,-135.0649217,0,299,11.5,295,9188037,PBAD,SITKA
2008-08-05T08:13:54,AMSTERDAM,244370000,56.07455167,-135.061545,0,295,11.5,293,9188037,PBAD,SITKA
2008-08-05T08:13:44,AMSTERDAM,244370000,56.07433,-135.060685,0,296,11.5,292,9188037,PBAD,SITKA
2008-08-05T08:13:13,AMSTERDAM,244370000,56.07367333,-135.0579967,0,291,11.4,291,9188037,PBAD,SITKA
2008-08-05T08:12:34,AMSTERDAM,244370000,56.072935,-135.05456,0,289,11.4,288,9188037,PBAD,SITKA
2008-08-05T08:11:44,AMSTERDAM,244370000,56.07212167,-135.050095,0,287,11.4,285,9188037,PBAD,SITKA
2008-08-05T08:24:35,AMSTERDAM,244370000,56.09726833,-135.1071767,0,318,11.8,313,9188037,PBAD,SITKA
