bs_ts,mmsi,name,destination,lat,lon,heading,cog,sog,nav_status,imo,callsign
2008-07-08T14:56:48,245968000,VOLENDAM,,58.32,-137.802,511,360.0,102.3,15,9156515,PCHM
2008-07-08T13:56:19,245968000,VOLENDAM,,58.4188333,-138.353167,511,360.0,102.3,15,9156515,PCHM
2008-07-08T12:59:44,245968000,VOLENDAM,,58.52553167,-138.9223,110,111.7,20.5,0,9156515,PCHM
2008-07-08T12:58:38,245968000,VOLENDAM,,58.52778333,-138.9333283,111,112.2,20.4,0,9156515,PCHM
2008-07-08T12:55:42,245968000,VOLENDAM,,58.5338333,-138.968,511,360.0,102.3,15,9156515,PCHM
2008-07-08T12:43:08,245968000,VOLENDAM,,58.55923667,-139.0897183,111,111.8,20.6,0,9156515,PCHM
2008-07-08T12:39:44,245968000,VOLENDAM,,58.56609,-139.124185,111,111.6,20.5,0,9156515,PCHM
2008-07-08T12:36:10,245968000,VOLENDAM,,58.57348,-139.1607817,111,111.4,20.6,0,9156515,PCHM
2008-07-08T12:32:03,245968000,VOLENDAM,,58.58184833,-139.202425,110,110.3,20.3,0,9156515,PCHM
2008-07-08T12:28:39,245968000,VOLENDAM,,58.58877167,-139.23698,110,110.0,20.4,0,9156515,PCHM
2008-07-08T12:26:32,245968000,VOLENDAM,,58.593105,-139.25826,112,111.3,20.5,0,9156515,PCHM
2008-07-08T12:22:25,245968000,VOLENDAM,,58.60142833,-139.2999717,111,109.8,20.4,0,9156515,PCHM
2008-07-08T12:19:20,245968000,VOLENDAM,,58.60777833,-139.3316217,111,110.6,20.5,0,9156515,PCHM
2008-07-08T12:11:02,245968000,VOLENDAM,,58.62457333,-139.4154667,111,111.1,20.5,0,9156515,PCHM
2008-07-08T12:09:44,245968000,VOLENDAM,,58.62715667,-139.4284467,111,110.1,20.5,0,9156515,PCHM
2008-07-08T12:08:44,245968000,VOLENDAM,,58.629225,-139.4387267,112,111.7,20.4,0,9156515,PCHM
2008-07-08T12:07:44,245968000,VOLENDAM,,58.63129333,-139.4488333,111,110.3,20.5,0,9156515,PCHM
2008-07-08T12:07:38,245968000,VOLENDAM,,58.63149333,-139.449865,111,110.1,20.2,0,9156515,PCHM
2008-07-08T12:05:50,245968000,VOLENDAM,,58.63506333,-139.4681867,112,111.5,20.5,0,9156515,PCHM
2008-07-08T12:03:56,245968000,VOLENDAM,,58.63905,-139.4874117,110,110.5,20.4,0,9156515,PCHM
2008-07-08T12:01:33,245968000,VOLENDAM,,58.64383667,-139.5118817,111,110.1,20.5,0,9156515,PCHM
2008-07-08T12:00:20,245968000,VOLENDAM,,58.646255,-139.5240733,111,110.6,20.4,0,9156515,PCHM
2008-07-08T11:55:30,245968000,VOLENDAM,,58.652,-139.5705,511,360.0,102.3,15,9156515,PCHM
2008-07-08T11:54:37,245968000,VOLENDAM,,58.657865,-139.5818067,111,111.2,20.2,0,9156515,PCHM
2008-07-08T11:54:08,245968000,VOLENDAM,,58.65888333,-139.586865,111,110.4,20.4,0,9156515,PCHM
2008-07-08T11:53:38,245968000,VOLENDAM,,58.6599,-139.592085,111,111.2,20.2,0,9156515,PCHM
2008-07-08T11:50:20,245968000,VOLENDAM,,58.66651667,-139.625185,112,111.7,20.5,0,9156515,PCHM
2008-07-08T11:48:08,245968000,VOLENDAM,,58.67100333,-139.6473167,111,111.1,20.4,0,9156515,PCHM
2008-07-08T11:46:44,245968000,VOLENDAM,,58.673805,-139.6614617,112,111.1,20.1,0,9156515,PCHM
2008-07-08T11:38:26,245968000,VOLENDAM,,58.69049167,-139.7451567,112,111.6,20.2,0,9156515,PCHM
2008-07-08T11:36:39,245968000,VOLENDAM,,58.69415667,-139.7632717,111,111.6,20.3,0,9156515,PCHM
2008-07-08T11:35:50,245968000,VOLENDAM,,58.69574333,-139.7711467,112,111.1,20.0,0,9156515,PCHM
2008-07-08T11:33:44,245968000,VOLENDAM,,58.69996,-139.7924967,112,110.9,20.0,0,9156515,PCHM
2008-07-08T11:32:26,245968000,VOLENDAM,,58.702575,-139.8054117,112,111.2,20.3,0,9156515,PCHM
2008-07-08T11:31:14,245968000,VOLENDAM,,58.70499333,-139.8174983,112,111.0,20.0,0,9156515,PCHM
2008-07-08T11:31:02,245968000,VOLENDAM,,58.70542667,-139.8196667,112,111.7,20.4,0,9156515,PCHM
2008-07-08T11:24:20,245968000,VOLENDAM,,58.718915,-139.8872117,112,111.2,20.4,0,9156515,PCHM
2008-07-08T11:17:13,245968000,VOLENDAM,,58.733605,-139.9610583,112,110.7,22.0,0,9156515,PCHM
2008-07-08T11:03:44,245968000,VOLENDAM,,58.76298,-140.1085017,111,111.4,21.9,0,9156515,PCHM
2008-07-08T11:03:38,245968000,VOLENDAM,,58.76319667,-140.1096017,112,111.3,21.8,0,9156515,PCHM
2008-07-08T11:02:44,245968000,VOLENDAM,,58.76519667,-140.119435,112,111.9,22.0,0,9156515,PCHM
2008-07-08T11:02:38,245968000,VOLENDAM,,58.76543,-140.1205217,112,112.2,21.9,0,9156515,PCHM
2008-07-08T11:01:56,245968000,VOLENDAM,,58.767015,-140.1283417,111,111.0,22.0,0,9156515,PCHM
2008-07-08T10:54:44,245968000,VOLENDAM,,58.7836667,-140.204,511,360.0,102.3,15,9156515,PCHM
2008-07-08T10:54:38,245968000,VOLENDAM,,58.78294167,-140.208245,112,110.8,21.8,0,9156515,PCHM
2008-07-08T10:51:51,245968000,VOLENDAM,,58.78906167,-140.238685,111,109.0,21.9,0,9156515,PCHM
2008-07-08T10:50:44,245968000,VOLENDAM,,58.79147667,-140.2509217,112,112.8,21.8,0,9156515,PCHM
2008-07-08T10:49:44,245968000,VOLENDAM,,58.79372833,-140.2617883,112,110.7,22.1,0,9156515,PCHM
2008-07-08T10:49:20,245968000,VOLENDAM,,58.79457833,-140.2661733,111,110.6,22.1,0,9156515,PCHM
2008-07-08T10:48:02,245968000,VOLENDAM,,58.797415,-140.2804217,112,110.8,22.0,0,9156515,PCHM
2008-07-08T10:46:57,245968000,VOLENDAM,,58.79978167,-140.2922733,111,111.0,22.1,0,9156515,PCHM
2008-07-08T10:46:38,245968000,VOLENDAM,,58.800465,-140.2957617,111,110.2,22.2,0,9156515,PCHM
2008-07-08T10:45:08,245968000,VOLENDAM,,58.80369833,-140.31194,112,111.9,21.8,0,9156515,PCHM
2008-07-08T10:40:55,245968000,VOLENDAM,,58.81263167,-140.3572017,112,111.8,21.2,0,9156515,PCHM
2008-07-08T10:39:55,245968000,VOLENDAM,,58.81479833,-140.367955,112,112.3,20.9,0,9156515,PCHM
2008-07-08T10:39:20,245968000,VOLENDAM,,58.81604833,-140.3741317,111,111.3,21.1,0,9156515,PCHM
2008-07-08T10:37:32,245968000,VOLENDAM,,58.81976833,-140.3932683,113,112.5,21.3,0,9156515,PCHM
2008-07-08T10:36:20,245968000,VOLENDAM,,58.822405,-140.4059217,111,111.0,21.2,0,9156515,PCHM
2008-07-08T10:35:20,245968000,VOLENDAM,,58.82443833,-140.41657,111,110.3,21.2,0,9156515,PCHM
2008-07-08T10:35:08,245968000,VOLENDAM,,58.824805,-140.418505,111,110.4,21.1,0,9156515,PCHM
2008-07-08T10:32:26,245968000,VOLENDAM,,58.830525,-140.4472667,110,109.5,21.1,0,9156515,PCHM
2008-07-08T10:30:38,245968000,VOLENDAM,,58.83435833,-140.466275,112,111.4,21.2,0,9156515,PCHM
2008-07-08T10:29:56,245968000,VOLENDAM,,58.83584167,-140.473705,111,110.2,21.3,0,9156515,PCHM
2008-07-08T10:29:32,245968000,VOLENDAM,,58.836675,-140.4779567,111,110.8,21.2,0,9156515,PCHM
2008-07-08T10:29:26,245968000,VOLENDAM,,58.83689333,-140.479005,111,110.1,21.1,0,9156515,PCHM
2008-07-08T10:28:56,245968000,VOLENDAM,,58.83794167,-140.4843383,111,111.3,21.3,0,9156515,PCHM
2008-07-08T10:28:32,245968000,VOLENDAM,,58.83874167,-140.48841,111,111.9,21.2,0,9156515,PCHM
2008-07-08T10:27:50,245968000,VOLENDAM,,58.84022667,-140.4958483,112,111.2,21.4,0,9156515,PCHM
2008-07-08T10:27:20,245968000,VOLENDAM,,58.84134333,-140.5015483,111,110.1,21.4,0,9156515,PCHM
2008-07-08T10:25:20,245968000,VOLENDAM,,58.84551167,-140.5226717,111,110.4,21.4,0,9156515,PCHM
2008-07-08T10:23:08,245968000,VOLENDAM,,58.85010833,-140.5461167,112,111.8,21.4,0,9156515,PCHM
2008-07-08T10:22:44,245968000,VOLENDAM,,58.85097667,-140.5503383,112,111.3,21.3,0,9156515,PCHM
2008-07-08T10:22:21,245968000,VOLENDAM,,58.85184333,-140.5545867,111,111.4,21.1,0,9156515,PCHM
2008-07-08T10:22:14,245968000,VOLENDAM,,58.85206167,-140.55564,111,110.9,21.5,0,9156515,PCHM
2008-07-08T10:21:08,245968000,VOLENDAM,,58.85437833,-140.56731,111,111.6,21.2,0,9156515,PCHM
2008-07-08T10:20:50,245968000,VOLENDAM,,58.85496333,-140.570325,111,109.9,21.3,0,9156515,PCHM
2008-07-08T10:19:44,245968000,VOLENDAM,,58.85729667,-140.582195,111,111.1,21.3,0,9156515,PCHM
2008-07-08T10:19:21,245968000,VOLENDAM,,58.85811167,-140.58628,112,112.1,21.2,0,9156515,PCHM
2008-07-08T10:19:08,245968000,VOLENDAM,,58.85857667,-140.5885783,112,112.7,21.3,0,9156515,PCHM
2008-07-08T10:19:02,245968000,VOLENDAM,,58.85879667,-140.5896283,112,110.8,21.1,0,9156515,PCHM
2008-07-08T10:17:51,245968000,VOLENDAM,,58.86136667,-140.6023183,111,110.7,21.2,0,9156515,PCHM
2008-07-08T10:16:56,245968000,VOLENDAM,,58.86323833,-140.6118567,111,110.0,21.2,0,9156515,PCHM
2008-07-08T10:16:26,245968000,VOLENDAM,,58.86427167,-140.6171383,112,110.8,21.2,0,9156515,PCHM
2008-07-08T10:15:38,245968000,VOLENDAM,,58.86592167,-140.62541,111,111.2,21.1,0,9156515,PCHM
2008-07-08T10:12:55,245968000,VOLENDAM,,58.87152667,-140.654135,111,111.8,21.0,0,9156515,PCHM
2008-07-08T10:12:44,245968000,VOLENDAM,,58.87199333,-140.65642,111,111.0,21.0,0,9156515,PCHM
2008-07-08T10:12:32,245968000,VOLENDAM,,58.87241,-140.65852,111,111.4,21.2,0,9156515,PCHM
2008-07-08T10:11:51,245968000,VOLENDAM,,58.87386167,-140.665705,111,111.1,21.2,0,9156515,PCHM
2008-07-08T10:11:26,245968000,VOLENDAM,,58.87471167,-140.6699083,110,110.8,21.0,0,9156515,PCHM
2008-07-08T10:11:02,245968000,VOLENDAM,,58.87553,-140.6741317,110,110.3,21.2,0,9156515,PCHM
2008-07-08T10:10:02,245968000,VOLENDAM,,58.87763167,-140.6848883,111,111.5,21.1,0,9156515,PCHM
2008-07-08T10:08:39,245968000,VOLENDAM,,58.88058167,-140.699245,111,110.6,21.2,0,9156515,PCHM
2008-07-08T10:03:20,245968000,VOLENDAM,,58.89168667,-140.7552933,112,112.3,21.1,0,9156515,PCHM
2008-07-08T10:02:08,245968000,VOLENDAM,,58.89430667,-140.7680633,111,110.6,21.1,0,9156515,PCHM
2008-07-08T09:58:56,245968000,VOLENDAM,,58.90097833,-140.8017433,112,111.2,21.0,0,9156515,PCHM
2008-07-08T09:58:51,245968000,VOLENDAM,,58.901195,-140.802775,112,110.4,20.9,0,9156515,PCHM
2008-07-08T09:58:44,245968000,VOLENDAM,,58.90139333,-140.8038433,113,112.8,21.3,0,9156515,PCHM
2008-07-08T09:57:26,245968000,VOLENDAM,,58.90417833,-140.817595,112,111.3,21.5,0,9156515,PCHM
2008-07-08T09:57:20,245968000,VOLENDAM,,58.904395,-140.8186767,112,110.3,21.4,0,9156515,PCHM
2008-07-08T09:55:26,245968000,VOLENDAM,,58.90838333,-140.8388617,111,110.8,21.1,0,9156515,PCHM
2008-07-08T09:54:41,245968000,VOLENDAM,,58.903,-140.851667,511,360.0,102.3,15,9156515,PCHM
2008-07-08T09:54:26,245968000,VOLENDAM,,58.910485,-140.8496883,112,111.1,21.2,0,9156515,PCHM
2008-07-08T09:53:26,245968000,VOLENDAM,,58.91255167,-140.8601067,112,110.9,21.5,0,9156515,PCHM
2008-07-08T09:52:57,245968000,VOLENDAM,,58.913635,-140.86559,111,110.5,21.2,0,9156515,PCHM
2008-07-08T09:52:14,245968000,VOLENDAM,,58.91506833,-140.8728217,112,110.8,21.1,0,9156515,PCHM
2008-07-08T09:52:02,245968000,VOLENDAM,,58.915535,-140.87511,112,111.5,21.1,0,9156515,PCHM
2008-07-08T09:50:56,245968000,VOLENDAM,,58.91775167,-140.8863717,111,110.6,21.1,0,9156515,PCHM
2008-07-08T09:49:50,245968000,VOLENDAM,,58.92003667,-140.8982,112,111.9,21.3,0,9156515,PCHM
2008-07-08T09:49:26,245968000,VOLENDAM,,58.92088667,-140.9024017,112,111.7,21.1,0,9156515,PCHM
2008-07-08T09:48:07,245968000,VOLENDAM,,58.92369,-140.91605,112,111.1,21.2,0,9156515,PCHM
2008-07-08T09:47:20,245968000,VOLENDAM,,58.925405,-140.924645,112,111.3,21.1,0,9156515,PCHM
2008-07-08T09:47:02,245968000,VOLENDAM,,58.92604,-140.9278317,111,110.2,21.0,0,9156515,PCHM
2008-07-08T09:46:50,245968000,VOLENDAM,,58.926425,-140.9297533,111,110.7,21.1,0,9156515,PCHM
2008-07-08T09:46:07,245968000,VOLENDAM,,58.92786,-140.937145,111,110.4,21.0,0,9156515,PCHM
2008-07-08T09:45:03,245968000,VOLENDAM,,58.93011,-140.9487367,111,111.7,21.1,0,9156515,PCHM
2008-07-08T09:44:03,245968000,VOLENDAM,,58.93216167,-140.9592567,112,111.6,20.9,0,9156515,PCHM
2008-07-08T09:42:57,245968000,VOLENDAM,,58.93448,-140.9708,112,111.1,21.0,0,9156515,PCHM
2008-07-08T09:41:57,245968000,VOLENDAM,,58.936515,-140.98139,111,109.7,21.0,0,9156515,PCHM
2008-07-08T09:41:32,245968000,VOLENDAM,,58.93733167,-140.98559,112,110.7,21.2,0,9156515,PCHM
2008-07-08T09:41:20,245968000,VOLENDAM,,58.93774833,-140.9877067,112,111.9,20.9,0,9156515,PCHM
2008-07-08T09:41:02,245968000,VOLENDAM,,58.9384,-140.9908483,112,111.5,21.0,0,9156515,PCHM
2008-07-08T09:40:26,245968000,VOLENDAM,,58.9397,-140.99715,112,111.2,21.1,0,9156515,PCHM
2008-07-08T09:39:56,245968000,VOLENDAM,,58.94075167,-141.0024133,111,110.1,21.2,0,9156515,PCHM
2008-07-08T09:39:08,245968000,VOLENDAM,,58.94242,-141.0110567,111,110.3,21.1,0,9156515,PCHM
2008-07-08T09:38:32,245968000,VOLENDAM,,58.94360333,-141.0172117,112,110.5,21.0,0,9156515,PCHM
2008-07-08T09:36:38,245968000,VOLENDAM,,58.94764167,-141.0374017,111,110.4,21.1,0,9156515,PCHM
2008-07-08T09:36:26,245968000,VOLENDAM,,58.94800833,-141.03934,111,111.0,21.1,0,9156515,PCHM
2008-07-08T09:35:20,245968000,VOLENDAM,,58.95030833,-141.05111,111,111.2,21.1,0,9156515,PCHM
2008-07-08T09:32:21,245968000,VOLENDAM,,58.9565,-141.082305,110,110.0,20.7,0,9156515,PCHM
2008-07-08T09:30:44,245968000,VOLENDAM,,58.95980333,-141.0989817,112,111.0,20.6,0,9156515,PCHM
2008-07-08T09:29:38,245968000,VOLENDAM,,58.96203833,-141.1103233,111,110.8,20.8,0,9156515,PCHM
2008-07-08T09:29:09,245968000,VOLENDAM,,58.96304167,-141.1153067,111,111.8,20.7,0,9156515,PCHM
2008-07-08T09:29:09,245968000,VOLENDAM,,58.96387667,-141.119435,0,0.0,0.0,0,9156515,PCHM
2008-07-08T09:28:44,245968000,VOLENDAM,GLACIER BAY,58.96387667,-141.119435,112,111.8,20.4,0,9156515,PCHM
2008-07-08T09:28:14,245968000,VOLENDAM,GLACIER BAY,58.96496167,-141.12474,111,111.0,20.7,0,9156515,PCHM
2008-07-08T09:28:03,245968000,VOLENDAM,GLACIER BAY,58.965345,-141.1266233,111,110.4,20.7,0,9156515,PCHM
2008-07-08T09:27:26,245968000,VOLENDAM,GLACIER BAY,58.96653,-141.1328633,109,110.0,20.5,0,9156515,PCHM
2008-07-08T09:27:14,245968000,VOLENDAM,GLACIER BAY,58.96694667,-141.135095,109,109.5,20.6,0,9156515,PCHM
2008-07-08T09:26:50,245968000,VOLENDAM,GLACIER BAY,58.96769667,-141.1390667,110,110.0,20.7,0,9156515,PCHM
2008-07-08T09:25:56,245968000,VOLENDAM,GLACIER BAY,58.96953,-141.14837,111,111.8,20.5,0,9156515,PCHM
2008-07-08T09:25:20,245968000,VOLENDAM,GLACIER BAY,58.97078,-141.1545467,110,110.6,20.6,0,9156515,PCHM
2008-07-08T09:23:51,245968000,VOLENDAM,GLACIER BAY,58.97378333,-141.1700633,110,111.6,20.4,0,9156515,PCHM
2008-07-08T09:22:56,245968000,VOLENDAM,GLACIER BAY,58.97568333,-141.1794967,111,111.3,20.7,0,9156515,PCHM
2008-07-08T09:21:33,245968000,VOLENDAM,GLACIER BAY,58.97852167,-141.193565,111,110.3,20.5,0,9156515,PCHM
2008-07-08T09:21:02,245968000,VOLENDAM,GLACIER BAY,58.97957167,-141.1989033,110,110.4,20.7,0,9156515,PCHM
2008-07-08T09:20:26,245968000,VOLENDAM,GLACIER BAY,58.98082,-141.2052667,111,111.2,20.7,0,9156515,PCHM
2008-07-08T09:20:21,245968000,VOLENDAM,GLACIER BAY,58.98100333,-141.2061217,111,112.0,20.6,0,9156515,PCHM
2008-07-08T09:14:38,245968000,VOLENDAM,GLACIER BAY,58.99254333,-141.2649317,109,110.8,20.4,0,9156515,PCHM
2008-07-08T09:14:33,245968000,VOLENDAM,GLACIER BAY,58.99276167,-141.2659667,109,110.3,20.4,0,9156515,PCHM
2008-07-08T09:13:20,245968000,VOLENDAM,GLACIER BAY,58.99517833,-141.2785217,110,110.8,20.5,0,9156515,PCHM
2008-07-08T09:12:27,245968000,VOLENDAM,GLACIER BAY,58.99701333,-141.2875833,110,111.4,20.5,0,9156515,PCHM
2008-07-08T09:12:20,245968000,VOLENDAM,GLACIER BAY,58.99721333,-141.2886183,110,111.6,20.8,0,9156515,PCHM
2008-07-08T09:11:03,245968000,VOLENDAM,GLACIER BAY,58.999965,-141.301975,111,110.7,20.7,0,9156515,PCHM
2008-07-08T09:10:20,245968000,VOLENDAM,GLACIER BAY,59.001415,-141.30921,110,111.3,20.8,0,9156515,PCHM
2008-07-08T09:10:03,245968000,VOLENDAM,GLACIER BAY,59.00201667,-141.31233,110,110.7,20.4,0,9156515,PCHM
2008-07-08T09:09:14,245968000,VOLENDAM,GLACIER BAY,59.00366833,-141.3208083,109,110.9,20.6,0,9156515,PCHM
2008-07-08T09:08:32,245968000,VOLENDAM,GLACIER BAY,59.005055,-141.3280867,110,110.4,20.7,0,9156515,PCHM
2008-07-08T09:08:13,245968000,VOLENDAM,GLACIER BAY,59.00567167,-141.331195,110,111.2,20.6,0,9156515,PCHM
2008-07-08T09:06:38,245968000,VOLENDAM,GLACIER BAY,59.008975,-141.3475733,110,110.3,20.9,0,9156515,PCHM
2008-07-08T09:06:26,245968000,VOLENDAM,GLACIER BAY,59.00939,-141.3496367,109,110.8,20.7,0,9156515,PCHM
2008-07-08T09:00:32,245968000,VOLENDAM,GLACIER BAY,59.02155167,-141.4110867,109,110.6,20.6,0,9156515,PCHM
2008-07-08T08:59:57,245968000,VOLENDAM,GLACIER BAY,59.02273667,-141.417175,110,110.2,20.5,0,9156515,PCHM
2008-07-08T08:59:08,245968000,VOLENDAM,GLACIER BAY,59.02438333,-141.425475,110,112.0,20.7,0,9156515,PCHM
2008-07-08T08:58:21,245968000,VOLENDAM,GLACIER BAY,59.02605167,-141.4337667,111,111.7,21.0,0,9156515,PCHM
2008-07-08T08:57:50,245968000,VOLENDAM,GLACIER BAY,59.02712,-141.4389533,111,111.8,21.0,0,9156515,PCHM
2008-07-08T08:57:09,245968000,VOLENDAM,GLACIER BAY,59.02858833,-141.44626,110,111.3,21.0,0,9156515,PCHM
2008-07-08T08:56:02,245968000,VOLENDAM,GLACIER BAY,59.03084333,-141.45779,111,110.1,20.9,0,9156515,PCHM
2008-07-08T08:55:57,245968000,VOLENDAM,GLACIER BAY,59.03104167,-141.4588567,110,111.1,21.0,0,9156515,PCHM
2008-07-08T08:54:21,245968000,VOLENDAM,GLACIER BAY,59.034395,-141.475695,111,111.7,21.0,0,9156515,PCHM
2008-07-08T08:53:55,245968000,VOLENDAM,GLACIER BAY,59.0343333,-141.485167,511,360.0,102.3,15,9156515,PCHM
2008-07-08T08:53:45,245968000,VOLENDAM,GLACIER BAY,59.03569833,-141.481975,111,111.2,21.0,0,9156515,PCHM
2008-07-08T08:53:20,245968000,VOLENDAM,GLACIER BAY,59.03658167,-141.48636,111,112.3,20.8,0,9156515,PCHM
2008-07-08T08:53:07,245968000,VOLENDAM,GLACIER BAY,59.037,-141.488465,111,110.9,20.9,0,9156515,PCHM
2008-07-08T08:52:50,245968000,VOLENDAM,GLACIER BAY,59.03761833,-141.4916183,110,110.4,21.0,0,9156515,PCHM
2008-07-08T08:52:44,245968000,VOLENDAM,GLACIER BAY,59.03781833,-141.49267,110,109.8,21.0,0,9156515,PCHM
2008-07-08T08:52:08,245968000,VOLENDAM,GLACIER BAY,59.03902,-141.4990083,110,109.7,21.1,0,9156515,PCHM
2008-07-08T08:49:44,245968000,VOLENDAM,GLACIER BAY,59.04395667,-141.5239633,110,109.7,20.8,0,9156515,PCHM
2008-07-08T08:49:02,245968000,VOLENDAM,GLACIER BAY,59.04535833,-141.5313217,110,111.3,20.8,0,9156515,PCHM
2008-07-08T08:48:38,245968000,VOLENDAM,GLACIER BAY,59.046175,-141.5355233,111,111.3,20.8,0,9156515,PCHM
2008-07-08T08:47:50,245968000,VOLENDAM,GLACIER BAY,59.04790833,-141.5440617,111,111.3,20.9,0,9156515,PCHM
2008-07-08T08:46:20,245968000,VOLENDAM,GLACIER BAY,59.05099333,-141.559635,111,111.8,20.8,0,9156515,PCHM
2008-07-08T08:44:43,245968000,VOLENDAM,GLACIER BAY,59.05438167,-141.57662,110,109.6,21.2,0,9156515,PCHM
2008-07-08T08:43:56,245968000,VOLENDAM,GLACIER BAY,59.05596667,-141.5849133,110,111.1,21.1,0,9156515,PCHM
2008-07-08T08:43:26,245968000,VOLENDAM,GLACIER BAY,59.05704833,-141.5903733,111,111.4,21.1,0,9156515,PCHM
2008-07-08T08:40:09,245968000,VOLENDAM,GLACIER BAY,59.06388667,-141.6251117,110,110.9,21.1,0,9156515,PCHM
2008-07-08T08:38:08,245968000,VOLENDAM,GLACIER BAY,59.068205,-141.646445,111,111.2,21.2,0,9156515,PCHM
2008-07-08T08:37:26,245968000,VOLENDAM,GLACIER BAY,59.06969,-141.653875,111,111.8,21.1,0,9156515,PCHM
2008-07-08T08:36:32,245968000,VOLENDAM,GLACIER BAY,59.07152667,-141.6632783,110,110.6,21.0,0,9156515,PCHM
2008-07-08T08:35:32,245968000,VOLENDAM,GLACIER BAY,59.073645,-141.6740617,111,111.7,21.2,0,9156515,PCHM
2008-07-08T08:34:14,245968000,VOLENDAM,GLACIER BAY,59.07634667,-141.6876067,111,110.2,21.3,0,9156515,PCHM
2008-07-08T08:33:02,245968000,VOLENDAM,GLACIER BAY,59.07888,-141.70055,111,110.9,21.1,0,9156515,PCHM
2008-07-08T08:31:38,245968000,VOLENDAM,GLACIER BAY,59.08185,-141.7153483,111,111.3,21.0,0,9156515,PCHM
2008-07-08T08:30:08,245968000,VOLENDAM,GLACIER BAY,59.08497167,-141.730985,110,110.3,21.3,0,9156515,PCHM
2008-07-08T08:30:02,245968000,VOLENDAM,GLACIER BAY,59.085205,-141.7322383,110,110.4,21.0,0,9156515,PCHM
2008-07-08T08:29:45,245968000,VOLENDAM,GLACIER BAY,59.08578667,-141.73525,110,110.8,20.9,0,9156515,PCHM
2008-07-08T08:28:32,245968000,VOLENDAM,GLACIER BAY,59.088325,-141.7480767,112,112.3,20.9,0,9156515,PCHM
2008-07-08T08:28:09,245968000,VOLENDAM,GLACIER BAY,59.08915833,-141.7520917,113,112.7,21.0,0,9156515,PCHM
2008-07-08T08:26:45,245968000,VOLENDAM,GLACIER BAY,59.09227667,-141.7666533,112,112.1,20.8,0,9156515,PCHM
2008-07-08T08:25:03,245968000,VOLENDAM,GLACIER BAY,59.09594667,-141.7844017,113,113.2,20.9,0,9156515,PCHM
2008-07-08T08:24:32,245968000,VOLENDAM,GLACIER BAY,59.09711333,-141.7897883,113,112.8,21.0,0,9156515,PCHM
2008-07-08T08:24:08,245968000,VOLENDAM,GLACIER BAY,59.09796333,-141.7937717,113,112.0,20.9,0,9156515,PCHM
2008-07-08T08:23:27,245968000,VOLENDAM,GLACIER BAY,59.09949833,-141.8012583,111,111.7,21.0,0,9156515,PCHM
2008-07-08T08:23:14,245968000,VOLENDAM,GLACIER BAY,59.099915,-141.8033567,111,111.1,21.0,0,9156515,PCHM
2008-07-08T08:22:57,245968000,VOLENDAM,GLACIER BAY,59.100515,-141.806345,112,111.9,20.7,0,9156515,PCHM
2008-07-08T08:21:50,245968000,VOLENDAM,GLACIER BAY,59.10298167,-141.8179633,113,111.6,20.8,0,9156515,PCHM
2008-07-08T08:20:38,245968000,VOLENDAM,GLACIER BAY,59.10549833,-141.8303617,112,112.0,21.0,0,9156515,PCHM
2008-07-08T08:15:38,245968000,VOLENDAM,GLACIER BAY,59.11648667,-141.8827717,113,111.9,21.0,0,9156515,PCHM
2008-07-08T08:15:14,245968000,VOLENDAM,GLACIER BAY,59.11732,-141.88679,112,112.1,21.0,0,9156515,PCHM
2008-07-08T08:13:38,245968000,VOLENDAM,GLACIER BAY,59.12075667,-141.903875,112,112.3,21.0,0,9156515,PCHM
2008-07-08T08:12:56,245968000,VOLENDAM,GLACIER BAY,59.12231,-141.911205,113,112.3,21.0,0,9156515,PCHM
2008-07-08T08:12:44,245968000,VOLENDAM,GLACIER BAY,59.12276,-141.9133233,113,112.4,21.0,0,9156515,PCHM
2008-07-08T08:11:38,245968000,VOLENDAM,GLACIER BAY,59.125145,-141.924665,113,112.5,21.0,0,9156515,PCHM
2008-07-08T08:10:21,245968000,VOLENDAM,GLACIER BAY,59.12797833,-141.9382983,113,112.0,21.0,0,9156515,PCHM
2008-07-08T08:08:44,245968000,VOLENDAM,GLACIER BAY,59.13145,-141.95525,112,111.5,21.1,0,9156515,PCHM
2008-07-08T08:08:32,245968000,VOLENDAM,GLACIER BAY,59.13188333,-141.9573517,112,111.4,20.8,0,9156515,PCHM
2008-07-08T08:08:27,245968000,VOLENDAM,GLACIER BAY,59.1321,-141.9584,112,111.7,20.9,0,9156515,PCHM
2008-07-08T08:06:57,245968000,VOLENDAM,GLACIER BAY,59.13535167,-141.973945,113,112.5,21.1,0,9156515,PCHM
2008-07-08T08:06:02,245968000,VOLENDAM,GLACIER BAY,59.13737333,-141.98355,112,111.7,21.0,0,9156515,PCHM
2008-07-08T08:05:26,245968000,VOLENDAM,GLACIER BAY,59.13864167,-141.98989,112,111.3,20.9,0,9156515,PCHM
2008-07-08T08:03:50,245968000,VOLENDAM,GLACIER BAY,59.14214333,-142.0066867,113,111.9,21.0,0,9156515,PCHM
2008-07-08T08:03:26,245968000,VOLENDAM,GLACIER BAY,59.14302833,-142.01089,113,111.7,21.1,0,9156515,PCHM
2008-07-08T08:03:20,245968000,VOLENDAM,GLACIER BAY,59.143245,-142.01194,112,111.9,21.1,0,9156515,PCHM
2008-07-08T08:02:02,245968000,VOLENDAM,GLACIER BAY,59.14603,-142.0256667,112,112.4,21.2,0,9156515,PCHM
2008-07-08T08:00:56,245968000,VOLENDAM,GLACIER BAY,59.14848167,-142.0371783,112,110.4,21.0,0,9156515,PCHM
2008-07-08T08:00:32,245968000,VOLENDAM,GLACIER BAY,59.14933167,-142.0414117,111,111.1,21.0,0,9156515,PCHM
2008-07-08T07:58:44,245968000,VOLENDAM,GLACIER BAY,59.15317167,-142.0603483,113,111.8,20.9,0,9156515,PCHM
2008-07-08T07:58:01,245968000,VOLENDAM,GLACIER BAY,59.15472167,-142.0676833,113,112.5,21.0,0,9156515,PCHM
2008-07-08T07:56:32,245968000,VOLENDAM,GLACIER BAY,59.15795667,-142.08321,112,112.5,21.0,0,9156515,PCHM
2008-07-08T07:56:26,245968000,VOLENDAM,GLACIER BAY,59.15820833,-142.084445,112,111.6,20.9,0,9156515,PCHM
2008-07-08T07:56:08,245968000,VOLENDAM,GLACIER BAY,59.15885833,-142.087595,112,112.2,20.9,0,9156515,PCHM
2008-07-08T07:54:32,245968000,VOLENDAM,GLACIER BAY,59.16229333,-142.1041883,111,111.5,20.8,0,9156515,PCHM
2008-07-08T07:53:27,245968000,VOLENDAM,GLACIER BAY,59.1666667,-142.118667,511,360.0,102.3,15,9156515,PCHM
2008-07-08T07:52:57,245968000,VOLENDAM,GLACIER BAY,59.16573,-142.1209383,112,112.9,20.8,0,9156515,PCHM
2008-07-08T07:51:56,245968000,VOLENDAM,GLACIER BAY,59.16791667,-142.1313483,112,111.4,21.0,0,9156515,PCHM
2008-07-08T07:51:33,245968000,VOLENDAM,GLACIER BAY,59.1688,-142.1357017,111,111.9,20.7,0,9156515,PCHM
2008-07-08T07:51:20,245968000,VOLENDAM,GLACIER BAY,59.16921833,-142.1378067,111,110.9,20.7,0,9156515,PCHM
2008-07-08T07:50:57,245968000,VOLENDAM,GLACIER BAY,59.17005,-142.1419867,111,111.3,21.0,0,9156515,PCHM
2008-07-08T07:48:26,245968000,VOLENDAM,GLACIER BAY,59.17540833,-142.1681067,111,112.2,21.1,0,9156515,PCHM
2008-07-08T07:48:07,245968000,VOLENDAM,GLACIER BAY,59.17609167,-142.1714117,111,113.0,20.8,0,9156515,PCHM
2008-07-08T07:47:26,245968000,VOLENDAM,GLACIER BAY,59.17759167,-142.1784817,112,113.5,21.0,0,9156515,PCHM
2008-07-08T07:45:57,245968000,VOLENDAM,GLACIER BAY,59.18086333,-142.1941133,111,110.6,20.9,0,9156515,PCHM
2008-07-08T07:45:51,245968000,VOLENDAM,GLACIER BAY,59.18106333,-142.1951467,110,111.8,21.0,0,9156515,PCHM
2008-07-08T07:45:08,245968000,VOLENDAM,GLACIER BAY,59.18253167,-142.202495,110,111.0,20.7,0,9156515,PCHM
2008-07-08T07:39:50,245968000,VOLENDAM,GLACIER BAY,59.19394167,-142.2580933,110,111.4,21.0,0,9156515,PCHM
2008-07-08T07:37:50,245968000,VOLENDAM,GLACIER BAY,59.19805,-142.279215,111,111.3,20.9,0,9156515,PCHM
2008-07-08T07:36:50,245968000,VOLENDAM,GLACIER BAY,59.20019833,-142.2896817,112,111.5,20.8,0,9156515,PCHM
2008-07-08T07:34:32,245968000,VOLENDAM,GLACIER BAY,59.20493833,-142.314075,111,111.0,20.5,0,9156515,PCHM
2008-07-08T07:31:27,245968000,VOLENDAM,GLACIER BAY,59.21132833,-142.3463067,112,112.5,20.7,0,9156515,PCHM
2008-07-08T07:30:44,245968000,VOLENDAM,GLACIER BAY,59.21282833,-142.3535967,111,112.3,20.8,0,9156515,PCHM
2008-07-08T07:30:09,245968000,VOLENDAM,GLACIER BAY,59.21408,-142.3598833,111,111.3,20.7,0,9156515,PCHM
2008-07-08T07:29:19,245968000,VOLENDAM,GLACIER BAY,59.21573167,-142.3684433,111,110.2,20.8,0,9156515,PCHM
2008-07-08T07:29:02,245968000,VOLENDAM,GLACIER BAY,59.2163,-142.3714133,111,111.0,20.6,0,9156515,PCHM
2008-07-08T07:28:56,245968000,VOLENDAM,GLACIER BAY,59.216515,-142.3724617,111,110.1,20.8,0,9156515,PCHM
2008-07-08T07:25:02,245968000,VOLENDAM,GLACIER BAY,59.224505,-142.41302,111,111.4,20.8,0,9156515,PCHM
2008-07-08T07:25:02,245968000,VOLENDAM,COLLEGE FIORD,59.224505,-142.41302,111,111.4,20.8,0,9156515,PCHM
2008-07-08T07:22:02,245968000,VOLENDAM,GLACIER BAY,59.23079333,-142.44472,111,111.6,20.6,0,9156515,PCHM
2008-07-08T07:22:02,245968000,VOLENDAM,COLLEGE FIORD,59.23079333,-142.44472,111,111.6,20.6,0,9156515,PCHM
2008-07-08T07:21:44,245968000,VOLENDAM,GLACIER BAY,59.23142833,-142.4478683,112,110.7,20.7,0,9156515,PCHM
2008-07-08T07:21:44,245968000,VOLENDAM,COLLEGE FIORD,59.23142833,-142.4478683,112,110.7,20.7,0,9156515,PCHM
2008-07-08T07:20:39,245968000,VOLENDAM,GLACIER BAY,59.233695,-142.4591283,112,111.6,20.7,0,9156515,PCHM
2008-07-08T07:20:39,245968000,VOLENDAM,COLLEGE FIORD,59.233695,-142.4591283,112,111.6,20.7,0,9156515,PCHM
2008-07-08T07:20:26,245968000,VOLENDAM,GLACIER BAY,59.23413,-142.4612133,112,110.9,20.7,0,9156515,PCHM
2008-07-08T07:20:26,245968000,VOLENDAM,COLLEGE FIORD,59.23413,-142.4612133,112,110.9,20.7,0,9156515,PCHM
2008-07-08T07:14:09,245968000,VOLENDAM,GLACIER BAY,59.24682667,-142.52667,112,111.8,20.5,0,9156515,PCHM
2008-07-08T07:14:09,245968000,VOLENDAM,COLLEGE FIORD,59.24682667,-142.52667,112,111.8,20.5,0,9156515,PCHM
2008-07-08T07:12:10,245968000,VOLENDAM,GLACIER BAY,59.25073333,-142.5473483,111,109.5,20.5,0,9156515,PCHM
2008-07-08T07:12:10,245968000,VOLENDAM,COLLEGE FIORD,59.25073333,-142.5473483,111,109.5,20.5,0,9156515,PCHM
2008-07-08T07:11:20,245968000,VOLENDAM,GLACIER BAY,59.25225333,-142.5558283,111,109.3,20.2,0,9156515,PCHM
2008-07-08T07:11:20,245968000,VOLENDAM,COLLEGE FIORD,59.25225333,-142.5558283,111,109.3,20.2,0,9156515,PCHM
2008-07-08T07:11:02,245968000,VOLENDAM,GLACIER BAY,59.252785,-142.5587517,112,110.9,20.2,0,9156515,PCHM
2008-07-08T07:11:02,245968000,VOLENDAM,COLLEGE FIORD,59.252785,-142.5587517,112,110.9,20.2,0,9156515,PCHM
2008-07-08T07:10:57,245968000,VOLENDAM,GLACIER BAY,59.252985,-142.5597883,112,111.0,20.1,0,9156515,PCHM
2008-07-08T07:10:57,245968000,VOLENDAM,COLLEGE FIORD,59.252985,-142.5597883,112,111.0,20.1,0,9156515,PCHM
2008-07-08T07:09:38,245968000,VOLENDAM,GLACIER BAY,59.25553833,-142.57298,111,108.6,20.2,0,9156515,PCHM
2008-07-08T07:09:38,245968000,VOLENDAM,COLLEGE FIORD,59.25553833,-142.57298,111,108.6,20.2,0,9156515,PCHM
2008-07-08T07:09:32,245968000,VOLENDAM,GLACIER BAY,59.25579,-142.5743667,111,109.2,20.4,0,9156515,PCHM
2008-07-08T07:09:32,245968000,VOLENDAM,COLLEGE FIORD,59.25579,-142.5743667,111,109.2,20.4,0,9156515,PCHM
2008-07-08T07:09:02,245968000,VOLENDAM,GLACIER BAY,59.25668833,-142.5794,111,110.5,20.5,0,9156515,PCHM
2008-07-08T07:09:02,245968000,VOLENDAM,COLLEGE FIORD,59.25668833,-142.5794,111,110.5,20.5,0,9156515,PCHM
2008-07-08T07:07:32,245968000,VOLENDAM,GLACIER BAY,59.25964167,-142.5948233,113,110.7,20.2,0,9156515,PCHM
2008-07-08T07:07:32,245968000,VOLENDAM,COLLEGE FIORD,59.25964167,-142.5948233,113,110.7,20.2,0,9156515,PCHM
2008-07-08T07:07:26,245968000,VOLENDAM,GLACIER BAY,59.25984333,-142.59584,113,110.1,20.0,0,9156515,PCHM
2008-07-08T07:07:26,245968000,VOLENDAM,COLLEGE FIORD,59.25984333,-142.59584,113,110.1,20.0,0,9156515,PCHM
2008-07-08T07:04:57,245968000,VOLENDAM,GLACIER BAY,59.264565,-142.62152,112,109.6,20.2,0,9156515,PCHM
2008-07-08T07:04:57,245968000,VOLENDAM,COLLEGE FIORD,59.264565,-142.62152,112,109.6,20.2,0,9156515,PCHM
2008-07-08T07:04:08,245968000,VOLENDAM,GLACIER BAY,59.26614833,-142.6299217,112,110.2,20.2,0,9156515,PCHM
2008-07-08T07:04:08,245968000,VOLENDAM,COLLEGE FIORD,59.26614833,-142.6299217,112,110.2,20.2,0,9156515,PCHM
2008-07-08T07:03:19,245968000,VOLENDAM,GLACIER BAY,59.26773333,-142.6383283,112,109.6,20.3,0,9156515,PCHM
2008-07-08T07:03:19,245968000,VOLENDAM,COLLEGE FIORD,59.26773333,-142.6383283,112,109.6,20.3,0,9156515,PCHM
2008-07-08T07:00:03,245968000,VOLENDAM,GLACIER BAY,59.27412167,-142.6721383,112,109.2,20.3,0,9156515,PCHM
2008-07-08T07:00:03,245968000,VOLENDAM,COLLEGE FIORD,59.27412167,-142.6721383,112,109.2,20.3,0,9156515,PCHM
2008-07-08T06:58:19,245968000,VOLENDAM,GLACIER BAY,59.27738833,-142.68988,114,111.9,20.3,0,9156515,PCHM
2008-07-08T06:58:19,245968000,VOLENDAM,COLLEGE FIORD,59.27738833,-142.68988,114,111.9,20.3,0,9156515,PCHM
2008-07-08T06:55:44,245968000,VOLENDAM,GLACIER BAY,59.28241,-142.7165333,112,110.2,20.5,0,9156515,PCHM
2008-07-08T06:55:44,245968000,VOLENDAM,COLLEGE FIORD,59.28241,-142.7165333,112,110.2,20.5,0,9156515,PCHM
2008-07-08T06:53:50,245968000,VOLENDAM,GLACIER BAY,59.28609667,-142.7362467,112,110.6,20.3,0,9156515,PCHM
2008-07-08T06:53:50,245968000,VOLENDAM,COLLEGE FIORD,59.28609667,-142.7362467,112,110.6,20.3,0,9156515,PCHM
2008-07-08T06:52:49,245968000,VOLENDAM,GLACIER BAY,59.2848333,-142.751167,511,360.0,102.3,15,9156515,PCHM
2008-07-08T06:52:49,245968000,VOLENDAM,COLLEGE FIORD,59.2848333,-142.751167,511,360.0,102.3,15,9156515,PCHM
2008-07-08T06:49:21,245968000,VOLENDAM,GLACIER BAY,59.294765,-142.7830917,113,110.3,20.5,0,9156515,PCHM
2008-07-08T06:49:21,245968000,VOLENDAM,COLLEGE FIORD,59.294765,-142.7830917,113,110.3,20.5,0,9156515,PCHM
2008-07-08T06:48:02,245968000,VOLENDAM,GLACIER BAY,59.29730333,-142.7965683,112,109.3,20.6,0,9156515,PCHM
2008-07-08T06:48:02,245968000,VOLENDAM,COLLEGE FIORD,59.29730333,-142.7965683,112,109.3,20.6,0,9156515,PCHM
2008-07-08T06:46:38,245968000,VOLENDAM,GLACIER BAY,59.30002,-142.8113283,113,110.7,20.6,0,9156515,PCHM
2008-07-08T06:46:38,245968000,VOLENDAM,COLLEGE FIORD,59.30002,-142.8113283,113,110.7,20.6,0,9156515,PCHM
2008-07-08T06:44:44,245968000,VOLENDAM,GLACIER BAY,59.30374,-142.8311,111,109.0,20.4,0,9156515,PCHM
2008-07-08T06:44:44,245968000,VOLENDAM,COLLEGE FIORD,59.30374,-142.8311,111,109.0,20.4,0,9156515,PCHM
2008-07-08T06:33:56,245968000,VOLENDAM,GLACIER BAY,59.32472333,-142.94444,112,109.2,20.7,0,9156515,PCHM
2008-07-08T06:33:56,245968000,VOLENDAM,COLLEGE FIORD,59.32472333,-142.94444,112,109.2,20.7,0,9156515,PCHM
2008-07-08T06:25:32,245968000,VOLENDAM,GLACIER BAY,59.34089,-143.032245,110,110.5,20.4,0,9156515,PCHM
2008-07-08T06:25:32,245968000,VOLENDAM,COLLEGE FIORD,59.34089,-143.032245,110,110.5,20.4,0,9156515,PCHM
2008-07-08T06:02:44,245968000,VOLENDAM,GLACIER BAY,59.38505667,-143.2707667,109,109.5,20.5,0,9156515,PCHM
2008-07-08T06:02:44,245968000,VOLENDAM,COLLEGE FIORD,59.38505667,-143.2707667,109,109.5,20.5,0,9156515,PCHM
2008-07-08T04:51:51,245968000,VOLENDAM,GLACIER BAY,59.5196667,-144.000167,511,360.0,102.3,15,9156515,PCHM
2008-07-08T04:51:51,245968000,VOLENDAM,COLLEGE FIORD,59.5196667,-144.000167,511,360.0,102.3,15,9156515,PCHM
2008-07-08T03:51:48,245968000,VOLENDAM,GLACIER BAY,59.6351667,-144.602667,511,360.0,102.3,15,9156515,PCHM
2008-07-08T03:51:48,245968000,VOLENDAM,COLLEGE FIORD,59.6351667,-144.602667,511,360.0,102.3,15,9156515,PCHM
2008-07-08T02:51:11,245968000,VOLENDAM,GLACIER BAY,59.7003333,-144.950833,511,360.0,102.3,15,9156515,PCHM
2008-07-08T02:51:11,245968000,VOLENDAM,COLLEGE FIORD,59.7003333,-144.950833,511,360.0,102.3,15,9156515,PCHM
2008-07-08T01:50:16,245968000,VOLENDAM,GLACIER BAY,59.7173333,-144.569333,511,360.0,102.3,15,9156515,PCHM
2008-07-08T01:50:16,245968000,VOLENDAM,COLLEGE FIORD,59.7173333,-144.569333,511,360.0,102.3,15,9156515,PCHM
2008-07-08T00:49:56,245968000,VOLENDAM,GLACIER BAY,59.7335,-144.851333,511,360.0,102.3,15,9156515,PCHM
2008-07-08T00:49:56,245968000,VOLENDAM,COLLEGE FIORD,59.7335,-144.851333,511,360.0,102.3,15,9156515,PCHM
2008-07-08T00:10:14,245968000,VOLENDAM,GLACIER BAY,59.81429,-145.2006767,118,119.8,18.8,0,9156515,PCHM
2008-07-08T00:10:14,245968000,VOLENDAM,COLLEGE FIORD,59.81429,-145.2006767,118,119.8,18.8,0,9156515,PCHM
