bs_ts,mmsi,lat,lon,cog,sog,heading,imo,callsign,name,Type of ship,destination
2008-06-07T00:26:16,309653000,54.58389333,-131.290915,176.4,24.0,175,9342281,C6VG7,NORWEGIAN PEARL,16,VICTORIA
2008-06-07T00:26:12,309653000,54.584335,-131.2909767,176.4,24.0,175,9342281,C6VG7,NORWEGIAN PEARL,16,VICTORIA
2008-06-07T00:26:08,309653000,54.58488833,-131.2910483,177.1,24.0,176,9342281,C6VG7,NORWEGIAN PEARL,16,VICTORIA
2008-06-07T00:26:06,309653000,54.585115,-131.29107,177.1,24.0,176,9342281,C6VG7,NORWEGIAN PEARL,16,VICTORIA
2008-06-07T00:26:04,309653000,54.58522167,-131.2910767,177.4,24.0,176,9342281,C6VG7,NORWEGIAN PEARL,16,VICTORIA
2008-06-07T00:26:00,309653000,54.585665,-131.2911233,178.1,24.0,177,9342281,C6VG7,NORWEGIAN PEARL,16,VICTORIA
2008-06-07T00:25:58,309653000,54.58589333,-131.29114,178.1,24.0,177,9342281,C6VG7,NORWEGIAN PEARL,16,VICTORIA
2008-06-07T00:25:46,309653000,54.58722833,-131.2912233,179.1,24.2,178,9342281,C6VG7,NORWEGIAN PEARL,16,VICTORIA
2008-06-07T00:25:44,309653000,54.587445,-131.2912333,179.1,24.1,178,9342281,C6VG7,NORWEGIAN PEARL,16,VICTORIA
2008-06-07T00:25:40,309653000,54.58789167,-131.2912433,180.1,24.1,179,9342281,C6VG7,NORWEGIAN PEARL,16,VICTORIA
2008-06-07T00:25:34,309653000,54.58867667,-131.2912567,179.9,24.1,179,9342281,C6VG7,NORWEGIAN PEARL,16,VICTORIA
2008-06-07T00:25:30,309653000,54.58911333,-131.2912583,180.9,24.1,180,9342281,C6VG7,NORWEGIAN PEARL,16,VICTORIA
2008-06-07T00:25:26,309653000,54.58956833,-131.2912583,180.9,24.2,180,9342281,C6VG7,NORWEGIAN PEARL,16,VICTORIA
2008-06-07T00:25:24,309653000,54.589785,-131.291255,180.9,24.2,180,9342281,C6VG7,NORWEGIAN PEARL,16,VICTORIA
2008-06-07T00:25:22,309653000,54.590015,-131.2912533,181.9,24.2,181,9342281,C6VG7,NORWEGIAN PEARL,16,VICTORIA
2008-06-07T00:25:14,309653000,54.59090667,-131.2912233,181.9,24.1,181,9342281,C6VG7,NORWEGIAN PEARL,16,VICTORIA
2008-06-07T00:25:12,309653000,54.59112333,-131.2912083,181.9,24.1,181,9342281,C6VG7,NORWEGIAN PEARL,16,VICTORIA
2008-06-07T00:25:08,309653000,54.59156833,-131.2911833,183.1,24.1,182,9342281,C6VG7,NORWEGIAN PEARL,16,VICTORIA
2008-06-07T00:25:02,309653000,54.592245,-131.2911317,183.1,24.1,182,9342281,C6VG7,NORWEGIAN PEARL,16,VICTORIA
2008-06-07T00:24:46,309653000,54.59402333,-131.2909583,184.7,24.0,184,9342281,C6VG7,NORWEGIAN PEARL,16,VICTORIA
2008-06-07T00:24:44,309653000,54.59424,-131.2909267,184.7,24.1,184,9342281,C6VG7,NORWEGIAN PEARL,16,VICTORIA
2008-06-07T00:24:40,309653000,54.59457167,-131.2908783,185.9,24.0,185,9342281,C6VG7,NORWEGIAN PEARL,16,VICTORIA
2008-06-07T00:24:36,309653000,54.59512667,-131.2908,185.9,24.0,185,9342281,C6VG7,NORWEGIAN PEARL,16,VICTORIA
2008-06-07T00:24:16,309653000,54.59722333,-131.2904083,187.9,24.0,187,9342281,C6VG7,NORWEGIAN PEARL,16,VICTORIA
2008-06-07T00:23:58,309653000,54.599205,-131.2899333,189.7,24.0,189,9342281,C6VG7,NORWEGIAN PEARL,16,VICTORIA
2008-06-07T00:23:56,309653000,54.59952833,-131.2898467,189.7,24.0,189,9342281,C6VG7,NORWEGIAN PEARL,16,VICTORIA
2008-06-07T00:23:52,309653000,54.599965,-131.2897167,189.4,24.0,189,9342281,C6VG7,NORWEGIAN PEARL,16,VICTORIA
2008-06-07T00:23:50,309653000,54.60017833,-131.28966,189.4,24.0,189,9342281,C6VG7,NORWEGIAN PEARL,16,VICTORIA
2008-06-07T00:23:46,309653000,54.60062333,-131.289525,190.4,24.0,190,9342281,C6VG7,NORWEGIAN PEARL,16,VICTORIA
2008-06-07T00:23:44,309653000,54.600835,-131.2894583,190.4,23.9,190,9342281,C6VG7,NORWEGIAN PEARL,16,VICTORIA
2008-06-07T00:23:42,309653000,54.60106,-131.2893917,190.7,23.9,190,9342281,C6VG7,NORWEGIAN PEARL,16,VICTORIA
2008-06-07T00:23:40,309653000,54.60127167,-131.2893267,190.4,23.9,190,9342281,C6VG7,NORWEGIAN PEARL,16,VICTORIA
2008-06-07T00:23:38,309653000,54.601495,-131.2892583,190.4,23.9,190,9342281,C6VG7,NORWEGIAN PEARL,16,VICTORIA
2008-06-07T00:23:36,309653000,54.60170667,-131.2891917,191.7,23.9,190,9342281,C6VG7,NORWEGIAN PEARL,16,VICTORIA
2008-06-07T00:23:34,309653000,54.60193,-131.2891167,191.7,23.9,191,9342281,C6VG7,NORWEGIAN PEARL,16,VICTORIA
2008-06-07T00:23:32,309653000,54.60214,-131.28905,191.7,23.9,191,9342281,C6VG7,NORWEGIAN PEARL,16,VICTORIA
2008-06-07T00:23:30,309653000,54.60235,-131.28898,191.7,23.9,191,9342281,C6VG7,NORWEGIAN PEARL,16,VICTORIA
2008-06-07T00:23:28,309653000,54.602575,-131.288905,191.9,23.9,191,9342281,C6VG7,NORWEGIAN PEARL,16,VICTORIA
2008-06-07T00:23:26,309653000,54.602795,-131.2888317,191.9,23.9,191,9342281,C6VG7,NORWEGIAN PEARL,16,VICTORIA
2008-06-07T00:23:24,309653000,54.60300667,-131.2887567,191.9,23.9,191,9342281,C6VG7,NORWEGIAN PEARL,16,VICTORIA
2008-06-07T00:23:22,309653000,54.60322667,-131.2886817,192.9,23.9,191,9342281,C6VG7,NORWEGIAN PEARL,16,VICTORIA
2008-06-07T00:23:20,309653000,54.60343833,-131.2886067,192.9,23.9,192,9342281,C6VG7,NORWEGIAN PEARL,16,VICTORIA
2008-06-07T00:23:18,309653000,54.60366,-131.288525,192.9,23.9,192,9342281,C6VG7,NORWEGIAN PEARL,16,VICTORIA
2008-06-07T00:23:16,309653000,54.60387,-131.288445,192.9,23.9,192,9342281,C6VG7,NORWEGIAN PEARL,16,VICTORIA
2008-06-07T00:23:14,309653000,54.60409167,-131.2883633,192.9,23.9,192,9342281,C6VG7,NORWEGIAN PEARL,16,VICTORIA
2008-06-07T00:23:12,309653000,54.6043,-131.2882833,192.9,23.9,192,9342281,C6VG7,NORWEGIAN PEARL,16,VICTORIA
2008-06-07T00:23:10,309653000,54.60451167,-131.2882033,193.9,23.9,192,9342281,C6VG7,NORWEGIAN PEARL,16,VICTORIA
2008-06-07T00:23:08,309653000,54.60473167,-131.2881167,193.9,23.9,193,9342281,C6VG7,NORWEGIAN PEARL,16,VICTORIA
2008-06-07T00:23:06,309653000,54.60484333,-131.2880733,193.7,23.9,193,9342281,C6VG7,NORWEGIAN PEARL,16,VICTORIA
2008-06-07T00:23:04,309653000,54.60505333,-131.2879917,193.7,23.9,193,9342281,C6VG7,NORWEGIAN PEARL,16,VICTORIA
2008-06-07T00:23:02,309653000,54.605275,-131.2879,193.9,23.9,193,9342281,C6VG7,NORWEGIAN PEARL,16,VICTORIA
2008-06-07T00:23:00,309653000,54.60559167,-131.287775,194.9,23.9,194,9342281,C6VG7,NORWEGIAN PEARL,16,VICTORIA
2008-06-07T00:22:56,309653000,54.60602333,-131.2875917,195.1,23.9,194,9342281,C6VG7,NORWEGIAN PEARL,16,VICTORIA
2008-06-07T00:22:54,309653000,54.60624333,-131.2875,196.1,23.9,195,9342281,C6VG7,NORWEGIAN PEARL,16,VICTORIA
2008-06-07T00:22:52,309653000,54.60645167,-131.2874083,195.9,23.9,195,9342281,C6VG7,NORWEGIAN PEARL,16,VICTORIA
2008-06-07T00:22:50,309653000,54.60666,-131.2873117,195.9,23.9,195,9342281,C6VG7,NORWEGIAN PEARL,16,VICTORIA
2008-06-07T00:22:46,309653000,54.60709833,-131.287105,195.9,24.0,195,9342281,C6VG7,NORWEGIAN PEARL,16,VICTORIA
2008-06-07T00:22:44,309653000,54.60730667,-131.2870117,196.9,24.0,196,9342281,C6VG7,NORWEGIAN PEARL,16,VICTORIA
2008-06-07T00:22:42,309653000,54.60741833,-131.286955,196.7,24.0,196,9342281,C6VG7,NORWEGIAN PEARL,16,VICTORIA
2008-06-07T00:22:40,309653000,54.60762667,-131.2868517,196.7,23.9,196,9342281,C6VG7,NORWEGIAN PEARL,16,VICTORIA
2008-06-07T00:22:38,309653000,54.60784333,-131.2867417,196.7,23.9,196,9342281,C6VG7,NORWEGIAN PEARL,16,VICTORIA
2008-06-07T00:22:36,309653000,54.60805333,-131.28664,196.7,23.9,196,9342281,C6VG7,NORWEGIAN PEARL,16,VICTORIA
2008-06-07T00:22:32,309653000,54.608475,-131.2864233,197.9,23.9,197,9342281,C6VG7,NORWEGIAN PEARL,16,VICTORIA
2008-06-07T00:22:30,309653000,54.60869167,-131.2863133,197.9,23.8,197,9342281,C6VG7,NORWEGIAN PEARL,16,VICTORIA
2008-06-07T00:22:28,309653000,54.6089,-131.2862017,198.2,23.8,197,9342281,C6VG7,NORWEGIAN PEARL,16,VICTORIA
2008-06-07T00:22:26,309653000,54.60911667,-131.2860917,197.9,23.8,197,9342281,C6VG7,NORWEGIAN PEARL,16,VICTORIA
2008-06-07T00:22:24,309653000,54.60932167,-131.2859817,197.9,23.8,197,9342281,C6VG7,NORWEGIAN PEARL,16,VICTORIA
2008-06-07T00:22:22,309653000,54.60953833,-131.2858633,198.9,23.8,198,9342281,C6VG7,NORWEGIAN PEARL,16,VICTORIA
2008-06-07T00:22:20,309653000,54.60974667,-131.2857533,198.7,23.8,198,9342281,C6VG7,NORWEGIAN PEARL,16,VICTORIA
2008-06-07T00:22:18,309653000,54.60996167,-131.2856317,198.7,23.8,198,9342281,C6VG7,NORWEGIAN PEARL,16,VICTORIA
2008-06-07T00:22:16,309653000,54.61016833,-131.2855167,199.7,23.8,199,9342281,C6VG7,NORWEGIAN PEARL,16,VICTORIA
2008-06-07T00:22:14,309653000,54.61048667,-131.2853333,199.7,23.8,199,9342281,C6VG7,NORWEGIAN PEARL,16,VICTORIA
2008-06-07T00:22:12,309653000,54.61069167,-131.285215,199.4,23.8,199,9342281,C6VG7,NORWEGIAN PEARL,16,VICTORIA
2008-06-07T00:22:10,309653000,54.61089333,-131.2850933,199.4,23.8,199,9342281,C6VG7,NORWEGIAN PEARL,16,VICTORIA
2008-06-07T00:22:08,309653000,54.61110667,-131.2849667,200.4,23.8,200,9342281,C6VG7,NORWEGIAN PEARL,16,VICTORIA
2008-06-07T00:22:06,309653000,54.61132,-131.28484,200.2,23.8,200,9342281,C6VG7,NORWEGIAN PEARL,16,VICTORIA
2008-06-07T00:22:04,309653000,54.61152333,-131.2847167,200.0,23.8,200,9342281,C6VG7,NORWEGIAN PEARL,16,VICTORIA
2008-06-07T00:22:02,309653000,54.611735,-131.284585,199.7,23.8,200,9342281,C6VG7,NORWEGIAN PEARL,16,VICTORIA
2008-06-07T00:22:00,309653000,54.61193667,-131.284455,200.0,23.8,200,9342281,C6VG7,NORWEGIAN PEARL,16,VICTORIA
2008-06-07T00:21:56,309653000,54.61235,-131.2842017,200.7,23.8,201,9342281,C6VG7,NORWEGIAN PEARL,16,VICTORIA
2008-06-07T00:21:54,309653000,54.61256,-131.284065,200.7,23.8,201,9342281,C6VG7,NORWEGIAN PEARL,16,VICTORIA
2008-06-07T00:21:52,309653000,54.61276167,-131.283935,200.7,23.8,201,9342281,C6VG7,NORWEGIAN PEARL,16,VICTORIA
2008-06-07T00:21:50,309653000,54.61296333,-131.2838033,200.7,23.8,201,9342281,C6VG7,NORWEGIAN PEARL,16,VICTORIA
2008-06-07T00:21:44,309653000,54.613585,-131.2834,200.7,23.8,201,9342281,C6VG7,NORWEGIAN PEARL,16,VICTORIA
2008-06-07T00:21:42,309653000,54.613795,-131.283265,201.0,23.8,201,9342281,C6VG7,NORWEGIAN PEARL,16,VICTORIA
2008-06-07T00:21:40,309653000,54.61399833,-131.2831367,201.0,23.8,201,9342281,C6VG7,NORWEGIAN PEARL,16,VICTORIA
2008-06-07T00:21:38,309653000,54.61421,-131.283005,201.0,23.8,201,9342281,C6VG7,NORWEGIAN PEARL,16,VICTORIA
2008-06-07T00:21:36,309653000,54.61441333,-131.2828817,201.0,23.8,201,9342281,C6VG7,NORWEGIAN PEARL,16,VICTORIA
2008-06-07T00:21:34,309653000,54.614625,-131.2827483,201.0,23.8,201,9342281,C6VG7,NORWEGIAN PEARL,16,VICTORIA
2008-06-07T00:21:32,309653000,54.61482667,-131.2826267,201.2,23.8,201,9342281,C6VG7,NORWEGIAN PEARL,16,VICTORIA
2008-06-07T00:21:30,309653000,54.61503,-131.282505,201.2,23.8,201,9342281,C6VG7,NORWEGIAN PEARL,16,VICTORIA
2008-06-07T00:21:28,309653000,54.61524167,-131.2823717,201.0,23.8,201,9342281,C6VG7,NORWEGIAN PEARL,16,VICTORIA
2008-06-07T00:21:26,309653000,54.61545167,-131.28223,201.0,23.8,201,9342281,C6VG7,NORWEGIAN PEARL,16,VICTORIA
2008-06-07T00:21:24,309653000,54.61555,-131.2821667,201.0,23.8,201,9342281,C6VG7,NORWEGIAN PEARL,16,VICTORIA
2008-06-07T00:21:22,309653000,54.61575833,-131.2820267,201.0,23.8,201,9342281,C6VG7,NORWEGIAN PEARL,16,VICTORIA
2008-06-07T00:21:20,309653000,54.61596,-131.2818933,201.0,23.8,201,9342281,C6VG7,NORWEGIAN PEARL,16,VICTORIA
2008-06-07T00:21:18,309653000,54.61627333,-131.2816867,201.2,23.9,201,9342281,C6VG7,NORWEGIAN PEARL,16,VICTORIA
2008-06-07T00:21:16,309653000,54.61647333,-131.2815533,201.0,23.9,201,9342281,C6VG7,NORWEGIAN PEARL,16,VICTORIA
2008-06-07T00:21:14,309653000,54.61668333,-131.28141,201.0,23.9,201,9342281,C6VG7,NORWEGIAN PEARL,16,VICTORIA
2008-06-07T00:21:12,309653000,54.61678,-131.2813433,202.0,23.9,202,9342281,C6VG7,NORWEGIAN PEARL,16,VICTORIA
2008-06-07T00:21:10,309653000,54.61708167,-131.28114,202.0,23.9,202,9342281,C6VG7,NORWEGIAN PEARL,16,VICTORIA
2008-06-07T00:21:08,309653000,54.61729167,-131.2809967,201.7,23.9,202,9342281,C6VG7,NORWEGIAN PEARL,16,VICTORIA
2008-06-07T00:21:06,309653000,54.61739833,-131.2809233,201.7,23.9,202,9342281,C6VG7,NORWEGIAN PEARL,16,VICTORIA
2008-06-07T00:21:04,309653000,54.6176,-131.2807867,201.7,23.9,202,9342281,C6VG7,NORWEGIAN PEARL,16,VICTORIA
2008-06-07T00:21:02,309653000,54.61780667,-131.2806433,201.7,23.9,202,9342281,C6VG7,NORWEGIAN PEARL,16,VICTORIA
2008-06-07T00:21:00,309653000,54.61800833,-131.2805083,201.7,23.8,202,9342281,C6VG7,NORWEGIAN PEARL,16,VICTORIA
2008-06-07T00:20:58,309653000,54.61821833,-131.280365,201.7,23.8,202,9342281,C6VG7,NORWEGIAN PEARL,16,VICTORIA
2008-06-07T00:20:56,309653000,54.61841833,-131.2802283,201.7,23.8,202,9342281,C6VG7,NORWEGIAN PEARL,16,VICTORIA
2008-06-07T00:20:54,309653000,54.61862833,-131.2800833,202.0,23.8,202,9342281,C6VG7,NORWEGIAN PEARL,16,VICTORIA
2008-06-07T00:20:52,309653000,54.61882833,-131.2799483,202.0,23.8,202,9342281,C6VG7,NORWEGIAN PEARL,16,VICTORIA
2008-06-07T00:20:50,309653000,54.61903667,-131.279805,201.7,23.8,202,9342281,C6VG7,NORWEGIAN PEARL,16,VICTORIA
2008-06-07T00:20:44,309653000,54.61964667,-131.2793917,201.5,23.8,202,9342281,C6VG7,NORWEGIAN PEARL,16,VICTORIA
2008-06-07T00:20:40,309653000,54.62005667,-131.2791167,201.5,23.8,202,9342281,C6VG7,NORWEGIAN PEARL,16,VICTORIA
2008-06-07T00:20:38,309653000,54.62026667,-131.278975,201.5,23.9,202,9342281,C6VG7,NORWEGIAN PEARL,16,VICTORIA
2008-06-07T00:20:36,309653000,54.62046833,-131.2788433,201.2,23.9,202,9342281,C6VG7,NORWEGIAN PEARL,16,VICTORIA
2008-06-07T00:20:34,309653000,54.62078,-131.2786383,201.2,23.9,202,9342281,C6VG7,NORWEGIAN PEARL,16,VICTORIA
2008-06-07T00:20:32,309653000,54.62098,-131.2785017,201.5,23.9,202,9342281,C6VG7,NORWEGIAN PEARL,16,VICTORIA
2008-06-07T00:20:28,309653000,54.62139,-131.2782317,201.5,23.8,202,9342281,C6VG7,NORWEGIAN PEARL,16,VICTORIA
2008-06-07T00:20:26,309653000,54.6216,-131.27809,201.5,23.9,202,9342281,C6VG7,NORWEGIAN PEARL,16,VICTORIA
2008-06-07T00:20:24,309653000,54.6218,-131.277955,201.5,23.9,202,9342281,C6VG7,NORWEGIAN PEARL,16,VICTORIA
2008-06-07T00:20:22,309653000,54.62201,-131.27781,201.5,23.8,202,9342281,C6VG7,NORWEGIAN PEARL,16,VICTORIA
2008-06-07T00:20:20,309653000,54.62221,-131.2776767,200.5,23.8,201,9342281,C6VG7,NORWEGIAN PEARL,16,VICTORIA
2008-06-07T00:20:18,309653000,54.62242167,-131.2775383,200.5,23.9,201,9342281,C6VG7,NORWEGIAN PEARL,16,VICTORIA
2008-06-07T00:20:14,309653000,54.62283333,-131.2772683,200.5,23.9,201,9342281,C6VG7,NORWEGIAN PEARL,16,VICTORIA
2008-06-07T00:20:12,309653000,54.623035,-131.277135,200.5,23.9,201,9342281,C6VG7,NORWEGIAN PEARL,16,VICTORIA
2008-06-07T00:20:10,309653000,54.623235,-131.2770067,200.5,23.9,201,9342281,C6VG7,NORWEGIAN PEARL,16,VICTORIA
2008-06-07T00:20:08,309653000,54.62344667,-131.2768667,200.5,23.9,201,9342281,C6VG7,NORWEGIAN PEARL,16,VICTORIA
2008-06-07T00:20:06,309653000,54.62365833,-131.2767317,200.5,23.9,201,9342281,C6VG7,NORWEGIAN PEARL,16,VICTORIA
2008-06-07T00:20:05,309653000,54.62385833,-131.2766033,0.0,0.0,0,9342281,C6VG7,NORWEGIAN PEARL,16,VICTORIA
2008-06-07T00:20:04,309653000,54.62385833,-131.2766033,200.5,23.9,201,9342281,C6VG7,NORWEGIAN PEARL,16,VICTORIA
2008-06-07T00:20:02,309653000,54.62407,-131.2764633,200.5,23.9,201,9342281,C6VG7,NORWEGIAN PEARL,16,VICTORIA
2008-06-07T00:20:00,309653000,54.62427167,-131.2763333,200.5,23.9,201,9342281,C6VG7,NORWEGIAN PEARL,16,VICTORIA
2008-06-07T00:19:58,309653000,54.62448333,-131.2761933,200.5,23.9,201,9342281,C6VG7,NORWEGIAN PEARL,16,VICTORIA
2008-06-07T00:19:56,309653000,54.62468333,-131.276065,200.2,23.9,201,9342281,C6VG7,NORWEGIAN PEARL,16,VICTORIA
2008-06-07T00:19:54,309653000,54.624895,-131.27593,201.5,23.9,202,9342281,C6VG7,NORWEGIAN PEARL,16,VICTORIA
2008-06-07T00:19:52,309653000,54.62509667,-131.2758,201.5,23.9,202,9342281,C6VG7,NORWEGIAN PEARL,16,VICTORIA
2008-06-07T00:19:44,309653000,54.62592167,-131.2752633,201.5,23.8,202,9342281,C6VG7,NORWEGIAN PEARL,16,VICTORIA
2008-06-07T00:19:42,309653000,54.62603,-131.2751917,201.5,23.8,202,9342281,C6VG7,NORWEGIAN PEARL,16,VICTORIA
2008-06-07T00:19:40,309653000,54.62633333,-131.274995,201.5,23.8,202,9342281,C6VG7,NORWEGIAN PEARL,16,VICTORIA
2008-06-07T00:19:38,309653000,54.62654667,-131.2748517,201.5,23.8,202,9342281,C6VG7,NORWEGIAN PEARL,16,VICTORIA
2008-06-07T00:19:36,309653000,54.62664333,-131.2747883,201.5,23.8,202,9342281,C6VG7,NORWEGIAN PEARL,16,VICTORIA
2008-06-07T00:19:34,309653000,54.62695667,-131.2745783,201.5,23.8,202,9342281,C6VG7,NORWEGIAN PEARL,16,VICTORIA
2008-06-07T00:19:32,309653000,54.62705333,-131.2745117,201.5,23.8,202,9342281,C6VG7,NORWEGIAN PEARL,16,VICTORIA
2008-06-07T00:19:30,309653000,54.627265,-131.2743683,201.2,23.8,202,9342281,C6VG7,NORWEGIAN PEARL,16,VICTORIA
2008-06-07T00:19:28,309653000,54.627465,-131.274235,201.0,23.9,202,9342281,C6VG7,NORWEGIAN PEARL,16,VICTORIA
2008-06-07T00:19:24,309653000,54.627875,-131.2739583,201.0,23.9,202,9342281,C6VG7,NORWEGIAN PEARL,16,VICTORIA
2008-06-07T00:19:22,309653000,54.628085,-131.273815,201.0,23.9,202,9342281,C6VG7,NORWEGIAN PEARL,16,VICTORIA
2008-06-07T00:19:20,309653000,54.628285,-131.27368,201.0,23.9,202,9342281,C6VG7,NORWEGIAN PEARL,16,VICTORIA
2008-06-07T00:19:18,309653000,54.62849667,-131.2735417,201.0,23.9,202,9342281,C6VG7,NORWEGIAN PEARL,16,VICTORIA
2008-06-07T00:19:14,309653000,54.62890833,-131.2732667,201.0,23.8,202,9342281,C6VG7,NORWEGIAN PEARL,16,VICTORIA
2008-06-07T00:19:10,309653000,54.62931833,-131.272995,201.0,23.9,202,9342281,C6VG7,NORWEGIAN PEARL,16,VICTORIA
2008-06-07T00:19:08,309653000,54.62952,-131.2728617,201.0,23.9,202,9342281,C6VG7,NORWEGIAN PEARL,16,VICTORIA
2008-06-07T00:19:06,309653000,54.62973,-131.2727233,201.0,23.9,202,9342281,C6VG7,NORWEGIAN PEARL,16,VICTORIA
2008-06-07T00:19:04,309653000,54.62993167,-131.2725867,201.2,23.8,202,9342281,C6VG7,NORWEGIAN PEARL,16,VICTORIA
2008-06-07T00:19:02,309653000,54.63014167,-131.27245,201.2,23.8,202,9342281,C6VG7,NORWEGIAN PEARL,16,VICTORIA
2008-06-07T00:19:00,309653000,54.63034333,-131.2723183,201.2,23.8,202,9342281,C6VG7,NORWEGIAN PEARL,16,VICTORIA
2008-06-07T00:18:58,309653000,54.63055667,-131.2721783,201.2,23.8,202,9342281,C6VG7,NORWEGIAN PEARL,16,VICTORIA
2008-06-07T00:18:54,309653000,54.63106833,-131.2718433,201.2,23.8,202,9342281,C6VG7,NORWEGIAN PEARL,16,VICTORIA
2008-06-07T00:18:52,309653000,54.63127,-131.2717117,201.2,23.8,202,9342281,C6VG7,NORWEGIAN PEARL,16,VICTORIA
2008-06-07T00:18:50,309653000,54.63147,-131.2715783,201.2,23.8,202,9342281,C6VG7,NORWEGIAN PEARL,16,VICTORIA
2008-06-07T00:18:48,309653000,54.63168,-131.27144,201.2,23.8,202,9342281,C6VG7,NORWEGIAN PEARL,16,VICTORIA
2008-06-07T00:18:46,309653000,54.63189333,-131.2713017,201.2,23.8,202,9342281,C6VG7,NORWEGIAN PEARL,16,VICTORIA
2008-06-07T00:18:44,309653000,54.63209333,-131.2711683,201.2,23.8,202,9342281,C6VG7,NORWEGIAN PEARL,16,VICTORIA
2008-06-07T00:18:42,309653000,54.63230333,-131.2710283,201.0,23.8,202,9342281,C6VG7,NORWEGIAN PEARL,16,VICTORIA
2008-06-07T00:18:40,309653000,54.63250333,-131.2708983,201.0,23.8,202,9342281,C6VG7,NORWEGIAN PEARL,16,VICTORIA
2008-06-07T00:18:38,309653000,54.632715,-131.2707567,201.2,23.8,202,9342281,C6VG7,NORWEGIAN PEARL,16,VICTORIA
2008-06-07T00:18:36,309653000,54.632915,-131.2706217,201.2,23.9,202,9342281,C6VG7,NORWEGIAN PEARL,16,VICTORIA
2008-06-07T00:18:34,309653000,54.633125,-131.2704867,201.0,23.9,202,9342281,C6VG7,NORWEGIAN PEARL,16,VICTORIA
2008-06-07T00:18:32,309653000,54.63332333,-131.2703517,201.0,23.9,202,9342281,C6VG7,NORWEGIAN PEARL,16,VICTORIA
2008-06-07T00:18:30,309653000,54.633525,-131.2702167,201.2,23.9,202,9342281,C6VG7,NORWEGIAN PEARL,16,VICTORIA
2008-06-07T00:18:28,309653000,54.633735,-131.2700783,201.0,23.9,202,9342281,C6VG7,NORWEGIAN PEARL,16,VICTORIA
2008-06-07T00:18:24,309653000,54.63414667,-131.2698033,201.2,23.8,202,9342281,C6VG7,NORWEGIAN PEARL,16,VICTORIA
2008-06-07T00:18:22,309653000,54.63435833,-131.2696633,201.0,23.8,202,9342281,C6VG7,NORWEGIAN PEARL,16,VICTORIA
2008-06-07T00:18:20,309653000,54.63455833,-131.26953,201.0,23.8,202,9342281,C6VG7,NORWEGIAN PEARL,16,VICTORIA
2008-06-07T00:18:18,309653000,54.63477,-131.2693867,201.0,23.8,202,9342281,C6VG7,NORWEGIAN PEARL,16,VICTORIA
2008-06-07T00:18:14,309653000,54.63518,-131.26911,201.2,23.9,202,9342281,C6VG7,NORWEGIAN PEARL,16,VICTORIA
2008-06-07T00:18:12,309653000,54.63538167,-131.2689767,201.0,23.9,202,9342281,C6VG7,NORWEGIAN PEARL,16,VICTORIA
2008-06-07T00:18:10,309653000,54.63558,-131.268845,201.0,23.9,202,9342281,C6VG7,NORWEGIAN PEARL,16,VICTORIA
2008-06-07T00:18:08,309653000,54.63579167,-131.2687,201.0,23.9,202,9342281,C6VG7,NORWEGIAN PEARL,16,VICTORIA
2008-06-07T00:18:06,309653000,54.6359,-131.2686283,201.0,23.9,202,9342281,C6VG7,NORWEGIAN PEARL,16,VICTORIA
2008-06-07T00:18:04,309653000,54.636205,-131.2684267,201.0,23.9,202,9342281,C6VG7,NORWEGIAN PEARL,16,VICTORIA
2008-06-07T00:18:02,309653000,54.63641333,-131.2682883,200.8,24.0,202,9342281,C6VG7,NORWEGIAN PEARL,16,VICTORIA
2008-06-07T00:18:00,309653000,54.63661333,-131.2681517,200.8,24.0,202,9342281,C6VG7,NORWEGIAN PEARL,16,VICTORIA
2008-06-07T00:17:58,309653000,54.636825,-131.26801,200.8,24.0,202,9342281,C6VG7,NORWEGIAN PEARL,16,VICTORIA
2008-06-07T00:17:56,309653000,54.636925,-131.2679433,200.8,24.0,202,9342281,C6VG7,NORWEGIAN PEARL,16,VICTORIA
2008-06-07T00:17:54,309653000,54.63723833,-131.2677367,200.5,23.9,202,9342281,C6VG7,NORWEGIAN PEARL,16,VICTORIA
2008-06-07T00:17:52,309653000,54.63743667,-131.2676,200.5,23.9,202,9342281,C6VG7,NORWEGIAN PEARL,16,VICTORIA
2008-06-07T00:17:50,309653000,54.63754667,-131.2675267,200.5,23.9,202,9342281,C6VG7,NORWEGIAN PEARL,16,VICTORIA
2008-06-07T00:17:48,309653000,54.63784833,-131.2673233,200.5,23.9,202,9342281,C6VG7,NORWEGIAN PEARL,16,VICTORIA
2008-06-07T00:17:46,309653000,54.63805833,-131.2671817,200.5,23.9,202,9342281,C6VG7,NORWEGIAN PEARL,16,VICTORIA
2008-06-07T00:17:44,309653000,54.63815833,-131.2671167,200.5,23.9,202,9342281,C6VG7,NORWEGIAN PEARL,16,VICTORIA
2008-06-07T00:17:38,309653000,54.638885,-131.266645,200.8,23.9,202,9342281,C6VG7,NORWEGIAN PEARL,16,VICTORIA
2008-06-07T00:17:36,309653000,54.638985,-131.2665783,200.8,23.9,202,9342281,C6VG7,NORWEGIAN PEARL,16,VICTORIA
2008-06-07T00:17:34,309653000,54.639195,-131.2664417,200.8,23.9,202,9342281,C6VG7,NORWEGIAN PEARL,16,VICTORIA
2008-06-07T00:17:32,309653000,54.63939833,-131.266315,200.8,23.9,202,9342281,C6VG7,NORWEGIAN PEARL,16,VICTORIA
2008-06-07T00:17:30,309653000,54.63960833,-131.266175,200.8,23.9,202,9342281,C6VG7,NORWEGIAN PEARL,16,VICTORIA
2008-06-07T00:17:28,309653000,54.63981333,-131.2660433,200.8,23.9,202,9342281,C6VG7,NORWEGIAN PEARL,16,VICTORIA
2008-06-07T00:17:24,309653000,54.640225,-131.265775,200.8,23.9,202,9342281,C6VG7,NORWEGIAN PEARL,16,VICTORIA
2008-06-07T00:17:20,309653000,54.64064,-131.2655033,200.8,23.9,202,9342281,C6VG7,NORWEGIAN PEARL,16,VICTORIA
2008-06-07T00:17:18,309653000,54.64085,-131.265365,201.0,23.9,202,9342281,C6VG7,NORWEGIAN PEARL,16,VICTORIA
2008-06-07T00:17:14,309653000,54.641365,-131.2650317,201.0,23.9,202,9342281,C6VG7,NORWEGIAN PEARL,16,VICTORIA
2008-06-07T00:17:12,309653000,54.64156667,-131.2648983,201.0,23.9,202,9342281,C6VG7,NORWEGIAN PEARL,16,VICTORIA
2008-06-07T00:17:10,309653000,54.64177,-131.26477,201.2,23.9,202,9342281,C6VG7,NORWEGIAN PEARL,16,VICTORIA
2008-06-07T00:17:08,309653000,54.64198,-131.2646317,201.0,23.9,202,9342281,C6VG7,NORWEGIAN PEARL,16,VICTORIA
2008-06-07T00:17:06,309653000,54.64219167,-131.2644933,201.0,23.9,202,9342281,C6VG7,NORWEGIAN PEARL,16,VICTORIA
2008-06-07T00:17:04,309653000,54.642395,-131.2643617,201.0,23.9,202,9342281,C6VG7,NORWEGIAN PEARL,16,VICTORIA
2008-06-07T00:17:02,309653000,54.64260667,-131.2642217,201.2,23.9,202,9342281,C6VG7,NORWEGIAN PEARL,16,VICTORIA
2008-06-07T00:17:00,309653000,54.64280667,-131.2640933,201.0,23.9,202,9342281,C6VG7,NORWEGIAN PEARL,16,VICTORIA
2008-06-07T00:16:58,309653000,54.64301833,-131.263955,201.0,23.9,202,9342281,C6VG7,NORWEGIAN PEARL,16,VICTORIA
2008-06-07T00:16:56,309653000,54.64322,-131.26382,201.0,23.9,202,9342281,C6VG7,NORWEGIAN PEARL,16,VICTORIA
2008-06-07T00:16:54,309653000,54.64343333,-131.263685,201.0,23.9,202,9342281,C6VG7,NORWEGIAN PEARL,16,VICTORIA
2008-06-07T00:16:52,309653000,54.643635,-131.26355,201.0,23.9,202,9342281,C6VG7,NORWEGIAN PEARL,16,VICTORIA
2008-06-07T00:16:50,309653000,54.643835,-131.2634167,202.0,23.9,203,9342281,C6VG7,NORWEGIAN PEARL,16,VICTORIA
2008-06-07T00:16:48,309653000,54.64404667,-131.2632767,202.0,23.9,203,9342281,C6VG7,NORWEGIAN PEARL,16,VICTORIA
2008-06-07T00:16:46,309653000,54.64425667,-131.263135,202.0,23.9,203,9342281,C6VG7,NORWEGIAN PEARL,16,VICTORIA
2008-06-07T00:16:44,309653000,54.64445667,-131.2629983,202.0,23.9,203,9342281,C6VG7,NORWEGIAN PEARL,16,VICTORIA
2008-06-07T00:16:42,309653000,54.64466833,-131.262855,202.0,23.9,203,9342281,C6VG7,NORWEGIAN PEARL,16,VICTORIA
2008-06-07T00:16:40,309653000,54.64486833,-131.2627183,201.8,23.9,203,9342281,C6VG7,NORWEGIAN PEARL,16,VICTORIA
2008-06-07T00:16:38,309653000,54.64507667,-131.2625767,201.8,23.9,203,9342281,C6VG7,NORWEGIAN PEARL,16,VICTORIA
2008-06-07T00:16:36,309653000,54.64527667,-131.2624367,201.8,23.9,203,9342281,C6VG7,NORWEGIAN PEARL,16,VICTORIA
2008-06-07T00:16:34,309653000,54.64548833,-131.2622917,201.8,23.9,203,9342281,C6VG7,NORWEGIAN PEARL,16,VICTORIA
2008-06-07T00:16:32,309653000,54.64568667,-131.2621567,201.7,23.8,203,9342281,C6VG7,NORWEGIAN PEARL,16,VICTORIA
2008-06-07T00:16:30,309653000,54.64588667,-131.2620183,201.7,23.8,203,9342281,C6VG7,NORWEGIAN PEARL,16,VICTORIA
2008-06-07T00:16:28,309653000,54.64609667,-131.261875,201.8,23.9,203,9342281,C6VG7,NORWEGIAN PEARL,16,VICTORIA
2008-06-07T00:16:24,309653000,54.64650667,-131.26159,201.5,23.9,203,9342281,C6VG7,NORWEGIAN PEARL,16,VICTORIA
2008-06-07T00:16:22,309653000,54.64661333,-131.2615167,201.5,23.9,203,9342281,C6VG7,NORWEGIAN PEARL,16,VICTORIA
2008-06-07T00:16:20,309653000,54.646915,-131.2613067,201.5,23.9,203,9342281,C6VG7,NORWEGIAN PEARL,16,VICTORIA
2008-06-07T00:16:18,309653000,54.647125,-131.26116,201.5,23.9,203,9342281,C6VG7,NORWEGIAN PEARL,16,VICTORIA
2008-06-07T00:16:14,309653000,54.64743333,-131.26095,202.3,23.9,204,9342281,C6VG7,NORWEGIAN PEARL,16,VICTORIA
2008-06-07T00:16:12,309653000,54.64763333,-131.26081,202.3,23.9,204,9342281,C6VG7,NORWEGIAN PEARL,16,VICTORIA
2008-06-07T00:16:10,309653000,54.647935,-131.2606,202.3,23.9,204,9342281,C6VG7,NORWEGIAN PEARL,16,VICTORIA
2008-06-07T00:16:08,309653000,54.648145,-131.260455,202.3,23.9,204,9342281,C6VG7,NORWEGIAN PEARL,16,VICTORIA
2008-06-07T00:16:06,309653000,54.64825167,-131.2603817,202.0,23.9,204,9342281,C6VG7,NORWEGIAN PEARL,16,VICTORIA
2008-06-07T00:16:04,309653000,54.64845167,-131.2602433,202.0,23.9,204,9342281,C6VG7,NORWEGIAN PEARL,16,VICTORIA
2008-06-07T00:16:02,309653000,54.648765,-131.2600267,201.0,23.9,203,9342281,C6VG7,NORWEGIAN PEARL,16,VICTORIA
2008-06-07T00:16:00,309653000,54.64886167,-131.2599583,201.0,24.0,203,9342281,C6VG7,NORWEGIAN PEARL,16,VICTORIA
2008-06-07T00:15:58,309653000,54.64907167,-131.259815,201.0,24.0,203,9342281,C6VG7,NORWEGIAN PEARL,16,VICTORIA
2008-06-07T00:15:56,309653000,54.64927333,-131.2596767,201.0,24.0,203,9342281,C6VG7,NORWEGIAN PEARL,16,VICTORIA
2008-06-07T00:15:54,309653000,54.64948333,-131.2595333,200.8,24.0,203,9342281,C6VG7,NORWEGIAN PEARL,16,VICTORIA
2008-06-07T00:15:52,309653000,54.64968333,-131.259395,201.0,24.0,203,9342281,C6VG7,NORWEGIAN PEARL,16,VICTORIA
2008-06-07T00:15:50,309653000,54.649895,-131.259255,201.0,24.0,203,9342281,C6VG7,NORWEGIAN PEARL,16,VICTORIA
2008-06-07T00:15:48,309653000,54.65009667,-131.25912,201.0,24.0,203,9342281,C6VG7,NORWEGIAN PEARL,16,VICTORIA
2008-06-07T00:15:46,309653000,54.65030833,-131.2589783,201.0,24.0,203,9342281,C6VG7,NORWEGIAN PEARL,16,VICTORIA
2008-06-07T00:15:44,309653000,54.65050833,-131.258845,201.0,23.9,203,9342281,C6VG7,NORWEGIAN PEARL,16,VICTORIA
2008-06-07T00:15:40,309653000,54.65092,-131.258565,201.3,24.0,203,9342281,C6VG7,NORWEGIAN PEARL,16,VICTORIA
2008-06-07T00:15:36,309653000,54.65133167,-131.2582917,201.0,24.0,203,9342281,C6VG7,NORWEGIAN PEARL,16,VICTORIA
2008-06-07T00:15:34,309653000,54.65154333,-131.2581483,201.3,24.0,203,9342281,C6VG7,NORWEGIAN PEARL,16,VICTORIA
2008-06-07T00:15:32,309653000,54.65184667,-131.2579467,201.3,24.0,203,9342281,C6VG7,NORWEGIAN PEARL,16,VICTORIA
2008-06-07T00:15:28,309653000,54.65226,-131.25767,201.0,24.0,203,9342281,C6VG7,NORWEGIAN PEARL,16,VICTORIA
2008-06-07T00:15:26,309653000,54.652475,-131.2575283,201.0,24.0,203,9342281,C6VG7,NORWEGIAN PEARL,16,VICTORIA
2008-06-07T00:15:24,309653000,54.652675,-131.257395,201.0,24.0,203,9342281,C6VG7,NORWEGIAN PEARL,16,VICTORIA
2008-06-07T00:15:22,309653000,54.65288833,-131.25725,201.0,24.0,203,9342281,C6VG7,NORWEGIAN PEARL,16,VICTORIA
2008-06-07T00:15:20,309653000,54.65308833,-131.2571167,201.0,24.0,203,9342281,C6VG7,NORWEGIAN PEARL,16,VICTORIA
2008-06-07T00:15:18,309653000,54.65330167,-131.256975,201.0,24.1,203,9342281,C6VG7,NORWEGIAN PEARL,16,VICTORIA
2008-06-07T00:15:16,309653000,54.65350167,-131.25684,201.0,24.1,203,9342281,C6VG7,NORWEGIAN PEARL,16,VICTORIA
2008-06-07T00:15:12,309653000,54.65391667,-131.256565,200.8,24.1,203,9342281,C6VG7,NORWEGIAN PEARL,16,VICTORIA
2008-06-07T00:15:08,309653000,54.65433167,-131.2562867,201.0,24.1,203,9342281,C6VG7,NORWEGIAN PEARL,16,VICTORIA
2008-06-07T00:15:06,309653000,54.654545,-131.2561467,200.8,24.1,203,9342281,C6VG7,NORWEGIAN PEARL,16,VICTORIA
2008-06-07T00:15:04,309653000,54.65474667,-131.2560117,200.8,24.1,203,9342281,C6VG7,NORWEGIAN PEARL,16,VICTORIA
2008-06-07T00:15:02,309653000,54.65496,-131.2558683,200.8,24.1,203,9342281,C6VG7,NORWEGIAN PEARL,16,VICTORIA
2008-06-07T00:15:00,309653000,54.65516167,-131.2557333,200.6,24.1,203,9342281,C6VG7,NORWEGIAN PEARL,16,VICTORIA
2008-06-07T00:14:56,309653000,54.65557833,-131.255455,200.6,24.2,203,9342281,C6VG7,NORWEGIAN PEARL,16,VICTORIA
2008-06-07T00:14:54,309653000,54.65579167,-131.2553117,200.6,24.2,203,9342281,C6VG7,NORWEGIAN PEARL,16,VICTORIA
2008-06-07T00:14:52,309653000,54.65599333,-131.2551783,200.6,24.2,203,9342281,C6VG7,NORWEGIAN PEARL,16,VICTORIA
2008-06-07T00:14:50,309653000,54.65610333,-131.2551067,200.6,24.2,203,9342281,C6VG7,NORWEGIAN PEARL,16,VICTORIA
2008-06-07T00:14:48,309653000,54.65641,-131.2549017,200.6,24.2,203,9342281,C6VG7,NORWEGIAN PEARL,16,VICTORIA
2008-06-07T00:14:46,309653000,54.65662333,-131.2547617,200.3,24.2,203,9342281,C6VG7,NORWEGIAN PEARL,16,VICTORIA
2008-06-07T00:14:44,309653000,54.65682667,-131.2546283,200.6,24.2,203,9342281,C6VG7,NORWEGIAN PEARL,16,VICTORIA
2008-06-07T00:14:42,309653000,54.65693667,-131.2545567,200.6,24.2,203,9342281,C6VG7,NORWEGIAN PEARL,16,VICTORIA
2008-06-07T00:14:40,309653000,54.65714,-131.254425,200.6,24.1,203,9342281,C6VG7,NORWEGIAN PEARL,16,VICTORIA
2008-06-07T00:14:38,309653000,54.65745667,-131.25422,200.6,24.1,203,9342281,C6VG7,NORWEGIAN PEARL,16,VICTORIA
2008-06-07T00:14:34,309653000,54.657875,-131.2539483,200.3,24.1,203,9342281,C6VG7,NORWEGIAN PEARL,16,VICTORIA
2008-06-07T00:14:32,309653000,54.657975,-131.2538833,200.3,24.1,203,9342281,C6VG7,NORWEGIAN PEARL,16,VICTORIA
2008-06-07T00:14:30,309653000,54.65818833,-131.253745,200.6,24.1,203,9342281,C6VG7,NORWEGIAN PEARL,16,VICTORIA
2008-06-07T00:14:28,309653000,54.65839333,-131.2536133,200.3,24.2,203,9342281,C6VG7,NORWEGIAN PEARL,16,VICTORIA
2008-06-07T00:14:24,309653000,54.65881,-131.2533433,200.3,24.2,203,9342281,C6VG7,NORWEGIAN PEARL,16,VICTORIA
2008-06-07T00:14:22,309653000,54.659025,-131.253205,200.3,24.2,203,9342281,C6VG7,NORWEGIAN PEARL,16,VICTORIA
2008-06-07T00:14:20,309653000,54.65922833,-131.2530733,200.3,24.1,203,9342281,C6VG7,NORWEGIAN PEARL,16,VICTORIA
2008-06-07T00:14:18,309653000,54.65944333,-131.252935,200.3,24.1,203,9342281,C6VG7,NORWEGIAN PEARL,16,VICTORIA
2008-06-07T00:14:16,309653000,54.65964667,-131.2528017,200.3,24.1,203,9342281,C6VG7,NORWEGIAN PEARL,16,VICTORIA
2008-06-07T00:14:14,309653000,54.65986167,-131.2526633,200.6,24.1,203,9342281,C6VG7,NORWEGIAN PEARL,16,VICTORIA
2008-06-07T00:14:12,309653000,54.66006333,-131.2525317,200.3,24.2,203,9342281,C6VG7,NORWEGIAN PEARL,16,VICTORIA
2008-06-07T00:14:10,309653000,54.66027833,-131.2523933,200.3,24.2,203,9342281,C6VG7,NORWEGIAN PEARL,16,VICTORIA
2008-06-07T00:14:08,309653000,54.66048333,-131.25226,200.3,24.2,203,9342281,C6VG7,NORWEGIAN PEARL,16,VICTORIA
2008-06-07T00:14:07,309653000,54.66069667,-131.2521233,0.0,0.0,0,9342281,C6VG7,NORWEGIAN PEARL,16,VICTORIA
2008-06-07T00:14:06,309653000,54.66069667,-131.2521233,200.1,24.2,203,9342281,C6VG7,NORWEGIAN PEARL,16,VICTORIA
2008-06-07T00:14:04,309653000,54.6609,-131.25199,200.3,24.2,203,9342281,C6VG7,NORWEGIAN PEARL,16,VICTORIA
2008-06-07T00:14:02,309653000,54.661115,-131.2518533,200.3,24.2,203,9342281,C6VG7,NORWEGIAN PEARL,16,VICTORIA
2008-06-07T00:14:00,309653000,54.66132,-131.25172,200.3,24.1,203,9342281,C6VG7,NORWEGIAN PEARL,16,VICTORIA
2008-06-07T00:13:56,309653000,54.66173833,-131.25145,200.6,24.1,203,9342281,C6VG7,NORWEGIAN PEARL,16,VICTORIA
2008-06-07T00:13:54,309653000,54.66195167,-131.251315,200.6,24.1,203,9342281,C6VG7,NORWEGIAN PEARL,16,VICTORIA
2008-06-07T00:13:52,309653000,54.66226167,-131.25112,199.6,24.2,202,9342281,C6VG7,NORWEGIAN PEARL,16,VICTORIA
2008-06-07T00:13:50,309653000,54.66246667,-131.2509917,199.6,24.2,202,9342281,C6VG7,NORWEGIAN PEARL,16,VICTORIA
2008-06-07T00:13:48,309653000,54.66268167,-131.250855,199.6,24.2,202,9342281,C6VG7,NORWEGIAN PEARL,16,VICTORIA
2008-06-07T00:13:46,309653000,54.66289667,-131.2507233,199.6,24.2,202,9342281,C6VG7,NORWEGIAN PEARL,16,VICTORIA
2008-06-07T00:13:44,309653000,54.66310167,-131.2505933,199.8,24.1,202,9342281,C6VG7,NORWEGIAN PEARL,16,VICTORIA
2008-06-07T00:13:42,309653000,54.66331833,-131.25046,200.0,24.1,202,9342281,C6VG7,NORWEGIAN PEARL,16,VICTORIA
2008-06-07T00:13:40,309653000,54.66352,-131.2503333,200.0,24.1,202,9342281,C6VG7,NORWEGIAN PEARL,16,VICTORIA
2008-06-07T00:13:38,309653000,54.663735,-131.2501967,200.3,24.2,202,9342281,C6VG7,NORWEGIAN PEARL,16,VICTORIA
2008-06-07T00:13:36,309653000,54.66394,-131.25007,200.3,24.1,202,9342281,C6VG7,NORWEGIAN PEARL,16,VICTORIA
2008-06-07T00:13:34,309653000,54.664155,-131.249935,200.3,24.2,202,9342281,C6VG7,NORWEGIAN PEARL,16,VICTORIA
2008-06-07T00:13:32,309653000,54.66436,-131.2498067,200.1,24.2,202,9342281,C6VG7,NORWEGIAN PEARL,16,VICTORIA
2008-06-07T00:13:30,309653000,54.664565,-131.2496767,200.3,24.2,202,9342281,C6VG7,NORWEGIAN PEARL,16,VICTORIA
2008-06-07T00:13:28,309653000,54.66478167,-131.2495417,200.3,24.1,202,9342281,C6VG7,NORWEGIAN PEARL,16,VICTORIA
2008-06-07T00:13:26,309653000,54.66499667,-131.249405,200.3,24.1,202,9342281,C6VG7,NORWEGIAN PEARL,16,VICTORIA
2008-06-07T00:13:24,309653000,54.66520167,-131.249275,200.0,24.1,202,9342281,C6VG7,NORWEGIAN PEARL,16,VICTORIA
2008-06-07T00:13:22,309653000,54.66541667,-131.24914,200.3,24.1,202,9342281,C6VG7,NORWEGIAN PEARL,16,VICTORIA
2008-06-07T00:13:20,309653000,54.66562,-131.2490083,200.3,24.2,202,9342281,C6VG7,NORWEGIAN PEARL,16,VICTORIA
2008-06-07T00:13:16,309653000,54.66603833,-131.2487417,200.1,24.2,202,9342281,C6VG7,NORWEGIAN PEARL,16,VICTORIA
2008-06-07T00:13:14,309653000,54.66625167,-131.2486033,200.1,24.2,202,9342281,C6VG7,NORWEGIAN PEARL,16,VICTORIA
2008-06-07T00:13:12,309653000,54.666455,-131.2484717,200.1,24.2,202,9342281,C6VG7,NORWEGIAN PEARL,16,VICTORIA
2008-06-07T00:13:10,309653000,54.66666,-131.2483433,201.3,24.2,202,9342281,C6VG7,NORWEGIAN PEARL,16,VICTORIA
2008-06-07T00:13:08,309653000,54.66687333,-131.248205,201.3,24.1,203,9342281,C6VG7,NORWEGIAN PEARL,16,VICTORIA
2008-06-07T00:13:06,309653000,54.66708833,-131.248065,201.3,24.1,203,9342281,C6VG7,NORWEGIAN PEARL,16,VICTORIA
2008-06-07T00:13:04,309653000,54.66718833,-131.2479983,201.5,24.1,203,9342281,C6VG7,NORWEGIAN PEARL,16,VICTORIA
2008-06-07T00:13:02,309653000,54.66750667,-131.247795,201.3,24.0,203,9342281,C6VG7,NORWEGIAN PEARL,16,VICTORIA
2008-06-07T00:13:00,309653000,54.66771,-131.2476583,201.5,24.0,203,9342281,C6VG7,NORWEGIAN PEARL,16,VICTORIA
2008-06-07T00:12:56,309653000,54.66802333,-131.2474533,201.5,24.1,203,9342281,C6VG7,NORWEGIAN PEARL,16,VICTORIA
2008-06-07T00:12:54,309653000,54.66823667,-131.2473133,201.3,24.1,203,9342281,C6VG7,NORWEGIAN PEARL,16,VICTORIA
2008-06-07T00:12:52,309653000,54.66844,-131.2471783,201.3,24.1,203,9342281,C6VG7,NORWEGIAN PEARL,16,VICTORIA
2008-06-07T00:12:48,309653000,54.66885333,-131.2469017,201.3,24.1,203,9342281,C6VG7,NORWEGIAN PEARL,16,VICTORIA
2008-06-07T00:12:46,309653000,54.66906667,-131.2467633,201.3,24.1,203,9342281,C6VG7,NORWEGIAN PEARL,16,VICTORIA
2008-06-07T00:12:42,309653000,54.66948333,-131.246485,201.3,24.1,203,9342281,C6VG7,NORWEGIAN PEARL,16,VICTORIA
2008-06-07T00:12:40,309653000,54.669685,-131.2463517,201.3,24.1,203,9342281,C6VG7,NORWEGIAN PEARL,16,VICTORIA
2008-06-07T00:12:38,309653000,54.66989833,-131.24621,201.3,24.1,203,9342281,C6VG7,NORWEGIAN PEARL,16,VICTORIA
2008-06-07T00:12:36,309653000,54.67010333,-131.2460733,201.3,24.1,203,9342281,C6VG7,NORWEGIAN PEARL,16,VICTORIA
2008-06-07T00:12:34,309653000,54.67031333,-131.245935,201.3,24.1,203,9342281,C6VG7,NORWEGIAN PEARL,16,VICTORIA
2008-06-07T00:12:32,309653000,54.67051667,-131.245795,201.3,24.1,203,9342281,C6VG7,NORWEGIAN PEARL,16,VICTORIA
2008-06-07T00:12:28,309653000,54.67093333,-131.245515,201.0,24.1,203,9342281,C6VG7,NORWEGIAN PEARL,16,VICTORIA
2008-06-07T00:12:26,309653000,54.67114333,-131.2453717,201.0,24.1,203,9342281,C6VG7,NORWEGIAN PEARL,16,VICTORIA
2008-06-07T00:12:22,309653000,54.67156,-131.24509,201.0,24.1,203,9342281,C6VG7,NORWEGIAN PEARL,16,VICTORIA
2008-06-07T00:12:20,309653000,54.671765,-131.24495,201.3,24.1,203,9342281,C6VG7,NORWEGIAN PEARL,16,VICTORIA
2008-06-07T00:12:18,309653000,54.671975,-131.24481,201.0,24.1,203,9342281,C6VG7,NORWEGIAN PEARL,16,VICTORIA
2008-06-07T00:12:16,309653000,54.67217833,-131.2446733,201.3,24.1,203,9342281,C6VG7,NORWEGIAN PEARL,16,VICTORIA
2008-06-07T00:12:14,309653000,54.67239167,-131.2445267,201.3,24.1,203,9342281,C6VG7,NORWEGIAN PEARL,16,VICTORIA
2008-06-07T00:12:12,309653000,54.67269833,-131.2443217,201.3,24.1,203,9342281,C6VG7,NORWEGIAN PEARL,16,VICTORIA
2008-06-07T00:12:10,309653000,54.67280667,-131.2442467,201.0,24.1,203,9342281,C6VG7,NORWEGIAN PEARL,16,VICTORIA
2008-06-07T00:12:08,309653000,54.673115,-131.24404,201.0,24.1,203,9342281,C6VG7,NORWEGIAN PEARL,16,VICTORIA
2008-06-07T00:12:04,309653000,54.67353,-131.2437583,201.0,24.1,203,9342281,C6VG7,NORWEGIAN PEARL,16,VICTORIA
2008-06-07T00:12:02,309653000,54.67374333,-131.2436117,201.0,24.1,203,9342281,C6VG7,NORWEGIAN PEARL,16,VICTORIA
2008-06-07T00:12:00,309653000,54.67394667,-131.243475,201.0,24.1,203,9342281,C6VG7,NORWEGIAN PEARL,16,VICTORIA
2008-06-07T00:11:58,309653000,54.67415833,-131.2433317,200.8,24.1,203,9342281,C6VG7,NORWEGIAN PEARL,16,VICTORIA
2008-06-07T00:11:56,309653000,54.67436167,-131.2431933,200.8,24.1,203,9342281,C6VG7,NORWEGIAN PEARL,16,VICTORIA
2008-06-07T00:11:54,309653000,54.67457333,-131.2430483,202.0,24.1,204,9342281,C6VG7,NORWEGIAN PEARL,16,VICTORIA
2008-06-07T00:11:52,309653000,54.67477667,-131.2429133,201.8,24.1,204,9342281,C6VG7,NORWEGIAN PEARL,16,VICTORIA
2008-06-07T00:11:46,309653000,54.6754,-131.2424867,201.8,24.1,204,9342281,C6VG7,NORWEGIAN PEARL,16,VICTORIA
2008-06-07T00:11:44,309653000,54.67560333,-131.24235,201.8,24.1,204,9342281,C6VG7,NORWEGIAN PEARL,16,VICTORIA
2008-06-07T00:11:42,309653000,54.675815,-131.242205,201.8,24.1,204,9342281,C6VG7,NORWEGIAN PEARL,16,VICTORIA
2008-06-07T00:11:40,309653000,54.67601667,-131.2420667,201.8,24.1,204,9342281,C6VG7,NORWEGIAN PEARL,16,VICTORIA
2008-06-07T00:11:38,309653000,54.67623,-131.2419217,201.8,24.1,204,9342281,C6VG7,NORWEGIAN PEARL,16,VICTORIA
2008-06-07T00:11:36,309653000,54.67643167,-131.2417833,201.6,24.0,204,9342281,C6VG7,NORWEGIAN PEARL,16,VICTORIA
2008-06-07T00:11:34,309653000,54.676645,-131.24164,201.6,24.0,204,9342281,C6VG7,NORWEGIAN PEARL,16,VICTORIA
2008-06-07T00:11:30,309653000,54.67704667,-131.241365,201.6,24.0,204,9342281,C6VG7,NORWEGIAN PEARL,16,VICTORIA
2008-06-07T00:11:28,309653000,54.67726167,-131.2412183,201.6,24.0,204,9342281,C6VG7,NORWEGIAN PEARL,16,VICTORIA
2008-06-07T00:11:26,309653000,54.67747167,-131.2410733,201.6,24.1,204,9342281,C6VG7,NORWEGIAN PEARL,16,VICTORIA
2008-06-07T00:11:24,309653000,54.67757167,-131.241005,201.3,24.1,204,9342281,C6VG7,NORWEGIAN PEARL,16,VICTORIA
2008-06-07T00:11:22,309653000,54.67778167,-131.2408633,201.3,24.0,204,9342281,C6VG7,NORWEGIAN PEARL,16,VICTORIA
2008-06-07T00:11:20,309653000,54.67808833,-131.2406517,201.3,24.1,204,9342281,C6VG7,NORWEGIAN PEARL,16,VICTORIA
2008-06-07T00:11:18,309653000,54.6783,-131.240505,201.3,24.1,204,9342281,C6VG7,NORWEGIAN PEARL,16,VICTORIA
2008-06-07T00:11:16,309653000,54.6784,-131.2404367,201.3,24.1,204,9342281,C6VG7,NORWEGIAN PEARL,16,VICTORIA
2008-06-07T00:11:14,309653000,54.67871333,-131.2402233,201.1,24.1,204,9342281,C6VG7,NORWEGIAN PEARL,16,VICTORIA
2008-06-07T00:11:12,309653000,54.67881333,-131.240155,201.1,24.1,204,9342281,C6VG7,NORWEGIAN PEARL,16,VICTORIA
2008-06-07T00:11:10,309653000,54.67911833,-131.2399483,201.1,24.1,204,9342281,C6VG7,NORWEGIAN PEARL,16,VICTORIA
2008-06-07T00:11:08,309653000,54.67922833,-131.2398767,201.1,24.1,204,9342281,C6VG7,NORWEGIAN PEARL,16,VICTORIA
2008-06-07T00:11:06,309653000,54.67943833,-131.239735,201.1,24.1,204,9342281,C6VG7,NORWEGIAN PEARL,16,VICTORIA
2008-06-07T00:11:04,309653000,54.67964167,-131.2395983,201.1,24.1,204,9342281,C6VG7,NORWEGIAN PEARL,16,VICTORIA
2008-06-07T00:11:02,309653000,54.67995833,-131.2393883,200.9,24.1,204,9342281,C6VG7,NORWEGIAN PEARL,16,VICTORIA
2008-06-07T00:11:00,309653000,54.68016,-131.2392483,201.1,24.1,204,9342281,C6VG7,NORWEGIAN PEARL,16,VICTORIA
2008-06-07T00:10:52,309653000,54.68088667,-131.2387617,201.1,24.1,204,9342281,C6VG7,NORWEGIAN PEARL,16,VICTORIA
2008-06-07T00:10:50,309653000,54.68109833,-131.2386217,200.9,24.1,204,9342281,C6VG7,NORWEGIAN PEARL,16,VICTORIA
2008-06-07T00:10:46,309653000,54.681515,-131.2383433,200.9,24.1,204,9342281,C6VG7,NORWEGIAN PEARL,16,VICTORIA
2008-06-07T00:10:44,309653000,54.68172167,-131.238205,200.9,24.1,204,9342281,C6VG7,NORWEGIAN PEARL,16,VICTORIA
2008-06-07T00:10:34,309653000,54.68276333,-131.2375167,200.9,24.1,204,9342281,C6VG7,NORWEGIAN PEARL,16,VICTORIA
2008-06-07T00:10:32,309653000,54.682965,-131.2373817,200.9,24.1,204,9342281,C6VG7,NORWEGIAN PEARL,16,VICTORIA
2008-06-07T00:10:30,309653000,54.68318,-131.2372417,200.9,24.1,204,9342281,C6VG7,NORWEGIAN PEARL,16,VICTORIA
2008-06-07T00:10:28,309653000,54.68338167,-131.2371083,200.9,24.1,204,9342281,C6VG7,NORWEGIAN PEARL,16,VICTORIA
2008-06-07T00:10:24,309653000,54.68390167,-131.23676,200.9,24.1,204,9342281,C6VG7,NORWEGIAN PEARL,16,VICTORIA
2008-06-07T00:10:22,309653000,54.684115,-131.23662,200.9,24.1,204,9342281,C6VG7,NORWEGIAN PEARL,16,VICTORIA
2008-06-07T00:10:20,309653000,54.68431833,-131.236485,200.9,24.1,204,9342281,C6VG7,NORWEGIAN PEARL,16,VICTORIA
2008-06-07T00:10:18,309653000,54.68453167,-131.2363467,200.1,24.0,204,9342281,C6VG7,NORWEGIAN PEARL,16,VICTORIA
2008-06-07T00:10:12,309653000,54.68515167,-131.2359467,200.1,24.0,203,9342281,C6VG7,NORWEGIAN PEARL,16,VICTORIA
2008-06-07T00:10:10,309653000,54.68535667,-131.2358133,200.1,24.0,203,9342281,C6VG7,NORWEGIAN PEARL,16,VICTORIA
2008-06-07T00:10:08,309653000,54.68557167,-131.2356783,200.1,24.0,203,9342281,C6VG7,NORWEGIAN PEARL,16,VICTORIA
2008-06-07T00:10:06,309653000,54.68578333,-131.2355417,201.1,24.1,204,9342281,C6VG7,NORWEGIAN PEARL,16,VICTORIA
2008-06-07T00:10:04,309653000,54.68598833,-131.23541,200.9,24.1,204,9342281,C6VG7,NORWEGIAN PEARL,16,VICTORIA
2008-06-07T00:10:00,309653000,54.686405,-131.23514,200.9,24.1,204,9342281,C6VG7,NORWEGIAN PEARL,16,VICTORIA
2008-06-07T00:09:58,309653000,54.68661833,-131.2350017,200.9,24.1,204,9342281,C6VG7,NORWEGIAN PEARL,16,VICTORIA
2008-06-07T00:09:56,309653000,54.68682333,-131.234865,201.1,24.0,204,9342281,C6VG7,NORWEGIAN PEARL,16,VICTORIA
2008-06-07T00:09:54,309653000,54.68703833,-131.2347233,201.1,24.0,204,9342281,C6VG7,NORWEGIAN PEARL,16,VICTORIA
2008-06-07T00:09:52,309653000,54.68724333,-131.2345867,201.1,24.0,204,9342281,C6VG7,NORWEGIAN PEARL,16,VICTORIA
2008-06-07T00:09:50,309653000,54.68744833,-131.2344517,201.1,24.0,204,9342281,C6VG7,NORWEGIAN PEARL,16,VICTORIA
2008-06-07T00:09:48,309653000,54.68766167,-131.23431,201.1,24.0,204,9342281,C6VG7,NORWEGIAN PEARL,16,VICTORIA
2008-06-07T00:09:46,309653000,54.68787333,-131.2341717,201.1,24.0,204,9342281,C6VG7,NORWEGIAN PEARL,16,VICTORIA
2008-06-07T00:09:40,309653000,54.68839,-131.2338333,200.8,24.0,204,9342281,C6VG7,NORWEGIAN PEARL,16,VICTORIA
2008-06-07T00:09:38,309653000,54.68870333,-131.2336233,201.1,24.0,204,9342281,C6VG7,NORWEGIAN PEARL,16,VICTORIA
2008-06-07T00:09:36,309653000,54.68880333,-131.233555,201.1,24.0,204,9342281,C6VG7,NORWEGIAN PEARL,16,VICTORIA
2008-06-07T00:09:34,309653000,54.68911833,-131.23335,200.8,24.0,204,9342281,C6VG7,NORWEGIAN PEARL,16,VICTORIA
2008-06-07T00:09:32,309653000,54.68921833,-131.233285,200.8,24.0,204,9342281,C6VG7,NORWEGIAN PEARL,16,VICTORIA
2008-06-07T00:09:30,309653000,54.68952167,-131.23308,200.6,24.0,204,9342281,C6VG7,NORWEGIAN PEARL,16,VICTORIA
2008-06-07T00:09:24,309653000,54.69004333,-131.2327367,200.8,24.0,204,9342281,C6VG7,NORWEGIAN PEARL,16,VICTORIA
2008-06-07T00:09:22,309653000,54.690255,-131.2325967,200.8,24.0,204,9342281,C6VG7,NORWEGIAN PEARL,16,VICTORIA
2008-06-07T00:09:20,309653000,54.69045833,-131.2324617,200.8,24.0,204,9342281,C6VG7,NORWEGIAN PEARL,16,VICTORIA
2008-06-07T00:09:18,309653000,54.69067,-131.232325,200.8,24.0,204,9342281,C6VG7,NORWEGIAN PEARL,16,VICTORIA
2008-06-07T00:09:16,309653000,54.69087333,-131.2321917,200.8,24.0,204,9342281,C6VG7,NORWEGIAN PEARL,16,VICTORIA
2008-06-07T00:09:14,309653000,54.69108333,-131.23205,201.1,24.0,204,9342281,C6VG7,NORWEGIAN PEARL,16,VICTORIA
2008-06-07T00:09:12,309653000,54.69128667,-131.23192,200.8,24.0,204,9342281,C6VG7,NORWEGIAN PEARL,16,VICTORIA
2008-06-07T00:09:08,309653000,54.6917,-131.2316433,200.8,24.0,204,9342281,C6VG7,NORWEGIAN PEARL,16,VICTORIA
2008-06-07T00:09:04,309653000,54.692115,-131.2313733,200.8,24.0,204,9342281,C6VG7,NORWEGIAN PEARL,16,VICTORIA
2008-06-07T00:09:02,309653000,54.692325,-131.2312333,200.8,24.0,204,9342281,C6VG7,NORWEGIAN PEARL,16,VICTORIA
2008-06-07T00:09:00,309653000,54.69252833,-131.2310983,201.1,24.1,204,9342281,C6VG7,NORWEGIAN PEARL,16,VICTORIA
2008-06-07T00:08:56,309653000,54.69294,-131.2308283,201.1,24.1,204,9342281,C6VG7,NORWEGIAN PEARL,16,VICTORIA
2008-06-07T00:08:46,309653000,54.69408333,-131.2300733,201.1,24.0,204,9342281,C6VG7,NORWEGIAN PEARL,16,VICTORIA
2008-06-07T00:08:26,309653000,54.69615,-131.22871,200.8,24.0,204,9342281,C6VG7,NORWEGIAN PEARL,16,VICTORIA
