name,mmsi,bs_ts,lat,lon,nav_status,cog,sog,heading,imo,callsign,destination
OOSTERDAM,245417000,2008-05-19T17:39:34,58.26354167,-134.3494833,0,314.2,9.4,313,9221281,PBKH,JUNEAU
OOSTERDAM,245417000,2008-05-19T17:38:24,58.26138333,-134.345315,0,314.0,9.5,314,9221281,PBKH,JUNEAU
OOSTERDAM,245417000,2008-05-19T17:35:22,58.25570833,-134.3344633,0,315.4,10.0,316,9221281,PBKH,JUNEAU
OOSTERDAM,245417000,2008-05-19T17:34:52,58.25472167,-134.3326067,0,315.4,10.0,316,9221281,PBKH,JUNEAU
OOSTERDAM,245417000,2008-05-19T17:32:42,58.25036833,-134.3244533,0,314.9,11.1,316,9221281,PBKH,JUNEAU
OOSTERDAM,245417000,2008-05-19T17:56:33,58.28531667,-134.39904,0,320.4,4.8,324,9221281,PBKH,JUNEAU
OOSTERDAM,245417000,2008-05-19T17:56:13,58.28495,-134.3985417,0,317.6,4.9,320,9221281,PBKH,JUNEAU
OOSTERDAM,245417000,2008-05-19T17:56:03,58.28476667,-134.39826,0,315.7,5.0,318,9221281,PBKH,JUNEAU
OOSTERDAM,245417000,2008-05-19T17:55:42,58.28443167,-134.39773,0,310.7,5.2,313,9221281,PBKH,JUNEAU
OOSTERDAM,245417000,2008-05-19T17:55:13,58.28391333,-134.3967333,0,306.9,5.3,308,9221281,PBKH,JUNEAU
OOSTERDAM,245417000,2008-05-19T17:54:13,58.28306333,-134.39435,0,305.9,5.6,307,9221281,PBKH,JUNEAU
OOSTERDAM,245417000,2008-05-19T17:51:03,58.28003,-134.3865867,0,304.0,5.9,306,9221281,PBKH,JUNEAU
OOSTERDAM,245417000,2008-05-19T17:50:33,58.27954833,-134.385305,0,305.0,6.3,306,9221281,PBKH,JUNEAU
OOSTERDAM,245417000,2008-05-19T17:49:42,58.278615,-134.3829717,0,305.1,6.5,306,9221281,PBKH,JUNEAU
OOSTERDAM,245417000,2008-05-19T17:48:33,58.27743,-134.379735,0,307.0,6.9,307,9221281,PBKH,JUNEAU
OOSTERDAM,245417000,2008-05-19T17:48:03,58.27684667,-134.3782833,0,308.1,7.1,309,9221281,PBKH,JUNEAU
OOSTERDAM,245417000,2008-05-19T17:46:33,58.27485833,-134.3738033,0,311.7,7.8,311,9221281,PBKH,JUNEAU
OOSTERDAM,245417000,2008-05-19T17:43:32,58.27032,-134.3638283,0,310.7,8.9,312,9221281,PBKH,JUNEAU
OOSTERDAM,245417000,2008-05-19T17:41:24,58.26673833,-134.3560433,0,312.0,9.4,312,9221281,PBKH,JUNEAU
OOSTERDAM,245417000,2008-05-19T23:59:23,58.29545,-134.40085,5,140.0,0.0,140,9221281,PBKH,HUBBARD GLACIER
OOSTERDAM,245417000,2008-05-19T23:56:20,58.29545,-134.4008667,5,140.0,0.0,140,9221281,PBKH,HUBBARD GLACIER
OOSTERDAM,245417000,2008-05-19T23:53:19,58.29545,-134.4008333,5,140.0,0.0,140,9221281,PBKH,HUBBARD GLACIER
OOSTERDAM,245417000,2008-05-19T23:47:20,58.2955,-134.4008167,5,140.0,0.0,140,9221281,PBKH,HUBBARD GLACIER
OOSTERDAM,245417000,2008-05-19T23:41:16,58.29548333,-134.4008333,5,140.0,0.0,140,9221281,PBKH,HUBBARD GLACIER
OOSTERDAM,245417000,2008-05-19T23:35:15,58.2955,-134.4008167,5,140.0,0.0,140,9221281,PBKH,HUBBARD GLACIER
OOSTERDAM,245417000,2008-05-19T23:29:13,58.29548333,-134.4007667,5,140.0,0.0,140,9221281,PBKH,HUBBARD GLACIER
OOSTERDAM,245417000,2008-05-19T23:23:09,58.29546667,-134.4008833,5,140.0,0.0,140,9221281,PBKH,HUBBARD GLACIER
OOSTERDAM,245417000,2008-05-19T23:20:05,58.29546667,-134.4009167,5,140.0,0.0,140,9221281,PBKH,HUBBARD GLACIER
OOSTERDAM,245417000,2008-05-19T23:17:04,58.29546667,-134.4009,5,140.0,0.0,140,9221281,PBKH,HUBBARD GLACIER
OOSTERDAM,245417000,2008-05-19T23:14:03,58.29546667,-134.4009,5,140.0,0.0,140,9221281,PBKH,HUBBARD GLACIER
OOSTERDAM,245417000,2008-05-19T23:11:02,58.29545,-134.4009,5,140.0,0.0,140,9221281,PBKH,HUBBARD GLACIER
OOSTERDAM,245417000,2008-05-19T23:05:00,58.29546667,-134.4009167,5,140.0,0.0,140,9221281,PBKH,JUNEAU
OOSTERDAM,245417000,2008-05-19T22:58:57,58.29546667,-134.4008833,5,140.0,0.0,140,9221281,PBKH,JUNEAU
OOSTERDAM,245417000,2008-05-19T22:52:55,58.2955,-134.4008,5,140.0,0.0,140,9221281,PBKH,JUNEAU
OOSTERDAM,245417000,2008-05-19T22:49:52,58.2955,-134.4008,5,140.0,0.0,140,9221281,PBKH,JUNEAU
OOSTERDAM,245417000,2008-05-19T22:43:52,58.29546667,-134.4008833,5,140.0,0.0,140,9221281,PBKH,JUNEAU
OOSTERDAM,245417000,2008-05-19T22:40:48,58.29548333,-134.4008167,5,140.0,0.0,140,9221281,PBKH,JUNEAU
OOSTERDAM,245417000,2008-05-19T22:34:48,58.29548333,-134.4008167,5,140.0,0.0,140,9221281,PBKH,JUNEAU
OOSTERDAM,245417000,2008-05-19T22:31:47,58.29548333,-134.4008333,5,140.0,0.0,140,9221281,PBKH,JUNEAU
OOSTERDAM,245417000,2008-05-19T22:25:44,58.2955,-134.4008,5,140.0,0.0,140,9221281,PBKH,JUNEAU
OOSTERDAM,245417000,2008-05-19T22:22:40,58.29548333,-134.4008167,5,140.0,0.0,140,9221281,PBKH,JUNEAU
OOSTERDAM,245417000,2008-05-19T22:16:39,58.29546667,-134.40085,5,139.0,0.0,139,9221281,PBKH,JUNEAU
OOSTERDAM,245417000,2008-05-19T22:10:38,58.29548333,-134.4007833,5,140.0,0.0,140,9221281,PBKH,JUNEAU
OOSTERDAM,245417000,2008-05-19T22:04:34,58.2955,-134.4007833,5,140.0,0.0,140,9221281,PBKH,JUNEAU
OOSTERDAM,245417000,2008-05-19T21:58:31,58.2955,-134.4007833,5,140.0,0.0,140,9221281,PBKH,JUNEAU
OOSTERDAM,245417000,2008-05-19T21:55:30,58.2955,-134.4007833,5,140.0,0.0,140,9221281,PBKH,JUNEAU
OOSTERDAM,245417000,2008-05-19T21:49:28,58.2955,-134.4008,5,140.0,0.0,140,9221281,PBKH,JUNEAU
OOSTERDAM,245417000,2008-05-19T21:46:24,58.2955,-134.4008,5,140.0,0.0,140,9221281,PBKH,JUNEAU
OOSTERDAM,245417000,2008-05-19T21:40:25,58.29548333,-134.4007833,5,140.0,0.0,140,9221281,PBKH,JUNEAU
OOSTERDAM,245417000,2008-05-19T21:37:23,58.29548333,-134.4007833,5,140.0,0.0,140,9221281,PBKH,JUNEAU
OOSTERDAM,245417000,2008-05-19T21:34:21,58.2955,-134.4007833,5,140.0,0.0,140,9221281,PBKH,JUNEAU
OOSTERDAM,245417000,2008-05-19T21:31:18,58.2955,-134.4008167,5,140.0,0.0,140,9221281,PBKH,JUNEAU
OOSTERDAM,245417000,2008-05-19T21:28:17,58.29546667,-134.40085,5,140.0,0.0,140,9221281,PBKH,JUNEAU
OOSTERDAM,245417000,2008-05-19T21:22:15,58.2955,-134.4007833,5,139.0,0.0,139,9221281,PBKH,JUNEAU
OOSTERDAM,245417000,2008-05-19T21:16:14,58.2955,-134.4007833,5,139.0,0.0,139,9221281,PBKH,JUNEAU
OOSTERDAM,245417000,2008-05-19T21:10:11,58.29548333,-134.4007667,5,139.0,0.0,139,9221281,PBKH,JUNEAU
OOSTERDAM,245417000,2008-05-19T21:07:08,58.29548333,-134.4008333,5,139.0,0.0,139,9221281,PBKH,JUNEAU
OOSTERDAM,245417000,2008-05-19T21:04:06,58.29548333,-134.4008667,5,139.0,0.0,139,9221281,PBKH,JUNEAU
OOSTERDAM,245417000,2008-05-19T20:58:05,58.29546667,-134.4007667,5,139.0,0.0,139,9221281,PBKH,JUNEAU
OOSTERDAM,245417000,2008-05-19T20:55:03,58.29548333,-134.4007667,5,139.0,0.0,139,9221281,PBKH,JUNEAU
OOSTERDAM,245417000,2008-05-19T20:49:01,58.2955,-134.4008167,5,139.0,0.0,139,9221281,PBKH,JUNEAU
OOSTERDAM,245417000,2008-05-19T20:42:59,58.2955,-134.40085,5,139.0,0.0,139,9221281,PBKH,JUNEAU
OOSTERDAM,245417000,2008-05-19T20:39:58,58.29551667,-134.4008833,5,139.0,0.0,139,9221281,PBKH,JUNEAU
OOSTERDAM,245417000,2008-05-19T20:33:54,58.29548333,-134.4008167,5,140.0,0.0,140,9221281,PBKH,JUNEAU
OOSTERDAM,245417000,2008-05-19T20:27:51,58.29548333,-134.40075,5,140.0,0.0,140,9221281,PBKH,JUNEAU
OOSTERDAM,245417000,2008-05-19T20:24:49,58.29545,-134.4009833,5,140.0,0.0,140,9221281,PBKH,JUNEAU
OOSTERDAM,245417000,2008-05-19T20:21:48,58.29548333,-134.40085,5,230.0,0.1,140,9221281,PBKH,JUNEAU
OOSTERDAM,245417000,2008-05-19T20:18:47,58.29548333,-134.4007833,5,140.0,0.0,140,9221281,PBKH,JUNEAU
OOSTERDAM,245417000,2008-05-19T20:15:46,58.29548333,-134.4007833,5,140.0,0.0,140,9221281,PBKH,JUNEAU
OOSTERDAM,245417000,2008-05-19T20:09:44,58.29548333,-134.4007667,5,140.0,0.0,140,9221281,PBKH,JUNEAU
OOSTERDAM,245417000,2008-05-19T20:06:42,58.29548333,-134.4007833,5,140.0,0.0,140,9221281,PBKH,JUNEAU
OOSTERDAM,245417000,2008-05-19T20:03:41,58.29548333,-134.4008,5,140.0,0.0,140,9221281,PBKH,JUNEAU
OOSTERDAM,245417000,2008-05-19T19:57:38,58.29545,-134.4008167,5,140.0,0.0,140,9221281,PBKH,JUNEAU
OOSTERDAM,245417000,2008-05-19T19:54:37,58.29541667,-134.40085,5,140.0,0.0,140,9221281,PBKH,JUNEAU
OOSTERDAM,245417000,2008-05-19T19:48:34,58.29548333,-134.4008,5,140.0,0.0,140,9221281,PBKH,JUNEAU
OOSTERDAM,245417000,2008-05-19T19:45:33,58.29546667,-134.4008167,5,140.0,0.0,140,9221281,PBKH,JUNEAU
OOSTERDAM,245417000,2008-05-19T19:39:32,58.29546667,-134.4007833,5,140.0,0.0,140,9221281,PBKH,JUNEAU
OOSTERDAM,245417000,2008-05-19T19:36:29,58.29546667,-134.4007833,5,140.0,0.0,140,9221281,PBKH,JUNEAU
OOSTERDAM,245417000,2008-05-19T19:33:27,58.29548333,-134.4007833,5,140.0,0.0,140,9221281,PBKH,JUNEAU
OOSTERDAM,245417000,2008-05-19T19:27:26,58.29548333,-134.4008,5,139.0,0.0,139,9221281,PBKH,JUNEAU
OOSTERDAM,245417000,2008-05-19T19:24:25,58.29548333,-134.4007833,5,139.0,0.0,139,9221281,PBKH,JUNEAU
OOSTERDAM,245417000,2008-05-19T19:18:21,58.29548333,-134.4007833,5,139.0,0.0,139,9221281,PBKH,JUNEAU
OOSTERDAM,245417000,2008-05-19T19:15:19,58.29548333,-134.4007833,5,139.0,0.0,139,9221281,PBKH,JUNEAU
OOSTERDAM,245417000,2008-05-19T19:12:18,58.29548333,-134.4007833,5,139.0,0.0,139,9221281,PBKH,JUNEAU
OOSTERDAM,245417000,2008-05-19T19:09:17,58.2955,-134.4008,5,139.0,0.0,139,9221281,PBKH,JUNEAU
OOSTERDAM,245417000,2008-05-19T19:03:16,58.29548333,-134.4007833,5,139.0,0.0,139,9221281,PBKH,JUNEAU
OOSTERDAM,245417000,2008-05-19T18:57:13,58.29546667,-134.4008,5,139.0,0.0,139,9221281,PBKH,JUNEAU
OOSTERDAM,245417000,2008-05-19T18:51:10,58.29551667,-134.4007833,5,139.0,0.0,139,9221281,PBKH,JUNEAU
OOSTERDAM,245417000,2008-05-19T18:48:07,58.29558333,-134.4007833,5,139.0,0.0,139,9221281,PBKH,JUNEAU
OOSTERDAM,245417000,2008-05-19T18:42:13,58.29548333,-134.4008,5,139.0,0.0,139,9221281,PBKH,JUNEAU
OOSTERDAM,245417000,2008-05-19T18:39:03,58.2955,-134.4008167,5,139.0,0.0,139,9221281,PBKH,JUNEAU
OOSTERDAM,245417000,2008-05-19T18:36:43,58.29551667,-134.4008167,0,48.0,0.1,138,9221281,PBKH,JUNEAU
OOSTERDAM,245417000,2008-05-19T18:33:32,58.29548333,-134.4008333,0,135.0,0.1,135,9221281,PBKH,JUNEAU
OOSTERDAM,245417000,2008-05-19T18:32:03,58.29553333,-134.40085,0,85.9,0.1,131,9221281,PBKH,JUNEAU
OOSTERDAM,245417000,2008-05-19T18:30:24,58.2955,-134.4010333,0,127.0,0.2,127,9221281,PBKH,JUNEAU
OOSTERDAM,245417000,2008-05-19T18:28:44,58.2955,-134.4011,0,96.4,0.2,123,9221281,PBKH,JUNEAU
OOSTERDAM,245417000,2008-05-19T18:27:33,58.29561667,-134.4012667,0,106.9,0.4,121,9221281,PBKH,JUNEAU
OOSTERDAM,245417000,2008-05-19T18:26:33,58.29565,-134.4015,0,124.0,0.4,124,9221281,PBKH,JUNEAU
OOSTERDAM,245417000,2008-05-19T18:26:53,58.29563333,-134.4014333,0,124.0,0.4,124,9221281,PBKH,JUNEAU
OOSTERDAM,245417000,2008-05-19T18:25:23,58.29548333,-134.4015333,0,128.0,0.2,128,9221281,PBKH,JUNEAU
OOSTERDAM,245417000,2008-05-19T18:24:03,58.2957,-134.4017333,0,109.5,0.3,128,9221281,PBKH,JUNEAU
OOSTERDAM,245417000,2008-05-19T18:22:32,58.29573333,-134.4019,0,107.5,0.3,127,9221281,PBKH,JUNEAU
OOSTERDAM,245417000,2008-05-19T18:21:43,58.29581667,-134.4019833,0,89.3,0.4,123,9221281,PBKH,JUNEAU
OOSTERDAM,245417000,2008-05-19T18:21:03,58.29581667,-134.4020667,0,76.9,0.6,122,9221281,PBKH,JUNEAU
OOSTERDAM,245417000,2008-05-19T18:20:23,58.29583333,-134.40235,0,91.4,0.4,118,9221281,PBKH,JUNEAU
OOSTERDAM,245417000,2008-05-19T18:19:54,58.29586667,-134.4024833,0,96.5,0.6,115,9221281,PBKH,JUNEAU
OOSTERDAM,245417000,2008-05-19T18:19:43,58.29586667,-134.4025167,0,74.3,0.6,113,9221281,PBKH,JUNEAU
OOSTERDAM,245417000,2008-05-19T18:19:32,58.29586667,-134.4025667,0,81.0,0.6,112,9221281,PBKH,JUNEAU
OOSTERDAM,245417000,2008-05-19T18:18:04,58.29586667,-134.40288,0,57.9,0.6,103,9221281,PBKH,JUNEAU
OOSTERDAM,245417000,2008-05-19T18:18:53,58.29585,-134.4027667,0,70.3,0.6,109,9221281,PBKH,JUNEAU
OOSTERDAM,245417000,2008-05-19T18:18:23,58.29585,-134.4028667,0,60.9,0.6,106,9221281,PBKH,JUNEAU
OOSTERDAM,245417000,2008-05-19T18:18:13,58.29585,-134.4029,0,67.1,0.5,104,9221281,PBKH,JUNEAU
OOSTERDAM,245417000,2008-05-19T18:17:32,58.29585,-134.4027833,0,72.4,0.4,99,9221281,PBKH,JUNEAU
OOSTERDAM,245417000,2008-05-19T18:17:13,58.29583333,-134.4029333,0,78.5,0.6,97,9221281,PBKH,JUNEAU
OOSTERDAM,245417000,2008-05-19T18:17:04,58.29581667,-134.4031333,0,86.5,0.6,96,9221281,PBKH,JUNEAU
OOSTERDAM,245417000,2008-05-19T18:16:32,58.29581667,-134.4033467,0,72.5,0.3,91,9221281,PBKH,JUNEAU
OOSTERDAM,245417000,2008-05-19T18:16:23,58.2958,-134.4034,0,80.5,0.6,90,9221281,PBKH,JUNEAU
OOSTERDAM,245417000,2008-05-19T18:16:13,58.29573333,-134.403395,0,73.0,0.7,89,9221281,PBKH,JUNEAU
OOSTERDAM,245417000,2008-05-19T18:15:13,58.29575,-134.403795,0,68.0,0.7,84,9221281,PBKH,JUNEAU
OOSTERDAM,245417000,2008-05-19T18:15:42,58.29571667,-134.4036117,0,75.6,0.5,87,9221281,PBKH,JUNEAU
OOSTERDAM,245417000,2008-05-19T18:15:53,58.29568333,-134.4035167,0,68.5,0.6,88,9221281,PBKH,JUNEAU
OOSTERDAM,245417000,2008-05-19T18:15:33,58.29568333,-134.4036283,0,67.5,0.6,86,9221281,PBKH,JUNEAU
OOSTERDAM,245417000,2008-05-19T18:15:23,58.29568167,-134.40371,0,93.1,0.7,85,9221281,PBKH,JUNEAU
OOSTERDAM,245417000,2008-05-19T18:14:42,58.29578667,-134.4040433,0,48.9,0.9,81,9221281,PBKH,JUNEAU
OOSTERDAM,245417000,2008-05-19T18:14:33,58.29578667,-134.4041267,0,50.9,1.0,80,9221281,PBKH,JUNEAU
OOSTERDAM,245417000,2008-05-19T18:14:53,58.295785,-134.40396,0,67.9,0.8,82,9221281,PBKH,JUNEAU
OOSTERDAM,245417000,2008-05-19T18:14:12,58.295735,-134.40426,0,56.0,1.0,80,9221281,PBKH,JUNEAU
OOSTERDAM,245417000,2008-05-19T18:13:53,58.2957,-134.40441,0,65.9,0.8,80,9221281,PBKH,JUNEAU
OOSTERDAM,245417000,2008-05-19T18:13:12,58.295685,-134.404725,0,61.4,0.9,74,9221281,PBKH,JUNEAU
OOSTERDAM,245417000,2008-05-19T18:13:42,58.29568333,-134.4045267,0,71.8,0.8,79,9221281,PBKH,JUNEAU
OOSTERDAM,245417000,2008-05-19T18:13:02,58.29566833,-134.404825,0,55.3,1.0,72,9221281,PBKH,JUNEAU
OOSTERDAM,245417000,2008-05-19T18:12:53,58.29566833,-134.4048567,0,63.2,1.3,72,9221281,PBKH,JUNEAU
OOSTERDAM,245417000,2008-05-19T18:12:42,58.29563667,-134.4048283,0,38.9,0.9,71,9221281,PBKH,JUNEAU
OOSTERDAM,245417000,2008-05-19T18:12:23,58.29560167,-134.4050583,0,60.5,1.2,70,9221281,PBKH,JUNEAU
OOSTERDAM,245417000,2008-05-19T18:12:02,58.295535,-134.405275,0,56.6,1.0,68,9221281,PBKH,JUNEAU
OOSTERDAM,245417000,2008-05-19T18:11:53,58.29551833,-134.40536,0,50.3,1.0,67,9221281,PBKH,JUNEAU
OOSTERDAM,245417000,2008-05-19T18:11:42,58.29546833,-134.4054433,0,42.0,1.0,66,9221281,PBKH,JUNEAU
OOSTERDAM,245417000,2008-05-19T18:11:33,58.29546833,-134.4055267,0,46.5,0.9,65,9221281,PBKH,JUNEAU
OOSTERDAM,245417000,2008-05-19T18:11:23,58.29546667,-134.4056267,0,77.0,0.8,63,9221281,PBKH,JUNEAU
OOSTERDAM,245417000,2008-05-19T18:11:12,58.29546667,-134.40571,0,53.8,0.8,61,9221281,PBKH,JUNEAU
OOSTERDAM,245417000,2008-05-19T18:11:02,58.29545167,-134.405825,0,59.0,1.0,59,9221281,PBKH,JUNEAU
OOSTERDAM,245417000,2008-05-19T18:10:53,58.295435,-134.405925,0,51.8,1.1,57,9221281,PBKH,JUNEAU
OOSTERDAM,245417000,2008-05-19T18:10:23,58.29538667,-134.4062417,0,47.6,1.3,52,9221281,PBKH,JUNEAU
OOSTERDAM,245417000,2008-05-19T18:09:43,58.29523667,-134.40664,0,47.0,1.4,47,9221281,PBKH,JUNEAU
OOSTERDAM,245417000,2008-05-19T18:09:23,58.29515333,-134.4068383,0,50.5,1.5,44,9221281,PBKH,JUNEAU
OOSTERDAM,245417000,2008-05-19T18:09:19,58.29513667,-134.4068567,0,47.0,1.4,43,9221281,PBKH,JUNEAU
OOSTERDAM,245417000,2008-05-19T18:09:06,58.29507,-134.4069717,0,43.8,1.5,40,9221281,PBKH,JUNEAU
OOSTERDAM,245417000,2008-05-19T18:08:52,58.29502,-134.4071217,0,44.5,1.5,37,9221281,PBKH,JUNEAU
OOSTERDAM,245417000,2008-05-19T18:08:32,58.29497167,-134.4074217,0,42.6,1.6,32,9221281,PBKH,JUNEAU
OOSTERDAM,245417000,2008-05-19T18:08:23,58.29493833,-134.4075367,0,44.0,1.6,30,9221281,PBKH,JUNEAU
OOSTERDAM,245417000,2008-05-19T18:08:13,58.29488333,-134.4076333,0,35.1,1.6,28,9221281,PBKH,JUNEAU
OOSTERDAM,245417000,2008-05-19T18:07:52,58.29476667,-134.40785,0,33.6,1.6,23,9221281,PBKH,JUNEAU
OOSTERDAM,245417000,2008-05-19T18:07:30,58.29465,-134.4080667,0,32.0,1.6,18,9221281,PBKH,JUNEAU
OOSTERDAM,245417000,2008-05-19T18:07:27,58.29461667,-134.4081167,0,28.6,1.6,18,9221281,PBKH,JUNEAU
OOSTERDAM,245417000,2008-05-19T18:07:23,58.2946,-134.40815,0,24.1,1.6,17,9221281,PBKH,JUNEAU
OOSTERDAM,245417000,2008-05-19T18:07:17,58.29455667,-134.408175,0,19.3,1.7,16,9221281,PBKH,JUNEAU
OOSTERDAM,245417000,2008-05-19T18:07:13,58.29454,-134.408225,0,25.6,1.6,15,9221281,PBKH,JUNEAU
OOSTERDAM,245417000,2008-05-19T18:07:07,58.29449,-134.4082917,0,23.6,1.6,14,9221281,PBKH,JUNEAU
OOSTERDAM,245417000,2008-05-19T18:07:03,58.29447333,-134.408325,0,20.1,1.6,13,9221281,PBKH,JUNEAU
OOSTERDAM,245417000,2008-05-19T18:06:52,58.29439,-134.40841,0,16.7,1.7,11,9221281,PBKH,JUNEAU
OOSTERDAM,245417000,2008-05-19T18:06:40,58.29430667,-134.4085083,0,17.0,1.7,7,9221281,PBKH,JUNEAU
OOSTERDAM,245417000,2008-05-19T18:06:30,58.294225,-134.408575,0,10.3,1.8,4,9221281,PBKH,JUNEAU
OOSTERDAM,245417000,2008-05-19T18:06:20,58.29414167,-134.4086583,0,13.5,1.8,1,9221281,PBKH,JUNEAU
OOSTERDAM,245417000,2008-05-19T18:06:13,58.29405833,-134.4086767,0,8.0,1.7,359,9221281,PBKH,JUNEAU
OOSTERDAM,245417000,2008-05-19T18:06:03,58.29400667,-134.4087933,0,7.0,1.4,355,9221281,PBKH,JUNEAU
OOSTERDAM,245417000,2008-05-19T18:05:57,58.29393833,-134.4088433,0,12.9,1.2,353,9221281,PBKH,JUNEAU
OOSTERDAM,245417000,2008-05-19T18:05:52,58.29390667,-134.4088767,0,5.9,1.6,352,9221281,PBKH,JUNEAU
OOSTERDAM,245417000,2008-05-19T18:05:47,58.293875,-134.4089117,0,2.2,1.7,349,9221281,PBKH,JUNEAU
OOSTERDAM,245417000,2008-05-19T18:05:40,58.293825,-134.4089633,0,357.0,1.7,347,9221281,PBKH,JUNEAU
OOSTERDAM,245417000,2008-05-19T18:05:32,58.29376,-134.4089967,0,355.8,1.9,344,9221281,PBKH,JUNEAU
OOSTERDAM,245417000,2008-05-19T18:05:20,58.29362667,-134.409015,0,351.8,1.9,341,9221281,PBKH,JUNEAU
OOSTERDAM,245417000,2008-05-19T18:05:13,58.29356,-134.4090333,0,346.7,2.2,339,9221281,PBKH,JUNEAU
OOSTERDAM,245417000,2008-05-19T18:05:03,58.29347833,-134.4090517,0,345.8,2.3,336,9221281,PBKH,JUNEAU
OOSTERDAM,245417000,2008-05-19T18:04:52,58.29336167,-134.4090383,0,339.8,2.5,333,9221281,PBKH,JUNEAU
OOSTERDAM,245417000,2008-05-19T18:04:24,58.29301333,-134.40886,0,335.1,3.2,328,9221281,PBKH,JUNEAU
OOSTERDAM,245417000,2008-05-19T18:02:52,58.291565,-134.4072833,0,328.1,4.1,324,9221281,PBKH,JUNEAU
OOSTERDAM,245417000,2008-05-19T17:59:42,58.288415,-134.4033867,0,326.3,4.4,325,9221281,PBKH,JUNEAU
OOSTERDAM,245417000,2008-05-19T17:58:33,58.28729833,-134.4018717,0,322.7,4.5,324,9221281,PBKH,JUNEAU
OOSTERDAM,245417000,2008-05-19T17:58:23,58.28713333,-134.4016717,0,322.6,4.4,324,9221281,PBKH,JUNEAU
OOSTERDAM,245417000,2008-05-19T17:58:03,58.28682,-134.4012767,0,325.0,5.5,324,9221281,PBKH,JUNEAU
OOSTERDAM,245417000,2008-05-19T17:15:20,58.20505833,-134.2357683,0,313.2,15.9,314,9221281,PBKH,JUNEAU
OOSTERDAM,245417000,2008-05-19T17:14:02,58.20104333,-134.227655,0,312.9,17.0,314,9221281,PBKH,JUNEAU
OOSTERDAM,245417000,2008-05-19T17:26:24,58.23523167,-134.29523,0,314.1,12.8,315,9221281,PBKH,JUNEAU
OOSTERDAM,245417000,2008-05-19T17:23:51,58.22885167,-134.2828667,0,314.5,13.3,315,9221281,PBKH,JUNEAU
OOSTERDAM,245417000,2008-05-19T17:22:39,58.22572167,-134.27679,0,314.5,13.5,315,9221281,PBKH,JUNEAU
OOSTERDAM,245417000,2008-05-19T17:20:40,58.22025333,-134.2661383,0,313.6,14.6,314,9221281,PBKH,JUNEAU
OOSTERDAM,245417000,2008-05-19T17:18:15,58.21345167,-134.25262,0,312.8,14.7,314,9221281,PBKH,JUNEAU
OOSTERDAM,245417000,2008-05-19T17:32:14,58.24928667,-134.322485,0,315.0,11.5,316,9221281,PBKH,JUNEAU
OOSTERDAM,245417000,2008-05-19T17:30:14,58.24458167,-134.31333,0,313.6,12.6,315,9221281,PBKH,JUNEAU
OOSTERDAM,245417000,2008-05-19T17:27:54,58.23892667,-134.3022683,0,314.0,12.7,315,9221281,PBKH,JUNEAU
OOSTERDAM,245417000,2008-05-19T17:03:03,58.15883667,-134.149345,0,324.8,20.5,326,9221281,PBKH,JUNEAU
OOSTERDAM,245417000,2008-05-19T17:02:03,58.15420333,-134.1433033,0,326.8,20.5,328,9221281,PBKH,JUNEAU
OOSTERDAM,245417000,2008-05-19T17:07:33,58.177565,-134.18073,0,313.1,20.0,314,9221281,PBKH,JUNEAU
OOSTERDAM,245417000,2008-05-19T17:07:03,58.17560333,-134.1767583,0,313.2,19.5,315,9221281,PBKH,JUNEAU
OOSTERDAM,245417000,2008-05-19T17:06:57,58.17520167,-134.176005,0,312.5,18.8,315,9221281,PBKH,JUNEAU
OOSTERDAM,245417000,2008-05-19T17:06:14,58.17237833,-134.1706867,0,316.1,19.9,317,9221281,PBKH,JUNEAU
OOSTERDAM,245417000,2008-05-19T17:05:33,58.16971167,-134.16594,0,317.8,20.0,319,9221281,PBKH,JUNEAU
OOSTERDAM,245417000,2008-05-19T17:04:51,58.16676833,-134.1610333,0,319.8,20.0,321,9221281,PBKH,JUNEAU
OOSTERDAM,245417000,2008-05-19T17:04:21,58.164645,-134.1576683,0,321.8,20.1,323,9221281,PBKH,JUNEAU
OOSTERDAM,245417000,2008-05-19T17:03:45,58.162085,-134.1538667,0,323.4,20.3,324,9221281,PBKH,JUNEAU
OOSTERDAM,245417000,2008-05-19T17:13:15,58.19840167,-134.2223383,0,313.3,18.1,314,9221281,PBKH,JUNEAU
OOSTERDAM,245417000,2008-05-19T17:11:39,58.19281,-134.21117,0,313.3,18.7,314,9221281,PBKH,JUNEAU
OOSTERDAM,245417000,2008-05-19T17:10:39,58.18923333,-134.2041333,0,313.4,19.4,314,9221281,PBKH,JUNEAU
OOSTERDAM,245417000,2008-05-19T16:52:51,58.10867333,-134.09703,0,339.4,20.0,340,9221281,PBKH,JUNEAU
OOSTERDAM,245417000,2008-05-19T16:52:03,58.10450833,-134.0941,0,341.5,19.8,340,9221281,PBKH,JUNEAU
OOSTERDAM,245417000,2008-05-19T16:51:27,58.10151167,-134.0920917,0,341.0,19.9,341,9221281,PBKH,JUNEAU
OOSTERDAM,245417000,2008-05-19T16:51:15,58.10037667,-134.0914733,0,340.1,19.7,341,9221281,PBKH,JUNEAU
OOSTERDAM,245417000,2008-05-19T16:59:21,58.14127833,-134.12722,0,326.8,20.3,328,9221281,PBKH,JUNEAU
OOSTERDAM,245417000,2008-05-19T16:58:45,58.13857833,-134.1239133,0,328.8,20.3,330,9221281,PBKH,JUNEAU
OOSTERDAM,245417000,2008-05-19T16:57:32,58.13269667,-134.1173833,0,331.2,20.2,333,9221281,PBKH,JUNEAU
OOSTERDAM,245417000,2008-05-19T16:56:57,58.12970833,-134.1142917,0,332.2,20.2,334,9221281,PBKH,JUNEAU
OOSTERDAM,245417000,2008-05-19T16:56:15,58.126195,-134.11091,0,334.2,20.2,336,9221281,PBKH,JUNEAU
OOSTERDAM,245417000,2008-05-19T16:55:32,58.12267667,-134.1077083,0,335.8,20.3,337,9221281,PBKH,JUNEAU
OOSTERDAM,245417000,2008-05-19T16:55:03,58.12020167,-134.1055867,0,337.1,20.2,338,9221281,PBKH,JUNEAU
OOSTERDAM,245417000,2008-05-19T16:54:39,58.11814167,-134.1039083,0,338.1,20.2,339,9221281,PBKH,JUNEAU
OOSTERDAM,245417000,2008-05-19T16:50:19,58.09532167,-134.0878983,0,341.0,19.8,341,9221281,PBKH,JUNEAU
OOSTERDAM,245417000,2008-05-19T16:49:39,58.09213,-134.0858383,0,343.0,19.8,343,9221281,PBKH,JUNEAU
OOSTERDAM,245417000,2008-05-19T16:49:03,58.08898667,-134.0840783,0,344.7,19.8,345,9221281,PBKH,JUNEAU
OOSTERDAM,245417000,2008-05-19T16:48:45,58.08741833,-134.0832583,0,346.2,19.8,346,9221281,PBKH,JUNEAU
OOSTERDAM,245417000,2008-05-19T16:47:03,58.07838667,-134.0791183,0,346.1,19.7,347,9221281,PBKH,JUNEAU
OOSTERDAM,245417000,2008-05-19T16:46:15,58.07415833,-134.0772333,0,347.2,19.8,347,9221281,PBKH,JUNEAU
OOSTERDAM,245417000,2008-05-19T16:44:45,58.06623833,-134.0737,0,346.8,19.9,348,9221281,PBKH,JUNEAU
OOSTERDAM,245417000,2008-05-19T16:44:03,58.06243167,-134.0719817,0,345.9,19.8,348,9221281,PBKH,JUNEAU
OOSTERDAM,245417000,2008-05-19T16:43:33,58.05985,-134.0707083,0,344.2,19.8,346,9221281,PBKH,JUNEAU
OOSTERDAM,245417000,2008-05-19T16:43:03,58.05720667,-134.0692867,0,341.3,19.8,344,9221281,PBKH,JUNEAU
OOSTERDAM,245417000,2008-05-19T16:42:33,58.0546,-134.0676383,0,340.6,19.8,343,9221281,PBKH,JUNEAU
OOSTERDAM,245417000,2008-05-19T16:41:50,58.050925,-134.06511,0,337.9,19.8,341,9221281,PBKH,JUNEAU
OOSTERDAM,245417000,2008-05-19T16:37:51,58.03096667,-134.0468983,0,333.4,20.2,334,9221281,PBKH,JUNEAU
OOSTERDAM,245417000,2008-05-19T16:36:45,58.025565,-134.0417317,0,332.1,20.2,333,9221281,PBKH,JUNEAU
OOSTERDAM,245417000,2008-05-19T16:36:39,58.02508,-134.0412633,0,332.4,20.2,333,9221281,PBKH,JUNEAU
OOSTERDAM,245417000,2008-05-19T16:33:27,58.009105,-134.0259367,0,333.0,20.2,333,9221281,PBKH,JUNEAU
OOSTERDAM,245417000,2008-05-19T16:32:33,58.00455167,-134.0216,0,333.7,20.2,334,9221281,PBKH,JUNEAU
OOSTERDAM,245417000,2008-05-19T16:41:27,58.048965,-134.063655,0,336.9,19.9,339,9221281,PBKH,JUNEAU
OOSTERDAM,245417000,2008-05-19T16:40:57,58.04640167,-134.0615633,0,335.2,19.9,337,9221281,PBKH,JUNEAU
OOSTERDAM,245417000,2008-05-19T16:40:14,58.04281833,-134.0584183,0,333.5,20.0,335,9221281,PBKH,JUNEAU
OOSTERDAM,245417000,2008-05-19T16:39:08,58.03740833,-134.0532067,0,332.7,20.0,333,9221281,PBKH,JUNEAU
OOSTERDAM,245417000,2008-05-19T16:26:27,57.97416833,-133.9930167,0,333.0,20.1,333,9221281,PBKH,JUNEAU
OOSTERDAM,245417000,2008-05-19T16:23:03,57.95732167,-133.9768867,0,333.0,20.1,333,9221281,PBKH,JUNEAU
OOSTERDAM,245417000,2008-05-19T16:28:39,57.98514,-134.0032883,0,333.7,20.2,334,9221281,PBKH,JUNEAU
OOSTERDAM,245417000,2008-05-19T16:13:50,57.91171833,-133.934135,0,333.0,19.7,333,9221281,PBKH,JUNEAU
OOSTERDAM,245417000,2008-05-19T16:13:39,57.91071333,-133.9332117,0,333.0,19.7,333,9221281,PBKH,JUNEAU
OOSTERDAM,245417000,2008-05-19T16:17:39,57.930525,-133.951575,0,333.2,20.0,333,9221281,PBKH,JUNEAU
OOSTERDAM,245417000,2008-05-19T16:10:15,57.89427833,-133.9175117,0,332.7,19.7,333,9221281,PBKH,JUNEAU
OOSTERDAM,245417000,2008-05-19T16:09:09,57.88882167,-133.9123533,0,332.7,19.6,333,9221281,PBKH,JUNEAU
OOSTERDAM,245417000,2008-05-19T15:52:51,57.80789,-133.84676,0,347.2,19.7,347,9221281,PBKH,JUNEAU
OOSTERDAM,245417000,2008-05-19T15:52:39,57.80682,-133.84631,0,345.7,19.8,346,9221281,PBKH,JUNEAU
OOSTERDAM,245417000,2008-05-19T15:55:27,57.82146833,-133.8536533,0,341.5,19.8,341,9221281,PBKH,JUNEAU
OOSTERDAM,245417000,2008-05-19T15:49:39,57.79083167,-133.838825,0,345.1,20.0,346,9221281,PBKH,JUNEAU
OOSTERDAM,245417000,2008-05-19T15:46:15,57.772405,-133.8295117,0,344.3,20.8,346,9221281,PBKH,JUNEAU
OOSTERDAM,245417000,2008-05-19T15:42:27,57.751475,-133.8186217,0,344.0,20.5,346,9221281,PBKH,JUNEAU
OOSTERDAM,245417000,2008-05-19T15:42:16,57.75045667,-133.8180867,0,344.3,20.6,346,9221281,PBKH,JUNEAU
OOSTERDAM,245417000,2008-05-19T15:38:27,57.72930167,-133.8069033,0,343.2,20.9,346,9221281,PBKH,JUNEAU
OOSTERDAM,245417000,2008-05-19T15:36:21,57.67831,-133.7795567,0,344.7,20.7,347,9221281,PBKH,JUNEAU
OOSTERDAM,245417000,2008-05-19T15:33:13,57.675015,-133.7779183,0,343.7,20.7,346,9221281,PBKH,JUNEAU
OOSTERDAM,245417000,2008-05-19T15:29:50,57.67215167,-133.7763617,0,343.5,20.7,346,9221281,PBKH,JUNEAU
OOSTERDAM,245417000,2008-05-19T15:26:56,57.66511667,-133.772575,0,343.7,20.7,346,9221281,PBKH,JUNEAU
OOSTERDAM,245417000,2008-05-19T15:17:03,57.612315,-133.7451083,0,344.2,19.9,346,9221281,PBKH,JUNEAU
OOSTERDAM,245417000,2008-05-19T15:23:40,57.64753,-133.7633317,0,345.0,20.4,347,9221281,PBKH,JUNEAU
OOSTERDAM,245417000,2008-05-19T15:20:16,57.62926333,-133.7538817,0,344.2,19.9,346,9221281,PBKH,JUNEAU
OOSTERDAM,245417000,2008-05-19T15:13:23,57.59241,-133.7346983,0,344.0,20.1,346,9221281,PBKH,JUNEAU
OOSTERDAM,245417000,2008-05-19T15:12:05,57.58531667,-133.7310683,0,343.8,20.2,347,9221281,PBKH,JUNEAU
OOSTERDAM,245417000,2008-05-19T15:10:35,57.57707167,-133.726995,0,344.7,20.2,347,9221281,PBKH,JUNEAU
OOSTERDAM,245417000,2008-05-19T15:08:52,57.56796,-133.7226183,0,347.4,20.4,348,9221281,PBKH,JUNEAU
OOSTERDAM,245417000,2008-05-19T15:08:40,57.56688667,-133.7220983,0,348.1,20.3,349,9221281,PBKH,JUNEAU
OOSTERDAM,245417000,2008-05-19T15:08:29,57.56579833,-133.721645,0,349.7,20.3,350,9221281,PBKH,JUNEAU
OOSTERDAM,245417000,2008-05-19T15:08:09,57.564125,-133.721025,0,350.4,20.3,351,9221281,PBKH,JUNEAU
OOSTERDAM,245417000,2008-05-19T15:07:39,57.56131333,-133.7202367,0,353.0,20.2,353,9221281,PBKH,JUNEAU
OOSTERDAM,245417000,2008-05-19T15:07:16,57.55912,-133.7197167,0,354.7,20.5,355,9221281,PBKH,JUNEAU
OOSTERDAM,245417000,2008-05-19T15:06:45,57.556115,-133.7192233,0,357.7,20.2,358,9221281,PBKH,JUNEAU
OOSTERDAM,245417000,2008-05-19T15:06:36,57.55536167,-133.719155,0,358.0,20.0,358,9221281,PBKH,JUNEAU
OOSTERDAM,245417000,2008-05-19T15:06:30,57.554625,-133.7190867,0,359.0,20.2,359,9221281,PBKH,JUNEAU
OOSTERDAM,245417000,2008-05-19T15:05:53,57.55123167,-133.7190967,0,1.2,20.4,1,9221281,PBKH,JUNEAU
OOSTERDAM,245417000,2008-05-19T15:05:46,57.55068,-133.7190967,0,2.2,20.5,2,9221281,PBKH,JUNEAU
OOSTERDAM,245417000,2008-05-19T15:05:10,57.54737,-133.7193917,0,5.2,20.4,5,9221281,PBKH,JUNEAU
OOSTERDAM,245417000,2008-05-19T15:04:23,57.54276833,-133.7201917,0,7.5,20.5,7,9221281,PBKH,JUNEAU
OOSTERDAM,245417000,2008-05-19T15:03:52,57.54003667,-133.7208933,0,9.8,20.5,9,9221281,PBKH,JUNEAU
OOSTERDAM,245417000,2008-05-19T15:03:18,57.53669833,-133.72211,0,13.1,20.4,12,9221281,PBKH,JUNEAU
OOSTERDAM,245417000,2008-05-19T15:01:00,57.52400667,-133.728445,0,16.2,20.5,16,9221281,PBKH,JUNEAU
OOSTERDAM,245417000,2008-05-19T14:56:40,57.500495,-133.7407367,0,15.2,20.6,15,9221281,PBKH,JUNEAU
OOSTERDAM,245417000,2008-05-19T14:55:52,57.49612833,-133.7430783,0,15.0,20.6,15,9221281,PBKH,JUNEAU
OOSTERDAM,245417000,2008-05-19T14:54:33,57.488975,-133.74677,0,15.2,20.7,15,9221281,PBKH,JUNEAU
OOSTERDAM,245417000,2008-05-19T14:51:28,57.471835,-133.7554417,0,15.0,20.7,15,9221281,PBKH,JUNEAU
OOSTERDAM,245417000,2008-05-19T14:49:28,57.46079833,-133.76105,0,14.7,20.7,15,9221281,PBKH,JUNEAU
OOSTERDAM,245417000,2008-05-19T14:47:34,57.45035833,-133.76656,0,16.0,20.7,16,9221281,PBKH,JUNEAU
OOSTERDAM,245417000,2008-05-19T14:46:39,57.44539167,-133.7691033,0,15.2,20.6,15,9221281,PBKH,JUNEAU
OOSTERDAM,245417000,2008-05-19T14:39:30,57.40573,-133.7903567,0,16.4,20.3,15,9221281,PBKH,JUNEAU
OOSTERDAM,245417000,2008-05-19T14:38:09,57.39918667,-133.7938717,0,16.1,20.2,15,9221281,PBKH,JUNEAU
OOSTERDAM,245417000,2008-05-19T14:37:42,57.39667167,-133.7952133,0,16.4,20.2,15,9221281,PBKH,JUNEAU
OOSTERDAM,245417000,2008-05-19T14:36:57,57.39272167,-133.7974033,0,18.7,20.2,17,9221281,PBKH,JUNEAU
OOSTERDAM,245417000,2008-05-19T14:36:42,57.39121667,-133.7983233,0,19.4,20.2,18,9221281,PBKH,JUNEAU
OOSTERDAM,245417000,2008-05-19T14:35:10,57.38328833,-133.8038633,0,22.4,20.2,21,9221281,PBKH,JUNEAU
OOSTERDAM,245417000,2008-05-19T14:35:03,57.38285167,-133.804165,0,22.4,20.3,21,9221281,PBKH,JUNEAU
OOSTERDAM,245417000,2008-05-19T14:34:30,57.379755,-133.8066033,0,24.7,20.2,23,9221281,PBKH,JUNEAU
OOSTERDAM,245417000,2008-05-19T14:34:22,57.37923833,-133.8070383,0,24.1,20.3,23,9221281,PBKH,JUNEAU
OOSTERDAM,245417000,2008-05-19T14:33:27,57.37463667,-133.8109833,0,25.8,20.4,25,9221281,PBKH,JUNEAU
OOSTERDAM,245417000,2008-05-19T14:33:03,57.37253,-133.8128883,0,26.5,20.4,26,9221281,PBKH,JUNEAU
OOSTERDAM,245417000,2008-05-19T14:32:03,57.36762667,-133.8176717,0,28.8,20.3,28,9221281,PBKH,JUNEAU
OOSTERDAM,245417000,2008-05-19T14:31:28,57.36469833,-133.820775,0,31.6,20.3,30,9221281,PBKH,JUNEAU
OOSTERDAM,245417000,2008-05-19T14:30:52,57.3619,-133.823955,0,32.9,20.2,31,9221281,PBKH,JUNEAU
OOSTERDAM,245417000,2008-05-19T14:30:17,57.35893333,-133.82752,0,34.7,20.2,33,9221281,PBKH,JUNEAU
OOSTERDAM,245417000,2008-05-19T14:29:34,57.35580333,-133.8315333,0,35.4,20.1,34,9221281,PBKH,JUNEAU
OOSTERDAM,245417000,2008-05-19T14:28:51,57.35266667,-133.8358267,0,37.9,20.1,36,9221281,PBKH,JUNEAU
OOSTERDAM,245417000,2008-05-19T14:28:09,57.34959,-133.8403233,0,39.9,20.2,38,9221281,PBKH,JUNEAU
OOSTERDAM,245417000,2008-05-19T14:27:28,57.34664667,-133.8448483,0,40.7,20.2,39,9221281,PBKH,JUNEAU
OOSTERDAM,245417000,2008-05-19T14:26:33,57.34283,-133.851135,0,42.9,20.2,41,9221281,PBKH,JUNEAU
OOSTERDAM,245417000,2008-05-19T14:26:23,57.34200667,-133.8525483,0,43.7,20.2,42,9221281,PBKH,JUNEAU
OOSTERDAM,245417000,2008-05-19T14:23:21,57.329925,-133.8742967,0,43.7,20.2,44,9221281,PBKH,JUNEAU
OOSTERDAM,245417000,2008-05-19T14:22:33,57.32678167,-133.879915,0,43.7,20.2,44,9221281,PBKH,JUNEAU
OOSTERDAM,245417000,2008-05-19T14:19:27,57.31412833,-133.9018767,0,42.8,20.3,44,9221281,PBKH,JUNEAU
OOSTERDAM,245417000,2008-05-19T14:18:46,57.31124833,-133.906885,0,42.8,20.4,44,9221281,PBKH,JUNEAU
OOSTERDAM,245417000,2008-05-19T14:15:40,57.29842167,-133.9289067,0,42.3,20.4,44,9221281,PBKH,JUNEAU
OOSTERDAM,245417000,2008-05-19T14:14:46,57.29458667,-133.9354217,0,41.4,20.4,44,9221281,PBKH,JUNEAU
OOSTERDAM,245417000,2008-05-19T14:13:27,57.28893167,-133.9440433,0,38.3,20.3,40,9221281,PBKH,JUNEAU
OOSTERDAM,245417000,2008-05-19T14:12:30,57.284515,-133.9505883,0,37.7,20.2,40,9221281,PBKH,JUNEAU
OOSTERDAM,245417000,2008-05-19T14:11:40,57.28104667,-133.9556783,0,39.7,20.3,42,9221281,PBKH,JUNEAU
OOSTERDAM,245417000,2008-05-19T14:10:30,57.27579333,-133.963775,0,40.1,20.4,43,9221281,PBKH,JUNEAU
OOSTERDAM,245417000,2008-05-19T14:09:04,57.26975667,-133.97299,0,39.4,20.4,42,9221281,PBKH,JUNEAU
OOSTERDAM,245417000,2008-05-19T14:05:58,57.256115,-133.9936683,0,38.6,20.4,42,9221281,PBKH,JUNEAU
OOSTERDAM,245417000,2008-05-19T14:05:27,57.25389,-133.9969667,0,36.8,20.7,41,9221281,PBKH,JUNEAU
OOSTERDAM,245417000,2008-05-19T14:04:46,57.25074167,-134.0012717,0,34.8,20.7,39,9221281,PBKH,JUNEAU
OOSTERDAM,245417000,2008-05-19T14:03:27,57.244425,-134.0090633,0,33.6,20.5,37,9221281,PBKH,JUNEAU
OOSTERDAM,245417000,2008-05-19T14:02:09,57.23823167,-134.0166433,0,33.6,20.6,37,9221281,PBKH,JUNEAU
OOSTERDAM,245417000,2008-05-19T13:59:04,57.223665,-134.03464,0,33.6,20.2,37,9221281,PBKH,JUNEAU
OOSTERDAM,245417000,2008-05-19T13:57:04,57.21432333,-134.0460267,0,33.2,20.0,37,9221281,PBKH,JUNEAU
OOSTERDAM,245417000,2008-05-19T13:54:40,57.20313667,-134.059605,0,33.5,20.1,37,9221281,PBKH,JUNEAU
OOSTERDAM,245417000,2008-05-19T13:53:23,57.19703333,-134.0670967,0,33.8,20.0,37,9221281,PBKH,JUNEAU
OOSTERDAM,245417000,2008-05-19T13:51:52,57.190195,-134.0757567,0,33.8,20.1,37,9221281,PBKH,JUNEAU
OOSTERDAM,245417000,2008-05-19T13:49:27,57.179065,-134.0896967,0,33.9,20.5,37,9221281,PBKH,JUNEAU
OOSTERDAM,245417000,2008-05-19T13:47:52,57.17154333,-134.0992083,0,33.9,20.5,37,9221281,PBKH,JUNEAU
OOSTERDAM,245417000,2008-05-19T13:45:27,57.15992,-134.1128967,0,32.5,20.7,35,9221281,PBKH,JUNEAU
OOSTERDAM,245417000,2008-05-19T13:44:00,57.15275333,-134.1215683,0,33.6,21.0,35,9221281,PBKH,JUNEAU
OOSTERDAM,245417000,2008-05-19T13:42:45,57.14692833,-134.12875,0,32.5,21.1,35,9221281,PBKH,JUNEAU
OOSTERDAM,245417000,2008-05-19T13:39:28,57.130795,-134.148065,0,32.5,20.8,35,9221281,PBKH,JUNEAU
OOSTERDAM,245417000,2008-05-19T13:38:10,57.12453833,-134.15561,0,34.8,20.7,36,9221281,PBKH,JUNEAU
OOSTERDAM,245417000,2008-05-19T13:38:04,57.12407167,-134.15621,0,34.8,20.8,36,9221281,PBKH,JUNEAU
OOSTERDAM,245417000,2008-05-19T13:34:52,57.10890833,-134.1752733,0,33.8,20.7,35,9221281,PBKH,JUNEAU
OOSTERDAM,245417000,2008-05-19T13:33:33,57.10263833,-134.1830967,0,34.8,20.7,36,9221281,PBKH,JUNEAU
OOSTERDAM,245417000,2008-05-19T13:30:22,57.08749333,-134.2017433,0,33.0,20.6,35,9221281,PBKH,JUNEAU
OOSTERDAM,245417000,2008-05-19T13:27:21,57.07310333,-134.2192283,0,34.3,21.0,36,9221281,PBKH,JUNEAU
OOSTERDAM,245417000,2008-05-19T13:24:09,57.05771167,-134.2380883,0,34.3,20.7,36,9221281,PBKH,JUNEAU
OOSTERDAM,245417000,2008-05-19T13:21:46,57.04634167,-134.2519683,0,34.3,20.7,36,9221281,PBKH,JUNEAU
OOSTERDAM,245417000,2008-05-19T13:17:33,57.02637333,-134.2766417,0,33.5,20.4,35,9221281,PBKH,JUNEAU
OOSTERDAM,245417000,2008-05-19T13:15:16,57.01563833,-134.28979,0,33.8,20.3,35,9221281,PBKH,JUNEAU
OOSTERDAM,245417000,2008-05-19T13:10:58,56.995375,-134.3149567,0,34.1,20.3,35,9221281,PBKH,JUNEAU
OOSTERDAM,245417000,2008-05-19T13:06:27,56.97459167,-134.3407967,0,34.1,19.7,35,9221281,PBKH,JUNEAU
OOSTERDAM,245417000,2008-05-19T13:04:22,56.96525333,-134.3523467,0,33.7,18.7,35,9221281,PBKH,JUNEAU
OOSTERDAM,245417000,2008-05-19T13:03:04,56.959745,-134.35916,0,34.3,17.8,35,9221281,PBKH,JUNEAU
OOSTERDAM,245417000,2008-05-19T13:01:45,56.95455167,-134.36561,0,33.9,16.7,35,9221281,PBKH,JUNEAU
OOSTERDAM,245417000,2008-05-19T13:00:40,56.95037333,-134.3708417,0,33.8,15.5,35,9221281,PBKH,JUNEAU
OOSTERDAM,245417000,2008-05-19T12:59:50,56.94751833,-134.3744183,0,34.2,14.4,35,9221281,PBKH,JUNEAU
OOSTERDAM,245417000,2008-05-19T12:58:50,56.94436667,-134.3783767,0,33.1,12.8,34,9221281,PBKH,JUNEAU
OOSTERDAM,245417000,2008-05-19T12:56:59,56.93936,-134.3843217,0,33.5,10.5,33,9221281,PBKH,JUNEAU
OOSTERDAM,245417000,2008-05-19T12:54:49,56.93444,-134.3902383,0,33.0,9.3,33,9221281,PBKH,JUNEAU
OOSTERDAM,245417000,2008-05-19T12:52:16,56.928785,-134.3969767,0,33.0,9.6,33,9221281,PBKH,JUNEAU
OOSTERDAM,245417000,2008-05-19T12:51:47,56.92764667,-134.3982983,0,33.0,9.9,33,9221281,PBKH,JUNEAU
OOSTERDAM,245417000,2008-05-19T12:50:33,56.92467,-134.4018433,0,33.0,11.3,33,9221281,PBKH,JUNEAU
OOSTERDAM,245417000,2008-05-19T12:49:46,56.92251167,-134.404435,0,33.5,12.5,34,9221281,PBKH,JUNEAU
OOSTERDAM,245417000,2008-05-19T12:48:58,56.92013333,-134.4073333,0,33.8,13.7,33,9221281,PBKH,JUNEAU
OOSTERDAM,245417000,2008-05-19T12:47:58,56.91687833,-134.411345,0,34.3,14.8,34,9221281,PBKH,JUNEAU
OOSTERDAM,245417000,2008-05-19T12:45:47,56.90897333,-134.4212083,0,33.0,15.9,32,9221281,PBKH,JUNEAU
OOSTERDAM,245417000,2008-05-19T12:42:43,56.89741667,-134.43553,0,33.3,16.6,32,9221281,PBKH,JUNEAU
OOSTERDAM,245417000,2008-05-19T12:40:52,56.89037333,-134.4442483,0,33.9,17.7,33,9221281,PBKH,JUNEAU
OOSTERDAM,245417000,2008-05-19T12:40:16,56.88779833,-134.447475,0,33.2,18.1,32,9221281,PBKH,JUNEAU
OOSTERDAM,245417000,2008-05-19T12:39:27,56.88446667,-134.4514267,0,33.2,18.4,32,9221281,PBKH,JUNEAU
OOSTERDAM,245417000,2008-05-19T12:36:21,56.8709,-134.4681533,0,34.6,19.2,32,9221281,PBKH,JUNEAU
OOSTERDAM,245417000,2008-05-19T12:35:04,56.86519667,-134.4753817,0,34.7,19.0,32,9221281,PBKH,JUNEAU
OOSTERDAM,245417000,2008-05-19T12:34:52,56.86440833,-134.476405,0,37.8,18.7,32,9221281,PBKH,JUNEAU
OOSTERDAM,245417000,2008-05-19T12:33:34,56.85882,-134.4840933,0,36.7,19.2,35,9221281,PBKH,JUNEAU
OOSTERDAM,245417000,2008-05-19T12:33:10,56.8572,-134.4863967,0,36.7,19.2,35,9221281,PBKH,JUNEAU
OOSTERDAM,245417000,2008-05-19T12:32:46,56.855405,-134.4888483,0,36.1,19.2,35,9221281,PBKH,JUNEAU
OOSTERDAM,245417000,2008-05-19T12:32:34,56.85460167,-134.48992,0,35.8,19.1,35,9221281,PBKH,JUNEAU
OOSTERDAM,245417000,2008-05-19T12:32:15,56.853215,-134.4916617,0,32.7,19.1,33,9221281,PBKH,JUNEAU
OOSTERDAM,245417000,2008-05-19T12:31:58,56.85186333,-134.4932833,0,29.3,19.0,30,9221281,PBKH,JUNEAU
OOSTERDAM,245417000,2008-05-19T12:31:52,56.85141333,-134.49377,0,28.0,19.0,29,9221281,PBKH,JUNEAU
OOSTERDAM,245417000,2008-05-19T12:31:28,56.84965333,-134.4954833,0,24.1,18.9,26,9221281,PBKH,JUNEAU
OOSTERDAM,245417000,2008-05-19T12:31:23,56.84916833,-134.49597,0,21.8,18.9,24,9221281,PBKH,JUNEAU
OOSTERDAM,245417000,2008-05-19T12:31:16,56.84863333,-134.4964867,0,20.8,18.9,23,9221281,PBKH,JUNEAU
OOSTERDAM,245417000,2008-05-19T12:31:10,56.84822833,-134.4967917,0,20.2,19.2,22,9221281,PBKH,JUNEAU
OOSTERDAM,245417000,2008-05-19T12:30:52,56.84664,-134.4978467,0,16.6,19.3,19,9221281,PBKH,JUNEAU
OOSTERDAM,245417000,2008-05-19T12:30:34,56.84522,-134.4987083,0,13.3,19.2,16,9221281,PBKH,JUNEAU
OOSTERDAM,245417000,2008-05-19T12:30:22,56.84410167,-134.4992483,0,11.6,19.2,14,9221281,PBKH,JUNEAU
OOSTERDAM,245417000,2008-05-19T12:30:04,56.84253,-134.499875,0,8.3,19.4,12,9221281,PBKH,JUNEAU
OOSTERDAM,245417000,2008-05-19T12:29:57,56.841995,-134.5000633,0,6.7,19.4,10,9221281,PBKH,JUNEAU
OOSTERDAM,245417000,2008-05-19T12:29:52,56.84146167,-134.5002483,0,7.0,19.3,10,9221281,PBKH,JUNEAU
OOSTERDAM,245417000,2008-05-19T12:29:28,56.83939333,-134.5006567,0,3.3,19.5,6,9221281,PBKH,JUNEAU
OOSTERDAM,245417000,2008-05-19T12:29:15,56.83826833,-134.5008617,0,1.6,19.5,4,9221281,PBKH,JUNEAU
OOSTERDAM,245417000,2008-05-19T12:28:40,56.83503833,-134.5009833,0,0.1,19.6,1,9221281,PBKH,JUNEAU
OOSTERDAM,245417000,2008-05-19T12:28:21,56.83341167,-134.5009667,0,0.1,19.7,1,9221281,PBKH,JUNEAU
OOSTERDAM,245417000,2008-05-19T12:27:57,56.83127,-134.50105,0,359.9,19.7,1,9221281,PBKH,JUNEAU
OOSTERDAM,245417000,2008-05-19T12:27:15,56.82742667,-134.501,0,0.1,19.5,1,9221281,PBKH,JUNEAU
OOSTERDAM,245417000,2008-05-19T12:26:04,56.82095667,-134.501085,0,359.6,19.5,1,9221281,PBKH,JUNEAU
OOSTERDAM,245417000,2008-05-19T12:24:57,56.81498167,-134.501,0,0.0,19.5,2,9221281,PBKH,JUNEAU
OOSTERDAM,245417000,2008-05-19T12:23:28,56.80687333,-134.501,0,359.7,19.6,2,9221281,PBKH,JUNEAU
OOSTERDAM,245417000,2008-05-19T12:16:52,56.77111,-134.49987,0,356.9,19.5,359,9221281,PBKH,JUNEAU
OOSTERDAM,245417000,2008-05-19T12:16:04,56.76677333,-134.4995017,0,357.5,19.5,359,9221281,PBKH,JUNEAU
OOSTERDAM,245417000,2008-05-19T12:15:40,56.764615,-134.4992667,0,357.5,19.6,359,9221281,PBKH,JUNEAU
OOSTERDAM,245417000,2008-05-19T12:13:34,56.75321667,-134.4986183,0,358.1,19.6,359,9221281,PBKH,JUNEAU
OOSTERDAM,245417000,2008-05-19T12:20:21,56.79012333,-134.500835,0,359.0,19.7,1,9221281,PBKH,JUNEAU
OOSTERDAM,245417000,2008-05-19T12:19:39,56.78629833,-134.5007333,0,359.3,19.6,1,9221281,PBKH,JUNEAU
OOSTERDAM,245417000,2008-05-19T12:18:59,56.78253167,-134.50057,0,358.3,19.7,0,9221281,PBKH,JUNEAU
OOSTERDAM,245417000,2008-05-19T12:18:34,56.78035667,-134.5005533,0,358.6,19.7,0,9221281,PBKH,JUNEAU
OOSTERDAM,245417000,2008-05-19T12:12:46,56.748795,-134.4984017,0,358.1,19.4,359,9221281,PBKH,JUNEAU
OOSTERDAM,245417000,2008-05-19T12:11:28,56.74188,-134.49802,0,358.7,19.4,359,9221281,PBKH,JUNEAU
OOSTERDAM,245417000,2008-05-19T12:10:10,56.73481667,-134.4977367,0,358.4,19.4,359,9221281,PBKH,JUNEAU
OOSTERDAM,245417000,2008-05-19T12:09:34,56.731605,-134.497535,0,358.4,19.3,359,9221281,PBKH,JUNEAU
OOSTERDAM,245417000,2008-05-19T12:08:28,56.725915,-134.4973333,0,358.4,19.2,359,9221281,PBKH,JUNEAU
OOSTERDAM,245417000,2008-05-19T12:07:57,56.72305333,-134.4971833,0,359.0,19.2,359,9221281,PBKH,JUNEAU
OOSTERDAM,245417000,2008-05-19T12:04:52,56.706755,-134.4967333,0,359.2,19.2,0,9221281,PBKH,JUNEAU
OOSTERDAM,245417000,2008-05-19T12:03:53,56.70133833,-134.4965533,0,358.1,19.2,359,9221281,PBKH,JUNEAU
OOSTERDAM,245417000,2008-05-19T12:01:58,56.69121333,-134.4959683,0,358.4,19.2,359,9221281,PBKH,JUNEAU
OOSTERDAM,245417000,2008-05-19T11:59:22,56.67734667,-134.49532,0,358.7,19.2,359,9221281,PBKH,JUNEAU
OOSTERDAM,245417000,2008-05-19T11:57:10,56.6657,-134.4948183,0,359.2,19.4,359,9221281,PBKH,JUNEAU
OOSTERDAM,245417000,2008-05-19T11:56:34,56.66257,-134.4947,0,359.5,19.3,359,9221281,PBKH,JUNEAU
OOSTERDAM,245417000,2008-05-19T11:53:34,56.64626333,-134.4943333,0,359.0,19.9,359,9221281,PBKH,JUNEAU
OOSTERDAM,245417000,2008-05-19T11:52:35,56.640685,-134.49417,0,359.0,20.3,359,9221281,PBKH,JUNEAU
OOSTERDAM,245417000,2008-05-19T11:50:35,56.62929333,-134.4936517,0,358.1,20.8,359,9221281,PBKH,JUNEAU
OOSTERDAM,245417000,2008-05-19T11:47:58,56.61429,-134.4927033,0,357.9,21.0,359,9221281,PBKH,JUNEAU
OOSTERDAM,245417000,2008-05-19T11:45:58,56.60261,-134.49195,0,357.8,20.8,359,9221281,PBKH,JUNEAU
OOSTERDAM,245417000,2008-05-19T11:45:36,56.60050333,-134.4918333,0,357.8,20.8,359,9221281,PBKH,JUNEAU
OOSTERDAM,245417000,2008-05-19T11:45:04,56.59742,-134.4915733,0,357.6,20.8,359,9221281,PBKH,JUNEAU
OOSTERDAM,245417000,2008-05-19T11:42:03,56.58014833,-134.4903167,0,357.8,20.6,359,9221281,PBKH,JUNEAU
OOSTERDAM,245417000,2008-05-19T11:41:09,56.575075,-134.4899567,0,357.3,20.7,359,9221281,PBKH,JUNEAU
OOSTERDAM,245417000,2008-05-19T11:40:52,56.57335333,-134.48984,0,357.3,20.6,359,9221281,PBKH,JUNEAU
OOSTERDAM,245417000,2008-05-19T11:40:41,56.57218,-134.4898233,0,357.6,20.6,359,9221281,PBKH,JUNEAU
OOSTERDAM,245417000,2008-05-19T11:39:34,56.56601,-134.4892883,0,357.3,20.7,359,9221281,PBKH,JUNEAU
OOSTERDAM,245417000,2008-05-19T11:36:40,56.54929,-134.4878233,0,357.6,20.7,359,9221281,PBKH,JUNEAU
OOSTERDAM,245417000,2008-05-19T11:33:28,56.53084333,-134.4864183,0,357.6,20.8,359,9221281,PBKH,JUNEAU
OOSTERDAM,245417000,2008-05-19T11:32:21,56.52440667,-134.4859667,0,357.6,20.9,359,9221281,PBKH,JUNEAU
OOSTERDAM,245417000,2008-05-19T11:31:51,56.521525,-134.4858067,0,357.6,20.9,359,9221281,PBKH,JUNEAU
OOSTERDAM,245417000,2008-05-19T11:30:21,56.512845,-134.4850533,0,357.8,20.7,359,9221281,PBKH,JUNEAU
OOSTERDAM,245417000,2008-05-19T11:29:52,56.51006667,-134.4848533,0,357.8,20.7,359,9221281,PBKH,JUNEAU
OOSTERDAM,245417000,2008-05-19T11:28:09,56.50034333,-134.484235,0,357.6,20.6,359,9221281,PBKH,JUNEAU
OOSTERDAM,245417000,2008-05-19T11:27:16,56.49519833,-134.4838383,0,357.8,20.7,359,9221281,PBKH,JUNEAU
OOSTERDAM,245417000,2008-05-19T11:26:16,56.48947,-134.4835033,0,357.6,20.6,359,9221281,PBKH,JUNEAU
OOSTERDAM,245417000,2008-05-19T11:23:40,56.47459167,-134.4825333,0,357.8,20.8,359,9221281,PBKH,JUNEAU
OOSTERDAM,245417000,2008-05-19T11:20:46,56.45789333,-134.481585,0,358.1,20.7,359,9221281,PBKH,JUNEAU
OOSTERDAM,245417000,2008-05-19T11:19:33,56.45099333,-134.4814167,0,0.7,20.8,1,9221281,PBKH,JUNEAU
OOSTERDAM,245417000,2008-05-19T11:18:40,56.44575333,-134.4814317,0,0.4,20.8,1,9221281,PBKH,JUNEAU
OOSTERDAM,245417000,2008-05-19T11:16:04,56.43062,-134.48165,0,0.7,21.1,1,9221281,PBKH,JUNEAU
OOSTERDAM,245417000,2008-05-19T11:12:52,56.41192333,-134.4818,0,0.0,21.2,1,9221281,PBKH,JUNEAU
OOSTERDAM,245417000,2008-05-19T11:12:16,56.40832333,-134.48185,0,359.7,21.1,1,9221281,PBKH,JUNEAU
OOSTERDAM,245417000,2008-05-19T11:10:52,56.40008333,-134.4817517,0,359.7,21.2,1,9221281,PBKH,JUNEAU
OOSTERDAM,245417000,2008-05-19T11:09:22,56.39137333,-134.4816167,0,0.0,21.2,1,9221281,PBKH,JUNEAU
OOSTERDAM,245417000,2008-05-19T11:09:14,56.39000333,-134.4816,0,359.7,21.2,1,9221281,PBKH,JUNEAU
OOSTERDAM,245417000,2008-05-19T11:07:36,56.38078833,-134.4815867,0,358.6,21.3,1,9221281,PBKH,JUNEAU
OOSTERDAM,245417000,2008-05-19T11:07:03,56.377695,-134.4815867,0,358.9,21.3,1,9221281,PBKH,JUNEAU
OOSTERDAM,245417000,2008-05-19T11:06:39,56.37547333,-134.4814867,0,358.6,21.3,1,9221281,PBKH,JUNEAU
OOSTERDAM,245417000,2008-05-19T11:06:16,56.373145,-134.4813183,0,358.9,21.3,1,9221281,PBKH,JUNEAU
OOSTERDAM,245417000,2008-05-19T11:06:04,56.37199,-134.4813867,0,358.6,21.3,1,9221281,PBKH,JUNEAU
OOSTERDAM,245417000,2008-05-19T11:04:34,56.363015,-134.481035,0,358.6,21.2,1,9221281,PBKH,JUNEAU
OOSTERDAM,245417000,2008-05-19T11:04:09,56.36060333,-134.481,0,358.6,21.3,1,9221281,PBKH,JUNEAU
OOSTERDAM,245417000,2008-05-19T11:03:09,56.35471,-134.4806367,0,358.4,21.3,1,9221281,PBKH,JUNEAU
OOSTERDAM,245417000,2008-05-19T11:02:40,56.35173,-134.4804867,0,358.4,21.3,1,9221281,PBKH,JUNEAU
OOSTERDAM,245417000,2008-05-19T11:02:28,56.35056667,-134.4805367,0,358.1,21.4,1,9221281,PBKH,JUNEAU
OOSTERDAM,245417000,2008-05-19T11:02:09,56.3487,-134.4804033,0,358.4,21.3,1,9221281,PBKH,JUNEAU
OOSTERDAM,245417000,2008-05-19T11:01:17,56.34361833,-134.4802,0,358.4,21.3,1,9221281,PBKH,JUNEAU
OOSTERDAM,245417000,2008-05-19T11:00:58,56.34179167,-134.48025,0,358.7,21.5,1,9221281,PBKH,JUNEAU
OOSTERDAM,245417000,2008-05-19T11:00:40,56.33986333,-134.4799883,0,358.4,21.3,1,9221281,PBKH,JUNEAU
OOSTERDAM,245417000,2008-05-19T11:00:16,56.33764667,-134.480005,0,358.3,21.2,1,9221281,PBKH,JUNEAU
OOSTERDAM,245417000,2008-05-19T10:58:46,56.32878,-134.4794683,0,358.6,21.2,1,9221281,PBKH,JUNEAU
OOSTERDAM,245417000,2008-05-19T10:55:40,56.31054667,-134.47872,0,358.3,21.2,1,9221281,PBKH,JUNEAU
OOSTERDAM,245417000,2008-05-19T10:53:52,56.299965,-134.4781333,0,358.3,21.2,1,9221281,PBKH,JUNEAU
OOSTERDAM,245417000,2008-05-19T10:52:28,56.29173833,-134.4778367,0,358.6,21.2,1,9221281,PBKH,JUNEAU
OOSTERDAM,245417000,2008-05-19T10:51:40,56.287005,-134.4776033,0,358.6,21.3,1,9221281,PBKH,JUNEAU
OOSTERDAM,245417000,2008-05-19T10:50:52,56.282295,-134.4774533,0,358.3,21.2,1,9221281,PBKH,JUNEAU
OOSTERDAM,245417000,2008-05-19T10:50:04,56.27756833,-134.4770833,0,358.3,21.2,1,9221281,PBKH,JUNEAU
OOSTERDAM,245417000,2008-05-19T10:49:22,56.27356167,-134.47687,0,358.6,21.2,1,9221281,PBKH,JUNEAU
OOSTERDAM,245417000,2008-05-19T10:48:22,56.26763333,-134.4766867,0,358.6,21.1,1,9221281,PBKH,JUNEAU
OOSTERDAM,245417000,2008-05-19T10:46:52,56.25881,-134.4762517,0,358.9,21.1,1,9221281,PBKH,JUNEAU
OOSTERDAM,245417000,2008-05-19T10:46:16,56.25528,-134.4761333,0,359.4,21.2,1,9221281,PBKH,JUNEAU
OOSTERDAM,245417000,2008-05-19T10:45:28,56.25060667,-134.4761017,0,359.2,21.2,1,9221281,PBKH,JUNEAU
OOSTERDAM,245417000,2008-05-19T10:44:22,56.24422333,-134.47587,0,359.2,21.2,1,9221281,PBKH,JUNEAU
OOSTERDAM,245417000,2008-05-19T10:44:04,56.24229667,-134.475835,0,359.2,21.2,1,9221281,PBKH,JUNEAU
OOSTERDAM,245417000,2008-05-19T10:43:28,56.23884667,-134.475685,0,359.4,21.2,1,9221281,PBKH,JUNEAU
OOSTERDAM,245417000,2008-05-19T10:42:40,56.23414667,-134.47565,0,0.3,21.2,2,9221281,PBKH,JUNEAU
OOSTERDAM,245417000,2008-05-19T10:41:16,56.22591333,-134.4757483,0,0.6,21.2,2,9221281,PBKH,JUNEAU
OOSTERDAM,245417000,2008-05-19T10:40:16,56.22006,-134.4758983,0,0.6,21.1,2,9221281,PBKH,JUNEAU
OOSTERDAM,245417000,2008-05-19T10:36:40,56.19899,-134.4758333,0,359.6,21.2,2,9221281,PBKH,JUNEAU
OOSTERDAM,245417000,2008-05-19T10:35:34,56.19240667,-134.4758333,0,0.1,21.2,2,9221281,PBKH,JUNEAU
OOSTERDAM,245417000,2008-05-19T10:35:10,56.19016333,-134.4758833,0,359.9,21.2,2,9221281,PBKH,JUNEAU
OOSTERDAM,245417000,2008-05-19T10:32:04,56.17192833,-134.4759167,0,359.3,21.2,2,9221281,PBKH,JUNEAU
OOSTERDAM,245417000,2008-05-19T10:28:57,56.15360333,-134.4756667,0,0.1,21.3,2,9221281,PBKH,JUNEAU
OOSTERDAM,245417000,2008-05-19T10:28:34,56.15130333,-134.4755833,0,359.9,21.4,2,9221281,PBKH,JUNEAU
OOSTERDAM,245417000,2008-05-19T10:28:10,56.14896833,-134.4756333,0,358.8,21.4,2,9221281,PBKH,JUNEAU
OOSTERDAM,245417000,2008-05-19T10:25:22,56.13233833,-134.4756,0,359.9,21.1,2,9221281,PBKH,JUNEAU
OOSTERDAM,245417000,2008-05-19T10:25:03,56.13059667,-134.4756667,0,359.6,21.1,2,9221281,PBKH,JUNEAU
OOSTERDAM,245417000,2008-05-19T10:23:52,56.12363167,-134.4756,0,359.9,21.1,2,9221281,PBKH,JUNEAU
OOSTERDAM,245417000,2008-05-19T10:22:15,56.11416667,-134.4756333,0,359.6,21.2,2,9221281,PBKH,JUNEAU
OOSTERDAM,245417000,2008-05-19T10:21:03,56.10710167,-134.4755833,0,0.3,21.3,2,9221281,PBKH,JUNEAU
OOSTERDAM,245417000,2008-05-19T10:20:03,56.101195,-134.4756317,0,1.3,21.3,3,9221281,PBKH,JUNEAU
OOSTERDAM,245417000,2008-05-19T10:19:28,56.09764333,-134.4757167,0,1.1,21.3,3,9221281,PBKH,JUNEAU
OOSTERDAM,245417000,2008-05-19T10:18:34,56.09232167,-134.4757983,0,359.9,21.4,2,9221281,PBKH,JUNEAU
OOSTERDAM,245417000,2008-05-19T10:17:46,56.087665,-134.4757367,0,359.1,21.4,2,9221281,PBKH,JUNEAU
OOSTERDAM,245417000,2008-05-19T10:17:04,56.08351167,-134.4755533,0,357.4,21.4,0,9221281,PBKH,JUNEAU
OOSTERDAM,245417000,2008-05-19T10:15:04,56.07147333,-134.4745917,0,357.1,21.5,0,9221281,PBKH,JUNEAU
OOSTERDAM,245417000,2008-05-19T10:12:03,56.053725,-134.47325,0,357.7,21.5,0,9221281,PBKH,JUNEAU
OOSTERDAM,245417000,2008-05-19T10:11:22,56.04945167,-134.47294,0,357.4,21.4,0,9221281,PBKH,JUNEAU
OOSTERDAM,245417000,2008-05-19T10:08:16,56.030945,-134.4716567,0,357.7,21.5,0,9221281,PBKH,JUNEAU
OOSTERDAM,245417000,2008-05-19T10:06:57,56.02320667,-134.4711367,0,357.9,21.5,0,9221281,PBKH,JUNEAU
OOSTERDAM,245417000,2008-05-19T10:05:28,56.01435333,-134.4706517,0,358.4,21.4,0,9221281,PBKH,JUNEAU
OOSTERDAM,245417000,2008-05-19T10:03:35,56.00303667,-134.4702517,0,359.0,21.5,0,9221281,PBKH,JUNEAU
OOSTERDAM,245417000,2008-05-19T10:00:29,55.98467667,-134.4696183,0,359.5,21.4,0,9221281,PBKH,JUNEAU
OOSTERDAM,245417000,2008-05-19T10:00:22,55.98400833,-134.4696183,0,359.5,21.4,0,9221281,PBKH,JUNEAU
OOSTERDAM,245417000,2008-05-19T09:59:20,55.97789,-134.4694183,0,359.2,21.2,359,9221281,PBKH,JUNEAU
OOSTERDAM,245417000,2008-05-19T09:59:16,55.97750333,-134.4694,0,359.2,21.2,359,9221281,PBKH,JUNEAU
OOSTERDAM,245417000,2008-05-19T09:22:09,55.761375,-134.4223033,0,349.6,22.0,351,9221281,PBKH,JUNEAU
OOSTERDAM,245417000,2008-05-19T06:49:22,54.87085833,-134.0267233,0,345.6,21.6,347,9221281,PBKH,JUNEAU
OOSTERDAM,245417000,2008-05-19T06:49:16,54.87027167,-134.0264733,0,345.4,21.5,347,9221281,PBKH,JUNEAU
OOSTERDAM,245417000,2008-05-19T06:48:51,54.867875,-134.0254,0,345.6,21.5,347,9221281,PBKH,JUNEAU
OOSTERDAM,245417000,2008-05-19T06:48:40,54.86680333,-134.0249483,0,345.4,21.5,347,9221281,PBKH,JUNEAU
OOSTERDAM,245417000,2008-05-19T06:45:51,54.85045833,-134.0179367,0,345.9,21.6,347,9221281,PBKH,JUNEAU
