bs_ts,mmsi,name,destination,lat,lon,heading,cog,sog,nav_status,imo,callsign,Type of ship
2008-09-04T23:55:22,311109000,NORWEGIAN SUN,VANCOUVER,59.45106667,-135.3236833,43,43.0,0.0,5,9218131,C6RN3,16
2008-09-04T23:52:21,311109000,NORWEGIAN SUN,VANCOUVER,59.45106667,-135.3237,43,43.0,0.0,5,9218131,C6RN3,16
2008-09-04T23:49:17,311109000,NORWEGIAN SUN,VANCOUVER,59.45106667,-135.3237,43,43.0,0.0,5,9218131,C6RN3,16
2008-09-04T23:47:35,311109000,NORWEGIAN SUN,VANCOUVER,59.4506667,-135.324667,511,360.0,102.3,15,9218131,C6RN3,16
2008-09-04T23:46:17,311109000,NORWEGIAN SUN,VANCOUVER,59.45105,-135.3237333,43,43.0,0.0,5,9218131,C6RN3,16
2008-09-04T23:43:14,311109000,NORWEGIAN SUN,VANCOUVER,59.45106667,-135.3237,43,43.0,0.0,5,9218131,C6RN3,16
2008-09-04T23:40:13,311109000,NORWEGIAN SUN,VANCOUVER,59.45106667,-135.3236667,43,43.0,0.0,5,9218131,C6RN3,16
2008-09-04T23:37:12,311109000,NORWEGIAN SUN,VANCOUVER,59.4511,-135.3237,43,43.0,0.0,5,9218131,C6RN3,16
2008-09-04T23:31:10,311109000,NORWEGIAN SUN,VANCOUVER,59.45108333,-135.3237,43,43.0,0.0,5,9218131,C6RN3,16
2008-09-04T23:28:09,311109000,NORWEGIAN SUN,VANCOUVER,59.45106667,-135.3237,43,43.0,0.0,5,9218131,C6RN3,16
2008-09-04T23:22:06,311109000,NORWEGIAN SUN,VANCOUVER,59.45106667,-135.3236833,43,43.0,0.0,5,9218131,C6RN3,16
2008-09-04T23:19:04,311109000,NORWEGIAN SUN,VANCOUVER,59.4511,-135.3236667,43,43.0,0.0,5,9218131,C6RN3,16
2008-09-04T23:16:02,311109000,NORWEGIAN SUN,VANCOUVER,59.45106667,-135.3237,43,43.0,0.0,5,9218131,C6RN3,16
2008-09-04T23:13:01,311109000,NORWEGIAN SUN,VANCOUVER,59.45108333,-135.3237167,43,43.0,0.0,5,9218131,C6RN3,16
2008-09-04T23:10:00,311109000,NORWEGIAN SUN,VANCOUVER,59.45106667,-135.3237167,43,43.0,0.0,5,9218131,C6RN3,16
2008-09-04T23:06:59,311109000,NORWEGIAN SUN,VANCOUVER,59.45106667,-135.3237167,43,43.0,0.0,5,9218131,C6RN3,16
2008-09-04T23:03:58,311109000,NORWEGIAN SUN,VANCOUVER,59.45108333,-135.3237333,43,43.0,0.0,5,9218131,C6RN3,16
2008-09-04T23:00:57,311109000,NORWEGIAN SUN,VANCOUVER,59.45106667,-135.3237167,43,43.0,0.0,5,9218131,C6RN3,16
2008-09-04T22:54:55,311109000,NORWEGIAN SUN,VANCOUVER,59.45106667,-135.3237,43,43.0,0.0,5,9218131,C6RN3,16
2008-09-04T22:51:51,311109000,NORWEGIAN SUN,VANCOUVER,59.45108333,-135.3237167,43,43.0,0.0,5,9218131,C6RN3,16
2008-09-04T22:47:06,311109000,NORWEGIAN SUN,VANCOUVER,59.4506667,-135.324667,511,360.0,102.3,15,9218131,C6RN3,16
2008-09-04T22:45:51,311109000,NORWEGIAN SUN,VANCOUVER,59.45108333,-135.3237,43,43.0,0.0,5,9218131,C6RN3,16
2008-09-04T22:39:49,311109000,NORWEGIAN SUN,VANCOUVER,59.45108333,-135.3237,43,43.0,0.0,5,9218131,C6RN3,16
2008-09-04T22:36:45,311109000,NORWEGIAN SUN,VANCOUVER,59.45106667,-135.3237,43,43.0,0.0,5,9218131,C6RN3,16
2008-09-04T22:33:45,311109000,NORWEGIAN SUN,VANCOUVER,59.4511,-135.32375,43,43.0,0.0,5,9218131,C6RN3,16
2008-09-04T22:27:45,311109000,NORWEGIAN SUN,VANCOUVER,59.45108333,-135.3237333,43,43.0,0.0,5,9218131,C6RN3,16
2008-09-04T22:24:43,311109000,NORWEGIAN SUN,VANCOUVER,59.45108333,-135.3237167,43,43.0,0.0,5,9218131,C6RN3,16
2008-09-04T22:21:41,311109000,NORWEGIAN SUN,VANCOUVER,59.45108333,-135.3236833,43,43.0,0.0,5,9218131,C6RN3,16
2008-09-04T22:15:39,311109000,NORWEGIAN SUN,VANCOUVER,59.45106667,-135.3236667,43,43.0,0.0,5,9218131,C6RN3,16
2008-09-04T22:09:37,311109000,NORWEGIAN SUN,VANCOUVER,59.45105,-135.3237167,43,43.0,0.0,5,9218131,C6RN3,16
2008-09-04T22:06:33,311109000,NORWEGIAN SUN,VANCOUVER,59.45108333,-135.3237333,43,43.0,0.0,5,9218131,C6RN3,16
2008-09-04T22:00:31,311109000,NORWEGIAN SUN,VANCOUVER,59.45106667,-135.3237167,43,43.0,0.0,5,9218131,C6RN3,16
2008-09-04T21:57:28,311109000,NORWEGIAN SUN,VANCOUVER,59.45105,-135.3237167,43,43.0,0.0,5,9218131,C6RN3,16
2008-09-04T21:51:26,311109000,NORWEGIAN SUN,VANCOUVER,59.45106667,-135.3236833,43,43.0,0.0,5,9218131,C6RN3,16
2008-09-04T21:46:28,311109000,NORWEGIAN SUN,VANCOUVER,59.4506667,-135.324667,511,360.0,102.3,15,9218131,C6RN3,16
2008-09-04T21:45:25,311109000,NORWEGIAN SUN,VANCOUVER,59.45106667,-135.3237,43,43.0,0.0,5,9218131,C6RN3,16
2008-09-04T21:42:23,311109000,NORWEGIAN SUN,VANCOUVER,59.45106667,-135.3237333,43,43.0,0.0,5,9218131,C6RN3,16
2008-09-04T21:39:20,311109000,NORWEGIAN SUN,VANCOUVER,59.45106667,-135.3237,43,43.0,0.0,5,9218131,C6RN3,16
2008-09-04T21:36:20,311109000,NORWEGIAN SUN,VANCOUVER,59.45106667,-135.3237167,43,43.0,0.0,5,9218131,C6RN3,16
2008-09-04T21:33:18,311109000,NORWEGIAN SUN,VANCOUVER,59.45106667,-135.32375,43,43.0,0.0,5,9218131,C6RN3,16
2008-09-04T21:30:18,311109000,NORWEGIAN SUN,VANCOUVER,59.45106667,-135.32375,43,43.0,0.0,5,9218131,C6RN3,16
2008-09-04T21:27:15,311109000,NORWEGIAN SUN,VANCOUVER,59.45106667,-135.3237333,43,43.0,0.0,5,9218131,C6RN3,16
2008-09-04T21:24:13,311109000,NORWEGIAN SUN,VANCOUVER,59.45106667,-135.3236833,43,43.0,0.0,5,9218131,C6RN3,16
2008-09-04T21:21:12,311109000,NORWEGIAN SUN,VANCOUVER,59.45108333,-135.3236833,43,43.0,0.0,5,9218131,C6RN3,16
2008-09-04T21:18:11,311109000,NORWEGIAN SUN,VANCOUVER,59.45106667,-135.3237,43,43.0,0.0,5,9218131,C6RN3,16
2008-09-04T21:15:11,311109000,NORWEGIAN SUN,VANCOUVER,59.45108333,-135.3236667,43,43.0,0.0,5,9218131,C6RN3,16
2008-09-04T21:12:09,311109000,NORWEGIAN SUN,VANCOUVER,59.45108333,-135.3236667,43,43.0,0.0,5,9218131,C6RN3,16
2008-09-04T21:09:07,311109000,NORWEGIAN SUN,VANCOUVER,59.45108333,-135.3236667,43,43.0,0.0,5,9218131,C6RN3,16
2008-09-04T21:06:06,311109000,NORWEGIAN SUN,VANCOUVER,59.45108333,-135.32365,43,43.0,0.0,5,9218131,C6RN3,16
2008-09-04T21:03:04,311109000,NORWEGIAN SUN,VANCOUVER,59.45106667,-135.3236667,43,43.0,0.0,5,9218131,C6RN3,16
2008-09-04T21:00:04,311109000,NORWEGIAN SUN,VANCOUVER,59.45108333,-135.3236833,43,43.0,0.0,5,9218131,C6RN3,16
2008-09-04T20:57:02,311109000,NORWEGIAN SUN,VANCOUVER,59.45106667,-135.3236833,43,43.0,0.0,5,9218131,C6RN3,16
2008-09-04T20:54:02,311109000,NORWEGIAN SUN,VANCOUVER,59.45106667,-135.3237,43,43.0,0.0,5,9218131,C6RN3,16
2008-09-04T20:51:00,311109000,NORWEGIAN SUN,VANCOUVER,59.45108333,-135.3236833,43,43.0,0.0,5,9218131,C6RN3,16
2008-09-04T20:47:59,311109000,NORWEGIAN SUN,VANCOUVER,59.45108333,-135.3236833,43,43.0,0.0,5,9218131,C6RN3,16
2008-09-04T20:46:17,311109000,NORWEGIAN SUN,VANCOUVER,59.4506667,-135.324667,511,360.0,102.3,15,9218131,C6RN3,16
2008-09-04T20:44:58,311109000,NORWEGIAN SUN,VANCOUVER,59.4511,-135.3236833,43,43.0,0.0,5,9218131,C6RN3,16
2008-09-04T20:41:56,311109000,NORWEGIAN SUN,VANCOUVER,59.45108333,-135.3236667,43,43.0,0.0,5,9218131,C6RN3,16
2008-09-04T20:38:54,311109000,NORWEGIAN SUN,VANCOUVER,59.4511,-135.3236833,43,43.0,0.0,5,9218131,C6RN3,16
2008-09-04T20:32:51,311109000,NORWEGIAN SUN,VANCOUVER,59.45108333,-135.3236667,43,43.0,0.0,5,9218131,C6RN3,16
2008-09-04T20:26:51,311109000,NORWEGIAN SUN,VANCOUVER,59.45106667,-135.3237,43,43.0,0.0,5,9218131,C6RN3,16
2008-09-04T20:23:49,311109000,NORWEGIAN SUN,VANCOUVER,59.45108333,-135.3236833,43,43.0,0.0,5,9218131,C6RN3,16
2008-09-04T20:20:48,311109000,NORWEGIAN SUN,VANCOUVER,59.45108333,-135.3236833,43,43.0,0.0,5,9218131,C6RN3,16
2008-09-04T20:17:47,311109000,NORWEGIAN SUN,VANCOUVER,59.45106667,-135.3236833,43,43.0,0.0,5,9218131,C6RN3,16
2008-09-04T20:14:44,311109000,NORWEGIAN SUN,VANCOUVER,59.45108333,-135.3237,43,43.0,0.0,5,9218131,C6RN3,16
2008-09-04T20:11:42,311109000,NORWEGIAN SUN,VANCOUVER,59.45106667,-135.3237,43,43.0,0.0,5,9218131,C6RN3,16
2008-09-04T20:05:42,311109000,NORWEGIAN SUN,VANCOUVER,59.45106667,-135.3236833,42,42.0,0.0,5,9218131,C6RN3,16
2008-09-04T20:02:41,311109000,NORWEGIAN SUN,VANCOUVER,59.45108333,-135.3237167,42,42.0,0.0,5,9218131,C6RN3,16
2008-09-04T19:59:40,311109000,NORWEGIAN SUN,VANCOUVER,59.45106667,-135.3237167,42,42.0,0.0,5,9218131,C6RN3,16
2008-09-04T19:56:39,311109000,NORWEGIAN SUN,VANCOUVER,59.45108333,-135.3237167,42,42.0,0.0,5,9218131,C6RN3,16
2008-09-04T19:50:36,311109000,NORWEGIAN SUN,VANCOUVER,59.45106667,-135.3237333,42,42.0,0.0,5,9218131,C6RN3,16
2008-09-04T19:47:34,311109000,NORWEGIAN SUN,VANCOUVER,59.45106667,-135.3237,42,42.0,0.0,5,9218131,C6RN3,16
2008-09-04T19:44:33,311109000,NORWEGIAN SUN,VANCOUVER,59.45106667,-135.3237,42,42.0,0.0,5,9218131,C6RN3,16
2008-09-04T19:38:31,311109000,NORWEGIAN SUN,VANCOUVER,59.45108333,-135.3236833,42,42.0,0.0,5,9218131,C6RN3,16
2008-09-04T19:35:28,311109000,NORWEGIAN SUN,VANCOUVER,59.45106667,-135.3237,42,42.0,0.0,5,9218131,C6RN3,16
2008-09-04T19:32:24,311109000,NORWEGIAN SUN,VANCOUVER,59.45106667,-135.3236833,43,43.0,0.0,5,9218131,C6RN3,16
2008-09-04T19:29:24,311109000,NORWEGIAN SUN,VANCOUVER,59.45105,-135.3236833,43,43.0,0.0,5,9218131,C6RN3,16
2008-09-04T19:23:23,311109000,NORWEGIAN SUN,VANCOUVER,59.45108333,-135.3237,43,43.0,0.0,5,9218131,C6RN3,16
2008-09-04T19:20:21,311109000,NORWEGIAN SUN,VANCOUVER,59.4511,-135.3236833,43,43.0,0.0,5,9218131,C6RN3,16
2008-09-04T19:17:19,311109000,NORWEGIAN SUN,VANCOUVER,59.4511,-135.3237,43,43.0,0.0,5,9218131,C6RN3,16
2008-09-04T19:14:18,311109000,NORWEGIAN SUN,VANCOUVER,59.4511,-135.3236833,43,43.0,0.0,5,9218131,C6RN3,16
2008-09-04T19:11:17,311109000,NORWEGIAN SUN,VANCOUVER,59.45108333,-135.3236833,43,43.0,0.0,5,9218131,C6RN3,16
2008-09-04T19:05:16,311109000,NORWEGIAN SUN,VANCOUVER,59.45106667,-135.3237,43,43.0,0.0,5,9218131,C6RN3,16
2008-09-04T18:59:32,311109000,NORWEGIAN SUN,VANCOUVER,59.45108333,-135.3237333,43,43.0,0.0,5,9218131,C6RN3,16
2008-09-04T18:56:12,311109000,NORWEGIAN SUN,VANCOUVER,59.45108333,-135.32375,43,43.0,0.0,5,9218131,C6RN3,16
2008-09-04T18:53:07,311109000,NORWEGIAN SUN,VANCOUVER,59.45108333,-135.3237167,43,43.0,0.0,5,9218131,C6RN3,16
2008-09-04T18:47:08,311109000,NORWEGIAN SUN,VANCOUVER,59.45108333,-135.3237167,43,43.0,0.0,5,9218131,C6RN3,16
2008-09-04T18:44:07,311109000,NORWEGIAN SUN,VANCOUVER,59.45111667,-135.3238833,43,43.0,0.0,5,9218131,C6RN3,16
2008-09-04T18:38:03,311109000,NORWEGIAN SUN,VANCOUVER,59.45106667,-135.3237167,43,43.0,0.0,5,9218131,C6RN3,16
2008-09-04T18:35:02,311109000,NORWEGIAN SUN,VANCOUVER,59.45106667,-135.3237,43,43.0,0.0,5,9218131,C6RN3,16
2008-09-04T18:31:59,311109000,NORWEGIAN SUN,VANCOUVER,59.45106667,-135.3237,43,43.0,0.0,5,9218131,C6RN3,16
2008-09-04T18:25:58,311109000,NORWEGIAN SUN,VANCOUVER,59.45108333,-135.3237,43,43.0,0.0,5,9218131,C6RN3,16
2008-09-04T18:22:57,311109000,NORWEGIAN SUN,VANCOUVER,59.45108333,-135.3237167,43,43.0,0.0,5,9218131,C6RN3,16
2008-09-04T18:19:55,311109000,NORWEGIAN SUN,VANCOUVER,59.45108333,-135.3237167,43,43.0,0.0,5,9218131,C6RN3,16
2008-09-04T18:13:54,311109000,NORWEGIAN SUN,VANCOUVER,59.45106667,-135.3237333,43,43.0,0.0,5,9218131,C6RN3,16
2008-09-04T18:10:52,311109000,NORWEGIAN SUN,VANCOUVER,59.45108333,-135.3237167,43,43.0,0.0,5,9218131,C6RN3,16
2008-09-04T18:07:52,311109000,NORWEGIAN SUN,VANCOUVER,59.4511,-135.3237167,42,42.0,0.0,5,9218131,C6RN3,16
2008-09-04T18:04:47,311109000,NORWEGIAN SUN,VANCOUVER,59.45108333,-135.3237167,42,42.0,0.0,5,9218131,C6RN3,16
2008-09-04T18:01:46,311109000,NORWEGIAN SUN,VANCOUVER,59.45111667,-135.3236667,42,42.0,0.0,5,9218131,C6RN3,16
2008-09-04T17:58:46,311109000,NORWEGIAN SUN,VANCOUVER,59.45111667,-135.3236667,42,42.0,0.0,5,9218131,C6RN3,16
2008-09-04T17:55:44,311109000,NORWEGIAN SUN,VANCOUVER,59.45115,-135.3236833,42,42.0,0.0,5,9218131,C6RN3,16
2008-09-04T17:52:43,311109000,NORWEGIAN SUN,VANCOUVER,59.45115,-135.3236833,42,42.0,0.0,5,9218131,C6RN3,16
2008-09-04T17:49:41,311109000,NORWEGIAN SUN,VANCOUVER,59.45111667,-135.3236833,42,42.0,0.0,5,9218131,C6RN3,16
2008-09-04T17:43:41,311109000,NORWEGIAN SUN,VANCOUVER,59.4511,-135.3237,42,42.0,0.0,5,9218131,C6RN3,16
2008-09-04T17:37:37,311109000,NORWEGIAN SUN,VANCOUVER,59.45108333,-135.3236833,42,42.0,0.0,5,9218131,C6RN3,16
2008-09-04T17:34:34,311109000,NORWEGIAN SUN,SKAGWAY,59.45108333,-135.3236833,42,42.0,0.0,5,9218131,C6RN3,16
2008-09-04T17:31:33,311109000,NORWEGIAN SUN,SKAGWAY,59.4511,-135.32365,42,42.0,0.0,5,9218131,C6RN3,16
2008-09-04T17:28:33,311109000,NORWEGIAN SUN,SKAGWAY,59.45111667,-135.3236333,42,42.0,0.0,5,9218131,C6RN3,16
2008-09-04T17:25:32,311109000,NORWEGIAN SUN,SKAGWAY,59.4511,-135.3236667,42,42.0,0.0,5,9218131,C6RN3,16
2008-09-04T17:22:30,311109000,NORWEGIAN SUN,SKAGWAY,59.4511,-135.3236833,42,42.0,0.0,5,9218131,C6RN3,16
2008-09-04T17:19:27,311109000,NORWEGIAN SUN,SKAGWAY,59.4511,-135.3236833,42,42.0,0.0,5,9218131,C6RN3,16
2008-09-04T17:13:27,311109000,NORWEGIAN SUN,SKAGWAY,59.45108333,-135.3237333,42,42.0,0.0,5,9218131,C6RN3,16
2008-09-04T17:10:26,311109000,NORWEGIAN SUN,SKAGWAY,59.4511,-135.3237,42,42.0,0.0,5,9218131,C6RN3,16
2008-09-04T17:04:22,311109000,NORWEGIAN SUN,SKAGWAY,59.45108333,-135.3237167,42,42.0,0.0,5,9218131,C6RN3,16
2008-09-04T17:01:19,311109000,NORWEGIAN SUN,SKAGWAY,59.45108333,-135.3236833,42,42.0,0.0,5,9218131,C6RN3,16
2008-09-04T16:55:20,311109000,NORWEGIAN SUN,SKAGWAY,59.4511,-135.3237,43,43.0,0.0,5,9218131,C6RN3,16
2008-09-04T16:49:16,311109000,NORWEGIAN SUN,SKAGWAY,59.45108333,-135.3237,43,43.0,0.0,5,9218131,C6RN3,16
2008-09-04T16:43:15,311109000,NORWEGIAN SUN,SKAGWAY,59.45111667,-135.3237,43,43.0,0.0,5,9218131,C6RN3,16
2008-09-04T16:40:12,311109000,NORWEGIAN SUN,SKAGWAY,59.4511,-135.3237167,43,43.0,0.0,5,9218131,C6RN3,16
2008-09-04T16:34:11,311109000,NORWEGIAN SUN,SKAGWAY,59.4511,-135.3237,43,43.0,0.0,5,9218131,C6RN3,16
2008-09-04T16:31:10,311109000,NORWEGIAN SUN,SKAGWAY,59.4511,-135.3236833,43,43.0,0.0,5,9218131,C6RN3,16
2008-09-04T16:28:07,311109000,NORWEGIAN SUN,SKAGWAY,59.45108333,-135.3237,43,43.0,0.0,5,9218131,C6RN3,16
2008-09-04T16:25:04,311109000,NORWEGIAN SUN,SKAGWAY,59.45108333,-135.3236667,43,43.0,0.0,5,9218131,C6RN3,16
2008-09-04T16:22:04,311109000,NORWEGIAN SUN,SKAGWAY,59.45108333,-135.3236667,43,43.0,0.0,5,9218131,C6RN3,16
2008-09-04T16:19:02,311109000,NORWEGIAN SUN,SKAGWAY,59.45108333,-135.3236667,43,43.0,0.0,5,9218131,C6RN3,16
2008-09-04T16:16:00,311109000,NORWEGIAN SUN,SKAGWAY,59.45108333,-135.3236667,43,43.0,0.0,5,9218131,C6RN3,16
2008-09-04T16:13:00,311109000,NORWEGIAN SUN,SKAGWAY,59.4511,-135.3237,43,43.0,0.0,5,9218131,C6RN3,16
2008-09-04T16:09:57,311109000,NORWEGIAN SUN,SKAGWAY,59.4511,-135.3236833,43,43.0,0.0,5,9218131,C6RN3,16
2008-09-04T16:03:57,311109000,NORWEGIAN SUN,SKAGWAY,59.45108333,-135.32365,43,43.0,0.0,5,9218131,C6RN3,16
2008-09-04T16:00:54,311109000,NORWEGIAN SUN,SKAGWAY,59.45108333,-135.3236667,43,43.0,0.0,5,9218131,C6RN3,16
2008-09-04T15:57:54,311109000,NORWEGIAN SUN,SKAGWAY,59.45108333,-135.3236667,43,43.0,0.0,5,9218131,C6RN3,16
2008-09-04T15:54:52,311109000,NORWEGIAN SUN,SKAGWAY,59.45108333,-135.32365,43,43.0,0.0,5,9218131,C6RN3,16
2008-09-04T15:51:51,311109000,NORWEGIAN SUN,SKAGWAY,59.45106667,-135.3236833,43,43.0,0.0,5,9218131,C6RN3,16
2008-09-04T15:48:48,311109000,NORWEGIAN SUN,SKAGWAY,59.45108333,-135.3236833,43,43.0,0.0,5,9218131,C6RN3,16
2008-09-04T15:42:49,311109000,NORWEGIAN SUN,SKAGWAY,59.45108333,-135.3236833,43,43.0,0.0,5,9218131,C6RN3,16
2008-09-04T15:39:47,311109000,NORWEGIAN SUN,SKAGWAY,59.45108333,-135.3237,43,43.0,0.0,5,9218131,C6RN3,16
2008-09-04T15:36:45,311109000,NORWEGIAN SUN,SKAGWAY,59.4511,-135.3236833,43,43.0,0.0,5,9218131,C6RN3,16
2008-09-04T15:33:43,311109000,NORWEGIAN SUN,SKAGWAY,59.45108333,-135.3237,43,43.0,0.0,5,9218131,C6RN3,16
2008-09-04T15:30:42,311109000,NORWEGIAN SUN,SKAGWAY,59.45108333,-135.3236833,43,43.0,0.0,5,9218131,C6RN3,16
2008-09-04T15:24:41,311109000,NORWEGIAN SUN,SKAGWAY,59.45108333,-135.32365,43,43.0,0.0,5,9218131,C6RN3,16
2008-09-04T15:18:38,311109000,NORWEGIAN SUN,SKAGWAY,59.4511,-135.32365,43,43.0,0.0,5,9218131,C6RN3,16
2008-09-04T15:12:36,311109000,NORWEGIAN SUN,SKAGWAY,59.45108333,-135.3236333,43,43.0,0.0,5,9218131,C6RN3,16
2008-09-04T15:09:34,311109000,NORWEGIAN SUN,SKAGWAY,59.45106667,-135.32365,43,43.0,0.0,5,9218131,C6RN3,16
2008-09-04T15:06:33,311109000,NORWEGIAN SUN,SKAGWAY,59.45108333,-135.3236667,42,42.0,0.0,5,9218131,C6RN3,16
2008-09-04T15:03:31,311109000,NORWEGIAN SUN,SKAGWAY,59.45106667,-135.3236667,42,42.0,0.0,5,9218131,C6RN3,16
2008-09-04T15:00:30,311109000,NORWEGIAN SUN,SKAGWAY,59.45108333,-135.3236667,42,42.0,0.0,5,9218131,C6RN3,16
2008-09-04T14:57:26,311109000,NORWEGIAN SUN,SKAGWAY,59.45108333,-135.3236833,42,42.0,0.0,5,9218131,C6RN3,16
2008-09-04T14:54:24,311109000,NORWEGIAN SUN,SKAGWAY,59.45106667,-135.3237167,42,42.0,0.0,5,9218131,C6RN3,16
2008-09-04T14:53:44,311109000,NORWEGIAN SUN,SKAGWAY,59.45106667,-135.3237167,42,42.0,0.0,0,9218131,C6RN3,16
2008-09-04T14:50:35,311109000,NORWEGIAN SUN,SKAGWAY,59.45108333,-135.3236833,42,42.0,0.0,0,9218131,C6RN3,16
2008-09-04T14:47:34,311109000,NORWEGIAN SUN,SKAGWAY,59.45108333,-135.3236667,43,43.0,0.0,0,9218131,C6RN3,16
2008-09-04T14:44:26,311109000,NORWEGIAN SUN,SKAGWAY,59.45108333,-135.3236667,42,42.0,0.0,0,9218131,C6RN3,16
2008-09-04T14:41:05,311109000,NORWEGIAN SUN,SKAGWAY,59.4511,-135.32365,43,43.0,0.0,0,9218131,C6RN3,16
2008-09-04T14:37:46,311109000,NORWEGIAN SUN,SKAGWAY,59.45108333,-135.3236833,43,43.0,0.0,0,9218131,C6RN3,16
2008-09-04T14:34:45,311109000,NORWEGIAN SUN,SKAGWAY,59.45111667,-135.3236167,43,43.0,0.0,0,9218131,C6RN3,16
2008-09-04T14:31:35,311109000,NORWEGIAN SUN,SKAGWAY,59.45113333,-135.3236167,43,43.0,0.0,0,9218131,C6RN3,16
2008-09-04T14:28:35,311109000,NORWEGIAN SUN,SKAGWAY,59.45116667,-135.3236167,43,43.0,0.0,0,9218131,C6RN3,16
2008-09-04T14:25:26,311109000,NORWEGIAN SUN,SKAGWAY,59.4511,-135.3237333,44,89.0,0.1,0,9218131,C6RN3,16
2008-09-04T14:25:05,311109000,NORWEGIAN SUN,SKAGWAY,59.4511,-135.3237667,44,44.0,0.3,0,9218131,C6RN3,16
2008-09-04T14:21:45,311109000,NORWEGIAN SUN,SKAGWAY,59.4509,-135.32415,45,30.9,0.4,0,9218131,C6RN3,16
2008-09-04T14:21:05,311109000,NORWEGIAN SUN,SKAGWAY,59.4508,-135.3242667,46,34.6,0.5,0,9218131,C6RN3,16
2008-09-04T14:20:35,311109000,NORWEGIAN SUN,SKAGWAY,59.45071667,-135.3243833,46,46.0,0.5,0,9218131,C6RN3,16
2008-09-04T14:20:05,311109000,NORWEGIAN SUN,SKAGWAY,59.4507,-135.3245,45,56.3,0.5,0,9218131,C6RN3,16
2008-09-04T14:20:26,311109000,NORWEGIAN SUN,SKAGWAY,59.45066667,-135.3244333,46,57.3,0.5,0,9218131,C6RN3,16
2008-09-04T14:19:44,311109000,NORWEGIAN SUN,SKAGWAY,59.45068333,-135.3245333,45,45.0,0.5,0,9218131,C6RN3,16
2008-09-04T14:18:35,311109000,NORWEGIAN SUN,SKAGWAY,59.45058333,-135.3248,44,53.4,0.6,0,9218131,C6RN3,16
2008-09-04T14:18:26,311109000,NORWEGIAN SUN,SKAGWAY,59.45056667,-135.3248333,44,44.0,0.6,0,9218131,C6RN3,16
2008-09-04T14:18:05,311109000,NORWEGIAN SUN,SKAGWAY,59.45051667,-135.3249333,44,35.8,0.7,0,9218131,C6RN3,16
2008-09-04T14:17:44,311109000,NORWEGIAN SUN,SKAGWAY,59.45048333,-135.325,45,53.1,0.7,0,9218131,C6RN3,16
2008-09-04T14:17:26,311109000,NORWEGIAN SUN,SKAGWAY,59.45041667,-135.3250833,45,36.8,0.7,0,9218131,C6RN3,16
2008-09-04T14:17:05,311109000,NORWEGIAN SUN,SKAGWAY,59.45035,-135.3252167,45,30.9,0.8,0,9218131,C6RN3,16
2008-09-04T14:16:44,311109000,NORWEGIAN SUN,SKAGWAY,59.4503,-135.3253,46,46.0,0.8,0,9218131,C6RN3,16
2008-09-04T14:16:35,311109000,NORWEGIAN SUN,SKAGWAY,59.4503,-135.3253167,46,31.9,0.8,0,9218131,C6RN3,16
2008-09-04T14:16:26,311109000,NORWEGIAN SUN,SKAGWAY,59.45026667,-135.3253667,46,53.1,0.8,0,9218131,C6RN3,16
2008-09-04T14:16:05,311109000,NORWEGIAN SUN,SKAGWAY,59.4502,-135.3254833,46,39.6,0.9,0,9218131,C6RN3,16
2008-09-04T14:15:44,311109000,NORWEGIAN SUN,SKAGWAY,59.45016667,-135.3256167,46,69.9,1.0,0,9218131,C6RN3,16
2008-09-04T14:15:35,311109000,NORWEGIAN SUN,SKAGWAY,59.45015,-135.3257,45,57.5,0.9,0,9218131,C6RN3,16
2008-09-04T13:31:26,311109000,NORWEGIAN SUN,SKAGWAY,59.3941,-135.36235,8,8.0,11.8,0,9218131,C6RN3,16
2008-09-04T13:28:05,311109000,NORWEGIAN SUN,SKAGWAY,59.38331667,-135.3655833,8,8.0,11.7,0,9218131,C6RN3,16
2008-09-04T13:25:05,311109000,NORWEGIAN SUN,SKAGWAY,59.37395,-135.3682667,8,8.0,10.9,0,9218131,C6RN3,16
2008-09-04T13:24:05,311109000,NORWEGIAN SUN,SKAGWAY,59.37108333,-135.3690833,8,8.0,10.4,0,9218131,C6RN3,16
2008-09-04T13:22:44,311109000,NORWEGIAN SUN,SKAGWAY,59.36738333,-135.3701,8,6.7,9.3,0,9218131,C6RN3,16
2008-09-04T13:20:36,311109000,NORWEGIAN SUN,SKAGWAY,59.36233333,-135.3715333,8,8.6,8.7,0,9218131,C6RN3,16
2008-09-04T13:20:25,311109000,NORWEGIAN SUN,SKAGWAY,59.36185,-135.3717,8,9.2,8.9,0,9218131,C6RN3,16
2008-09-04T13:19:36,311109000,NORWEGIAN SUN,SKAGWAY,59.35976667,-135.37235,8,9.7,10.0,0,9218131,C6RN3,16
2008-09-04T13:18:45,311109000,NORWEGIAN SUN,SKAGWAY,59.35738333,-135.3730167,7,7.5,11.0,0,9218131,C6RN3,16
2008-09-04T13:18:24,311109000,NORWEGIAN SUN,SKAGWAY,59.35633333,-135.3732833,6,6.5,11.4,0,9218131,C6RN3,16
2008-09-04T14:14:44,311109000,NORWEGIAN SUN,SKAGWAY,59.44998333,-135.32605,45,50.1,1.1,0,9218131,C6RN3,16
2008-09-04T14:14:35,311109000,NORWEGIAN SUN,SKAGWAY,59.44998333,-135.3261167,45,60.2,1.1,0,9218131,C6RN3,16
2008-09-04T14:14:25,311109000,NORWEGIAN SUN,SKAGWAY,59.44995,-135.3262167,44,63.9,1.2,0,9218131,C6RN3,16
2008-09-04T14:13:44,311109000,NORWEGIAN SUN,SKAGWAY,59.44976667,-135.3265667,42,47.1,1.1,0,9218131,C6RN3,16
2008-09-04T14:13:25,311109000,NORWEGIAN SUN,SKAGWAY,59.44975,-135.3267,42,52.3,1.1,0,9218131,C6RN3,16
2008-09-04T14:12:45,311109000,NORWEGIAN SUN,SKAGWAY,59.4496,-135.3269667,40,40.0,1.0,0,9218131,C6RN3,16
2008-09-04T14:12:35,311109000,NORWEGIAN SUN,SKAGWAY,59.44956667,-135.3270333,40,34.2,1.0,0,9218131,C6RN3,16
2008-09-04T14:12:05,311109000,NORWEGIAN SUN,SKAGWAY,59.44946667,-135.3271833,40,40.0,0.9,0,9218131,C6RN3,16
2008-09-04T14:11:35,311109000,NORWEGIAN SUN,SKAGWAY,59.44935,-135.3273333,40,32.8,0.8,0,9218131,C6RN3,16
2008-09-04T14:11:25,311109000,NORWEGIAN SUN,SKAGWAY,59.44931667,-135.3273833,40,40.0,0.8,0,9218131,C6RN3,16
2008-09-04T14:11:05,311109000,NORWEGIAN SUN,SKAGWAY,59.44926667,-135.3274667,39,47.1,0.7,0,9218131,C6RN3,16
2008-09-04T14:10:45,311109000,NORWEGIAN SUN,SKAGWAY,59.44921667,-135.3275833,39,39.0,0.8,0,9218131,C6RN3,16
2008-09-04T14:10:34,311109000,NORWEGIAN SUN,SKAGWAY,59.44918333,-135.3276333,39,24.9,0.8,0,9218131,C6RN3,16
2008-09-04T14:10:25,311109000,NORWEGIAN SUN,SKAGWAY,59.44915,-135.32765,40,21.5,0.9,0,9218131,C6RN3,16
2008-09-04T14:10:05,311109000,NORWEGIAN SUN,SKAGWAY,59.44908333,-135.3277333,41,28.4,0.9,0,9218131,C6RN3,16
2008-09-04T14:09:45,311109000,NORWEGIAN SUN,SKAGWAY,59.44901667,-135.3278333,41,41.0,1.0,0,9218131,C6RN3,16
2008-09-04T14:09:34,311109000,NORWEGIAN SUN,SKAGWAY,59.44896667,-135.3278833,42,36.2,1.0,0,9218131,C6RN3,16
2008-09-04T14:09:25,311109000,NORWEGIAN SUN,SKAGWAY,59.44893333,-135.3279333,42,42.0,1.1,0,9218131,C6RN3,16
2008-09-04T14:09:05,311109000,NORWEGIAN SUN,SKAGWAY,59.44885,-135.3280667,42,36.8,1.1,0,9218131,C6RN3,16
2008-09-04T14:08:45,311109000,NORWEGIAN SUN,SKAGWAY,59.4488,-135.3282,42,47.7,1.0,0,9218131,C6RN3,16
2008-09-04T14:08:25,311109000,NORWEGIAN SUN,SKAGWAY,59.44871667,-135.32835,40,40.0,1.0,0,9218131,C6RN3,16
2008-09-04T14:08:05,311109000,NORWEGIAN SUN,SKAGWAY,59.44863333,-135.3284667,40,34.8,1.1,0,9218131,C6RN3,16
2008-09-04T14:07:45,311109000,NORWEGIAN SUN,SKAGWAY,59.44855,-135.3285667,40,29.6,1.1,0,9218131,C6RN3,16
2008-09-04T14:07:34,311109000,NORWEGIAN SUN,SKAGWAY,59.4485,-135.3286333,40,45.1,1.1,0,9218131,C6RN3,16
2008-09-04T14:06:45,311109000,NORWEGIAN SUN,SKAGWAY,59.4483,-135.32895,38,38.0,1.1,0,9218131,C6RN3,16
2008-09-04T14:05:45,311109000,NORWEGIAN SUN,SKAGWAY,59.44808333,-135.3292833,34,39.7,1.0,0,9218131,C6RN3,16
2008-09-04T14:05:04,311109000,NORWEGIAN SUN,SKAGWAY,59.44793333,-135.3295,32,32.0,1.2,0,9218131,C6RN3,16
2008-09-04T14:04:35,311109000,NORWEGIAN SUN,SKAGWAY,59.44778333,-135.3297,30,42.9,1.3,0,9218131,C6RN3,16
2008-09-04T14:03:26,311109000,NORWEGIAN SUN,SKAGWAY,59.44746667,-135.3301667,26,36.3,1.1,0,9218131,C6RN3,16
2008-09-04T14:03:04,311109000,NORWEGIAN SUN,SKAGWAY,59.44736667,-135.3303167,25,38.0,1.2,0,9218131,C6RN3,16
2008-09-04T14:02:04,311109000,NORWEGIAN SUN,SKAGWAY,59.44706667,-135.3306333,23,27.0,1.4,0,9218131,C6RN3,16
2008-09-04T14:01:26,311109000,NORWEGIAN SUN,SKAGWAY,59.44681667,-135.3308167,22,22.0,1.8,0,9218131,C6RN3,16
2008-09-04T14:00:26,311109000,NORWEGIAN SUN,SKAGWAY,59.4463,-135.3312,22,16.5,2.1,0,9218131,C6RN3,16
2008-09-04T14:00:04,311109000,NORWEGIAN SUN,SKAGWAY,59.4461,-135.3313333,23,20.1,2.0,0,9218131,C6RN3,16
2008-09-04T13:58:04,311109000,NORWEGIAN SUN,SKAGWAY,59.44508333,-135.3322167,24,24.0,1.9,0,9218131,C6RN3,16
2008-09-04T13:55:05,311109000,NORWEGIAN SUN,SKAGWAY,59.44365,-135.3337333,26,28.7,2.1,0,9218131,C6RN3,16
2008-09-04T13:54:25,311109000,NORWEGIAN SUN,SKAGWAY,59.4433,-135.3341,26,28.4,2.3,0,9218131,C6RN3,16
2008-09-04T13:51:25,311109000,NORWEGIAN SUN,SKAGWAY,59.4413,-135.3361833,26,27.7,3.3,0,9218131,C6RN3,16
2008-09-04T13:49:04,311109000,NORWEGIAN SUN,SKAGWAY,59.4391,-135.3383167,26,26.0,4.4,0,9218131,C6RN3,16
2008-09-04T13:48:04,311109000,NORWEGIAN SUN,SKAGWAY,59.43788333,-135.3394833,25,26.0,5.3,0,9218131,C6RN3,16
2008-09-04T13:46:46,311109000,NORWEGIAN SUN,SKAGWAY,59.43598333,-135.3412833,24,24.8,6.4,0,9218131,C6RN3,16
2008-09-04T13:46:04,311109000,NORWEGIAN SUN,SKAGWAY,59.43481667,-135.3423333,23,24.6,7.1,0,9218131,C6RN3,16
2008-09-04T13:45:05,311109000,NORWEGIAN SUN,SKAGWAY,59.43303333,-135.3437667,22,21.2,7.3,0,9218131,C6RN3,16
2008-09-04T13:43:34,311109000,NORWEGIAN SUN,SKAGWAY,59.43006667,-135.3459667,19,19.7,7.7,0,9218131,C6RN3,16
2008-09-04T13:42:26,311109000,NORWEGIAN SUN,SKAGWAY,59.42763333,-135.3476167,18,18.0,8.8,0,9218131,C6RN3,16
2008-09-04T13:41:05,311109000,NORWEGIAN SUN,SKAGWAY,59.42428333,-135.34985,18,19.1,10.2,0,9218131,C6RN3,16
2008-09-04T13:40:26,311109000,NORWEGIAN SUN,SKAGWAY,59.42251667,-135.35105,18,19.1,10.4,0,9218131,C6RN3,16
2008-09-04T13:39:26,311109000,NORWEGIAN SUN,SKAGWAY,59.4196,-135.3528,16,16.0,11.6,0,9218131,C6RN3,16
2008-09-04T13:38:04,311109000,NORWEGIAN SUN,SKAGWAY,59.41541667,-135.3552667,16,16.0,11.6,0,9218131,C6RN3,16
2008-09-04T13:37:36,311109000,NORWEGIAN SUN,SKAGWAY,59.41391667,-135.3561,16,16.0,11.7,0,9218131,C6RN3,16
2008-09-04T13:37:04,311109000,NORWEGIAN SUN,SKAGWAY,59.41228333,-135.3569333,13,13.4,11.7,0,9218131,C6RN3,16
2008-09-04T13:36:36,311109000,NORWEGIAN SUN,SKAGWAY,59.41075,-135.3575667,11,11.4,11.7,0,9218131,C6RN3,16
2008-09-04T13:36:04,311109000,NORWEGIAN SUN,SKAGWAY,59.4091,-135.3581167,8,8.0,11.7,0,9218131,C6RN3,16
2008-09-04T13:34:36,311109000,NORWEGIAN SUN,SKAGWAY,59.40433333,-135.3594167,8,8.0,11.8,0,9218131,C6RN3,16
2008-09-04T13:16:24,311109000,NORWEGIAN SUN,SKAGWAY,59.34998333,-135.3743333,4,4.0,11.6,0,9218131,C6RN3,16
2008-09-04T13:15:24,311109000,NORWEGIAN SUN,SKAGWAY,59.34676667,-135.3748,4,4.0,11.6,0,9218131,C6RN3,16
2008-09-04T13:12:24,311109000,NORWEGIAN SUN,SKAGWAY,59.33688333,-135.3764167,4,4.9,12.1,0,9218131,C6RN3,16
2008-09-04T13:09:05,311109000,NORWEGIAN SUN,SKAGWAY,59.32541667,-135.3782167,4,4.8,12.8,0,9218131,C6RN3,16
2008-09-04T13:08:25,311109000,NORWEGIAN SUN,SKAGWAY,59.32306667,-135.3786,4,4.0,12.8,0,9218131,C6RN3,16
2008-09-04T13:05:05,311109000,NORWEGIAN SUN,SKAGWAY,59.31133333,-135.38005,3,3.0,12.7,0,9218131,C6RN3,16
2008-09-04T13:04:05,311109000,NORWEGIAN SUN,SKAGWAY,59.30773333,-135.3805,3,3.9,12.7,0,9218131,C6RN3,16
2008-09-04T13:02:06,311109000,NORWEGIAN SUN,SKAGWAY,59.30086667,-135.3810667,1,1.0,12.6,0,9218131,C6RN3,16
2008-09-04T12:32:05,311109000,NORWEGIAN SUN,SKAGWAY,59.20033333,-135.3467333,343,342.0,12.1,0,9218131,C6RN3,16
2008-09-04T12:46:35,311109000,NORWEGIAN SUN,SKAGWAY,59.24898333,-135.3752333,343,343.9,12.6,0,9218131,C6RN3,16
2008-09-04T12:43:34,311109000,NORWEGIAN SUN,SKAGWAY,59.23875,-135.3695,343,343.8,12.9,0,9218131,C6RN3,16
2008-09-04T12:40:34,311109000,NORWEGIAN SUN,SKAGWAY,59.22838333,-135.3636167,343,344.3,12.9,0,9218131,C6RN3,16
2008-09-04T12:39:05,311109000,NORWEGIAN SUN,SKAGWAY,59.22336667,-135.3607167,343,343.4,12.8,0,9218131,C6RN3,16
2008-09-04T12:37:05,311109000,NORWEGIAN SUN,SKAGWAY,59.21665,-135.3567167,343,343.9,12.5,0,9218131,C6RN3,16
2008-09-04T12:35:24,311109000,NORWEGIAN SUN,SKAGWAY,59.21111667,-135.3533667,343,343.0,12.3,0,9218131,C6RN3,16
2008-09-04T12:12:36,311109000,NORWEGIAN SUN,SKAGWAY,59.13998333,-135.3,338,338.0,12.5,0,9218131,C6RN3,16
2008-09-04T12:11:36,311109000,NORWEGIAN SUN,SKAGWAY,59.13678333,-135.2974333,338,337.5,12.5,0,9218131,C6RN3,16
2008-09-04T12:08:35,311109000,NORWEGIAN SUN,SKAGWAY,59.1271,-135.2897,338,337.5,12.6,0,9218131,C6RN3,16
2008-09-04T12:05:35,311109000,NORWEGIAN SUN,SKAGWAY,59.11728333,-135.2819667,339,338.5,12.7,0,9218131,C6RN3,16
2008-09-04T12:02:34,311109000,NORWEGIAN SUN,SKAGWAY,59.1075,-135.2741667,338,338.4,12.8,0,9218131,C6RN3,16
2008-09-04T12:15:44,311109000,NORWEGIAN SUN,SKAGWAY,59.14998333,-135.3079333,337,337.0,12.3,0,9218131,C6RN3,16
2008-09-04T11:44:45,311109000,NORWEGIAN SUN,SKAGWAY,59.04833333,-135.23465,348,348.4,12.5,0,9218131,C6RN3,16
2008-09-04T11:41:34,311109000,NORWEGIAN SUN,SKAGWAY,59.0374,-135.2301,348,348.0,12.6,0,9218131,C6RN3,16
2008-09-04T11:41:40,311109000,NORWEGIAN SUN,SKAGWAY,59.0353333,-135.229333,511,360.0,102.3,15,9218131,C6RN3,16
2008-09-04T11:38:34,311109000,NORWEGIAN SUN,SKAGWAY,59.02708333,-135.2259167,348,347.5,13.0,0,9218131,C6RN3,16
2008-09-04T11:36:05,311109000,NORWEGIAN SUN,SKAGWAY,59.01823333,-135.2223167,348,348.4,13.3,0,9218131,C6RN3,16
2008-09-04T11:33:05,311109000,NORWEGIAN SUN,SKAGWAY,59.0075,-135.2177833,349,348.5,13.2,0,9218131,C6RN3,16
2008-09-04T12:59:06,311109000,NORWEGIAN SUN,SKAGWAY,59.29028333,-135.38165,1,1.9,12.5,0,9218131,C6RN3,16
2008-09-04T12:58:06,311109000,NORWEGIAN SUN,SKAGWAY,59.28688333,-135.3818667,1,1.9,12.4,0,9218131,C6RN3,16
2008-09-04T12:57:34,311109000,NORWEGIAN SUN,SKAGWAY,59.2851,-135.38205,1,2.8,12.3,0,9218131,C6RN3,16
2008-09-04T12:54:26,311109000,NORWEGIAN SUN,SKAGWAY,59.27466667,-135.38355,3,4.9,11.9,0,9218131,C6RN3,16
2008-09-04T12:53:45,311109000,NORWEGIAN SUN,SKAGWAY,59.27236667,-135.3839167,3,4.4,11.9,0,9218131,C6RN3,16
2008-09-04T12:53:26,311109000,NORWEGIAN SUN,SKAGWAY,59.2713,-135.38405,2,3.9,11.9,0,9218131,C6RN3,16
2008-09-04T12:53:05,311109000,NORWEGIAN SUN,SKAGWAY,59.27018333,-135.38415,0,0.9,11.9,0,9218131,C6RN3,16
2008-09-04T12:52:45,311109000,NORWEGIAN SUN,SKAGWAY,59.26915,-135.3841667,358,359.4,11.8,0,9218131,C6RN3,16
2008-09-04T12:52:26,311109000,NORWEGIAN SUN,SKAGWAY,59.2681,-135.3841,357,357.9,11.9,0,9218131,C6RN3,16
2008-09-04T12:51:45,311109000,NORWEGIAN SUN,SKAGWAY,59.26578333,-135.3837667,353,353.4,11.9,0,9218131,C6RN3,16
2008-09-04T12:51:25,311109000,NORWEGIAN SUN,SKAGWAY,59.26465,-135.3835,351,351.4,11.9,0,9218131,C6RN3,16
2008-09-04T12:51:05,311109000,NORWEGIAN SUN,SKAGWAY,59.2636,-135.3831833,350,350.4,11.9,0,9218131,C6RN3,16
2008-09-04T12:50:35,311109000,NORWEGIAN SUN,SKAGWAY,59.26198333,-135.3825333,347,347.0,12.0,0,9218131,C6RN3,16
2008-09-04T12:49:25,311109000,NORWEGIAN SUN,SKAGWAY,59.25825,-135.3805167,343,343.0,12.1,0,9218131,C6RN3,16
2008-09-04T12:48:25,311109000,NORWEGIAN SUN,SKAGWAY,59.25503333,-135.37865,343,343.0,12.2,0,9218131,C6RN3,16
2008-09-04T12:30:05,311109000,NORWEGIAN SUN,SKAGWAY,59.19396667,-135.3428667,343,343.0,11.9,0,9218131,C6RN3,16
2008-09-04T12:29:25,311109000,NORWEGIAN SUN,SKAGWAY,59.19185,-135.3416167,343,342.5,11.7,0,9218131,C6RN3,16
2008-09-04T12:28:44,311109000,NORWEGIAN SUN,SKAGWAY,59.1898,-135.3403,342,341.4,11.7,0,9218131,C6RN3,16
2008-09-04T12:28:35,311109000,NORWEGIAN SUN,SKAGWAY,59.18931667,-135.3399833,341,340.5,11.8,0,9218131,C6RN3,16
2008-09-04T12:25:26,311109000,NORWEGIAN SUN,SKAGWAY,59.17978333,-135.3322833,337,337.4,11.9,0,9218131,C6RN3,16
2008-09-04T12:22:26,311109000,NORWEGIAN SUN,SKAGWAY,59.17063333,-135.3247833,337,337.4,11.9,0,9218131,C6RN3,16
2008-09-04T12:20:05,311109000,NORWEGIAN SUN,SKAGWAY,59.16346667,-135.3189667,337,337.4,12.0,0,9218131,C6RN3,16
2008-09-04T12:18:45,311109000,NORWEGIAN SUN,SKAGWAY,59.15935,-135.3155833,337,338.0,12.1,0,9218131,C6RN3,16
2008-09-04T12:17:34,311109000,NORWEGIAN SUN,SKAGWAY,59.15566667,-135.3126833,337,336.5,12.2,0,9218131,C6RN3,16
2008-09-04T11:50:05,311109000,NORWEGIAN SUN,SKAGWAY,59.06628333,-135.24375,339,340.3,12.6,0,9218131,C6RN3,16
2008-09-04T11:49:24,311109000,NORWEGIAN SUN,SKAGWAY,59.06405,-135.2421667,339,339.9,12.6,0,9218131,C6RN3,16
2008-09-04T11:48:45,311109000,NORWEGIAN SUN,SKAGWAY,59.06186667,-135.2407667,342,342.0,12.6,0,9218131,C6RN3,16
2008-09-04T11:48:05,311109000,NORWEGIAN SUN,SKAGWAY,59.05965,-135.23955,345,345.4,12.6,0,9218131,C6RN3,16
2008-09-04T11:46:24,311109000,NORWEGIAN SUN,SKAGWAY,59.05395,-135.237,347,347.9,12.6,0,9218131,C6RN3,16
2008-09-04T11:59:34,311109000,NORWEGIAN SUN,SKAGWAY,59.09768333,-135.2664833,339,338.5,12.8,0,9218131,C6RN3,16
2008-09-04T11:58:25,311109000,NORWEGIAN SUN,SKAGWAY,59.09386667,-135.2634833,338,338.4,12.8,0,9218131,C6RN3,16
2008-09-04T11:56:36,311109000,NORWEGIAN SUN,SKAGWAY,59.08785,-135.2590833,340,340.0,12.8,0,9218131,C6RN3,16
2008-09-04T11:53:25,311109000,NORWEGIAN SUN,SKAGWAY,59.07723333,-135.25145,339,340.3,12.7,0,9218131,C6RN3,16
2008-09-04T11:18:05,311109000,NORWEGIAN SUN,SKAGWAY,58.95413333,-135.1988333,355,355.0,12.7,0,9218131,C6RN3,16
2008-09-04T11:17:26,311109000,NORWEGIAN SUN,SKAGWAY,58.95186667,-135.19845,355,355.9,12.6,0,9218131,C6RN3,16
2008-09-04T11:29:45,311109000,NORWEGIAN SUN,SKAGWAY,58.99551667,-135.2129833,348,347.5,13.2,0,9218131,C6RN3,16
2008-09-04T11:26:34,311109000,NORWEGIAN SUN,SKAGWAY,58.98413333,-135.2083,348,348.4,13.1,0,9218131,C6RN3,16
2008-09-04T11:23:26,311109000,NORWEGIAN SUN,SKAGWAY,58.97306667,-135.2038,348,348.4,13.0,0,9218131,C6RN3,16
2008-09-04T11:22:04,311109000,NORWEGIAN SUN,SKAGWAY,58.96823333,-135.2018667,348,348.4,12.9,0,9218131,C6RN3,16
2008-09-04T11:21:35,311109000,NORWEGIAN SUN,SKAGWAY,58.96653333,-135.2012667,349,350.0,12.9,0,9218131,C6RN3,16
2008-09-04T11:21:04,311109000,NORWEGIAN SUN,SKAGWAY,58.9647,-135.2007167,352,352.8,12.9,0,9218131,C6RN3,16
2008-09-04T11:16:34,311109000,NORWEGIAN SUN,SKAGWAY,58.9489,-135.1980667,357,357.4,12.5,0,9218131,C6RN3,16
2008-09-04T11:14:05,311109000,NORWEGIAN SUN,SKAGWAY,58.9405,-135.1977667,0,0.4,12.2,0,9218131,C6RN3,16
2008-09-04T11:11:41,311109000,NORWEGIAN SUN,SKAGWAY,58.93226667,-135.1975333,359,359.4,12.3,0,9218131,C6RN3,16
2008-09-04T11:11:34,311109000,NORWEGIAN SUN,SKAGWAY,58.93193333,-135.1975167,359,359.4,12.3,0,9218131,C6RN3,16
2008-09-04T11:08:34,311109000,NORWEGIAN SUN,SKAGWAY,58.92163333,-135.1974167,359,359.4,12.4,0,9218131,C6RN3,16
2008-09-04T11:05:34,311109000,NORWEGIAN SUN,SKAGWAY,58.91126667,-135.1972833,359,359.9,12.5,0,9218131,C6RN3,16
2008-09-04T11:03:25,311109000,NORWEGIAN SUN,SKAGWAY,58.9038,-135.1972167,359,359.0,12.5,0,9218131,C6RN3,16
2008-09-04T10:47:45,311109000,NORWEGIAN SUN,SKAGWAY,58.8491,-135.1939667,346,344.6,12.7,0,9218131,C6RN3,16
2008-09-04T10:47:04,311109000,NORWEGIAN SUN,SKAGWAY,58.84678333,-135.19265,343,342.5,12.8,0,9218131,C6RN3,16
2008-09-04T10:46:24,311109000,NORWEGIAN SUN,SKAGWAY,58.84455,-135.1912,340,340.1,12.8,0,9218131,C6RN3,16
2008-09-04T10:45:34,311109000,NORWEGIAN SUN,SKAGWAY,58.84185,-135.18915,338,337.5,12.9,0,9218131,C6RN3,16
2008-09-04T10:44:34,311109000,NORWEGIAN SUN,SKAGWAY,58.8385,-135.1863833,336,335.5,12.9,0,9218131,C6RN3,16
2008-09-04T10:41:25,311109000,NORWEGIAN SUN,SKAGWAY,58.8282,-135.1776833,336,336.0,12.9,0,9218131,C6RN3,16
2008-09-04T10:41:12,311109000,NORWEGIAN SUN,SKAGWAY,58.8253333,-135.175333,511,360.0,102.3,15,9218131,C6RN3,16
2008-09-04T10:38:04,311109000,NORWEGIAN SUN,SKAGWAY,58.81715,-135.1683667,336,336.4,13.0,0,9218131,C6RN3,16
2008-09-04T10:35:26,311109000,NORWEGIAN SUN,SKAGWAY,58.80843333,-135.1608333,336,335.5,12.9,0,9218131,C6RN3,16
2008-09-04T10:10:44,311109000,NORWEGIAN SUN,SKAGWAY,58.72753333,-135.0934333,337,338.3,12.9,0,9218131,C6RN3,16
2008-09-04T10:08:45,311109000,NORWEGIAN SUN,SKAGWAY,58.72101667,-135.0882333,336,336.8,12.9,0,9218131,C6RN3,16
2008-09-04T10:05:35,311109000,NORWEGIAN SUN,SKAGWAY,58.7105,-135.07965,336,336.8,13.3,0,9218131,C6RN3,16
2008-09-04T10:16:05,311109000,NORWEGIAN SUN,SKAGWAY,58.74506667,-135.1073667,337,338.3,12.9,0,9218131,C6RN3,16
2008-09-04T10:14:05,311109000,NORWEGIAN SUN,SKAGWAY,58.73851667,-135.10235,336,336.8,12.8,0,9218131,C6RN3,16
2008-09-04T09:38:35,311109000,NORWEGIAN SUN,SKAGWAY,58.61681667,-134.99885,335,334.5,13.7,0,9218131,C6RN3,16
2008-09-04T09:36:26,311109000,NORWEGIAN SUN,SKAGWAY,58.60945,-134.9921833,336,335.5,13.7,0,9218131,C6RN3,16
2008-09-04T09:47:44,311109000,NORWEGIAN SUN,SKAGWAY,58.64851667,-135.02715,335,336.2,13.8,0,9218131,C6RN3,16
2008-09-04T09:44:44,311109000,NORWEGIAN SUN,SKAGWAY,58.63803333,-135.0179333,335,335.0,13.8,0,9218131,C6RN3,16
2008-09-04T09:41:35,311109000,NORWEGIAN SUN,SKAGWAY,58.62706667,-135.0081,335,333.7,13.8,0,9218131,C6RN3,16
2008-09-04T09:40:47,311109000,NORWEGIAN SUN,SKAGWAY,58.622,-135.003333,511,360.0,102.3,15,9218131,C6RN3,16
2008-09-04T11:02:12,311109000,NORWEGIAN SUN,SKAGWAY,58.89963333,-135.1971333,359,359.4,12.5,0,9218131,C6RN3,16
2008-09-04T10:59:05,311109000,NORWEGIAN SUN,SKAGWAY,58.88876667,-135.1972667,0,0.0,12.7,0,9218131,C6RN3,16
2008-09-04T10:56:05,311109000,NORWEGIAN SUN,SKAGWAY,58.8782,-135.1973,1,0.5,12.7,0,9218131,C6RN3,16
2008-09-04T10:54:34,311109000,NORWEGIAN SUN,SKAGWAY,58.87286667,-135.1972833,0,359.6,12.7,0,9218131,C6RN3,16
2008-09-04T10:52:26,311109000,NORWEGIAN SUN,SKAGWAY,58.86533333,-135.19715,0,359.1,12.6,0,9218131,C6RN3,16
2008-09-04T10:51:36,311109000,NORWEGIAN SUN,SKAGWAY,58.8624,-135.1971333,0,358.7,12.6,0,9218131,C6RN3,16
2008-09-04T10:51:04,311109000,NORWEGIAN SUN,SKAGWAY,58.86065,-135.1970833,0,359.1,12.6,0,9218131,C6RN3,16
2008-09-04T10:50:36,311109000,NORWEGIAN SUN,SKAGWAY,58.85896667,-135.19695,357,356.0,12.7,0,9218131,C6RN3,16
2008-09-04T10:50:04,311109000,NORWEGIAN SUN,SKAGWAY,58.85713333,-135.1966833,355,354.5,12.7,0,9218131,C6RN3,16
2008-09-04T10:49:36,311109000,NORWEGIAN SUN,SKAGWAY,58.85546667,-135.1963333,353,352.0,12.7,0,9218131,C6RN3,16
2008-09-04T10:49:04,311109000,NORWEGIAN SUN,SKAGWAY,58.85363333,-135.1958167,352,351.0,12.7,0,9218131,C6RN3,16
2008-09-04T10:48:36,311109000,NORWEGIAN SUN,SKAGWAY,58.85198333,-135.1952333,350,349.0,12.7,0,9218131,C6RN3,16
2008-09-04T10:48:04,311109000,NORWEGIAN SUN,SKAGWAY,58.85018333,-135.1944833,348,346.0,12.7,0,9218131,C6RN3,16
2008-09-04T10:29:26,311109000,NORWEGIAN SUN,SKAGWAY,58.78895,-135.1437,336,336.0,13.0,0,9218131,C6RN3,16
2008-09-04T10:29:05,311109000,NORWEGIAN SUN,SKAGWAY,58.78785,-135.1427167,336,335.1,13.0,0,9218131,C6RN3,16
2008-09-04T10:26:05,311109000,NORWEGIAN SUN,SKAGWAY,58.77805,-135.1341667,336,336.0,12.9,0,9218131,C6RN3,16
2008-09-04T10:24:44,311109000,NORWEGIAN SUN,SKAGWAY,58.77366667,-135.1304167,336,336.4,12.9,0,9218131,C6RN3,16
2008-09-04T10:24:26,311109000,NORWEGIAN SUN,SKAGWAY,58.77261667,-135.12955,336,336.4,12.9,0,9218131,C6RN3,16
2008-09-04T10:21:05,311109000,NORWEGIAN SUN,SKAGWAY,58.7616,-135.1205333,336,336.4,12.9,0,9218131,C6RN3,16
2008-09-04T10:20:45,311109000,NORWEGIAN SUN,SKAGWAY,58.76055,-135.1196667,337,338.3,12.9,0,9218131,C6RN3,16
2008-09-04T10:17:45,311109000,NORWEGIAN SUN,SKAGWAY,58.7506,-135.1117333,336,338.2,12.9,0,9218131,C6RN3,16
2008-09-04T10:32:26,311109000,NORWEGIAN SUN,SKAGWAY,58.79873333,-135.1523167,336,336.4,12.9,0,9218131,C6RN3,16
2008-09-04T09:54:35,311109000,NORWEGIAN SUN,SKAGWAY,58.6724,-135.0474167,336,335.5,13.7,0,9218131,C6RN3,16
2008-09-04T09:52:44,311109000,NORWEGIAN SUN,SKAGWAY,58.66595,-135.0418167,336,336.4,13.7,0,9218131,C6RN3,16
2008-09-04T09:49:44,311109000,NORWEGIAN SUN,SKAGWAY,58.65551667,-135.0330833,335,335.8,13.8,0,9218131,C6RN3,16
2008-09-04T09:48:24,311109000,NORWEGIAN SUN,SKAGWAY,58.65083333,-135.02915,336,336.8,13.8,0,9218131,C6RN3,16
2008-09-04T10:02:26,311109000,NORWEGIAN SUN,SKAGWAY,58.69955,-135.0705667,336,336.8,13.7,0,9218131,C6RN3,16
2008-09-04T10:00:35,311109000,NORWEGIAN SUN,SKAGWAY,58.69316667,-135.0653,336,336.0,13.7,0,9218131,C6RN3,16
2008-09-04T09:59:05,311109000,NORWEGIAN SUN,SKAGWAY,58.68801667,-135.0609167,335,335.8,13.7,0,9218131,C6RN3,16
2008-09-04T09:57:05,311109000,NORWEGIAN SUN,SKAGWAY,58.68108333,-135.0548667,336,335.5,13.7,0,9218131,C6RN3,16
2008-09-04T09:04:34,311109000,NORWEGIAN SUN,SKAGWAY,58.50191667,-134.8948667,335,337.2,12.5,0,9218131,C6RN3,16
2008-09-04T09:19:06,311109000,NORWEGIAN SUN,SKAGWAY,58.54978333,-134.9388333,335,335.0,13.7,0,9218131,C6RN3,16
2008-09-04T09:17:06,311109000,NORWEGIAN SUN,SKAGWAY,58.54291667,-134.9326667,334,333.5,13.6,0,9218131,C6RN3,16
2008-09-04T09:16:05,311109000,NORWEGIAN SUN,SKAGWAY,58.53955,-134.9295667,334,332.7,13.5,0,9218131,C6RN3,16
2008-09-04T09:13:05,311109000,NORWEGIAN SUN,SKAGWAY,58.52963333,-134.9198667,333,332.5,13.3,0,9218131,C6RN3,16
2008-09-04T09:10:26,311109000,NORWEGIAN SUN,SKAGWAY,58.52088333,-134.9112667,333,332.5,13.2,0,9218131,C6RN3,16
2008-09-04T09:09:05,311109000,NORWEGIAN SUN,SKAGWAY,58.51656667,-134.90695,333,333.8,13.0,0,9218131,C6RN3,16
2008-09-04T09:08:26,311109000,NORWEGIAN SUN,SKAGWAY,58.51451667,-134.9049833,332,332.4,12.8,0,9218131,C6RN3,16
2008-09-04T09:08:05,311109000,NORWEGIAN SUN,SKAGWAY,58.51335,-134.9039,332,335.1,12.9,0,9218131,C6RN3,16
2008-09-04T09:07:25,311109000,NORWEGIAN SUN,SKAGWAY,58.51118333,-134.9021167,334,338.8,12.9,0,9218131,C6RN3,16
2008-09-04T08:08:34,311109000,NORWEGIAN SUN,SKAGWAY,58.31496667,-134.7442,325,325.0,13.2,0,9218131,C6RN3,16
2008-09-04T08:05:45,311109000,NORWEGIAN SUN,SKAGWAY,58.30653333,-134.7328667,325,323.7,13.3,0,9218131,C6RN3,16
2008-09-04T08:18:35,311109000,NORWEGIAN SUN,SKAGWAY,58.34793333,-134.773,345,345.0,13.1,0,9218131,C6RN3,16
2008-09-04T08:17:45,311109000,NORWEGIAN SUN,SKAGWAY,58.34498333,-134.7715333,345,345.0,13.1,0,9218131,C6RN3,16
2008-09-04T08:17:04,311109000,NORWEGIAN SUN,SKAGWAY,58.34261667,-134.7702667,344,343.5,13.1,0,9218131,C6RN3,16
2008-09-04T08:16:45,311109000,NORWEGIAN SUN,SKAGWAY,58.34151667,-134.7696333,342,341.5,13.1,0,9218131,C6RN3,16
2008-09-04T08:16:26,311109000,NORWEGIAN SUN,SKAGWAY,58.34038333,-134.7689333,340,339.5,13.1,0,9218131,C6RN3,16
2008-09-04T08:15:35,311109000,NORWEGIAN SUN,SKAGWAY,58.33756667,-134.7667667,336,335.5,13.1,0,9218131,C6RN3,16
2008-09-04T08:15:04,311109000,NORWEGIAN SUN,SKAGWAY,58.33583333,-134.7652667,335,335.0,13.2,0,9218131,C6RN3,16
2008-09-04T08:12:04,311109000,NORWEGIAN SUN,SKAGWAY,58.32596667,-134.7565333,335,335.0,13.1,0,9218131,C6RN3,16
2008-09-04T08:11:26,311109000,NORWEGIAN SUN,SKAGWAY,58.3239,-134.7546833,335,333.6,13.1,0,9218131,C6RN3,16
2008-09-04T08:11:04,311109000,NORWEGIAN SUN,SKAGWAY,58.32265,-134.7535,333,332.5,13.1,0,9218131,C6RN3,16
2008-09-04T08:10:26,311109000,NORWEGIAN SUN,SKAGWAY,58.32061667,-134.75135,330,330.0,13.1,0,9218131,C6RN3,16
2008-09-04T08:47:04,311109000,NORWEGIAN SUN,SKAGWAY,58.44473333,-134.8468667,336,336.0,12.7,0,9218131,C6RN3,16
2008-09-04T08:44:34,311109000,NORWEGIAN SUN,SKAGWAY,58.43658333,-134.8400833,336,336.8,12.8,0,9218131,C6RN3,16
2008-09-04T08:41:26,311109000,NORWEGIAN SUN,SKAGWAY,58.42635,-134.8317667,336,336.8,12.9,0,9218131,C6RN3,16
2008-09-04T08:40:23,311109000,NORWEGIAN SUN,SKAGWAY,58.4206667,-134.827333,511,360.0,102.3,15,9218131,C6RN3,16
2008-09-04T08:38:26,311109000,NORWEGIAN SUN,SKAGWAY,58.41638333,-134.8237,336,336.8,13.2,0,9218131,C6RN3,16
2008-09-04T08:36:26,311109000,NORWEGIAN SUN,SKAGWAY,58.40968333,-134.8182833,336,336.8,13.3,0,9218131,C6RN3,16
2008-09-04T08:34:26,311109000,NORWEGIAN SUN,SKAGWAY,58.4029,-134.8125333,336,336.0,13.4,0,9218131,C6RN3,16
2008-09-04T07:22:01,311109000,NORWEGIAN SUN,SKAGWAY,58.20451667,-134.497,282,281.5,14.2,0,9218131,C6RN3,16
2008-09-04T07:20:14,311109000,NORWEGIAN SUN,SKAGWAY,58.20303333,-134.48415,282,282.8,14.2,0,9218131,C6RN3,16
2008-09-04T07:18:50,311109000,NORWEGIAN SUN,SKAGWAY,58.2018,-134.47405,282,282.8,14.1,0,9218131,C6RN3,16
2008-09-04T07:17:50,311109000,NORWEGIAN SUN,SKAGWAY,58.20095,-134.4666833,282,282.4,14.1,0,9218131,C6RN3,16
2008-09-04T07:28:25,311109000,NORWEGIAN SUN,SKAGWAY,58.21098333,-134.5430167,287,287.8,14.1,0,9218131,C6RN3,16
2008-09-04T07:25:50,311109000,NORWEGIAN SUN,SKAGWAY,58.20798333,-134.52465,287,287.0,14.2,0,9218131,C6RN3,16
2008-09-04T07:25:02,311109000,NORWEGIAN SUN,SKAGWAY,58.20713333,-134.5189333,285,284.5,14.2,0,9218131,C6RN3,16
2008-09-04T07:36:32,311109000,NORWEGIAN SUN,SKAGWAY,58.2214,-134.5997167,303,302.1,13.9,0,9218131,C6RN3,16
2008-09-04T07:36:25,311109000,NORWEGIAN SUN,SKAGWAY,58.22113333,-134.5989667,302,300.3,13.9,0,9218131,C6RN3,16
2008-09-04T07:36:02,311109000,NORWEGIAN SUN,SKAGWAY,58.22045,-134.5965333,298,297.1,14.0,0,9218131,C6RN3,16
2008-09-04T07:35:38,311109000,NORWEGIAN SUN,SKAGWAY,58.21975,-134.5938833,295,294.1,14.0,0,9218131,C6RN3,16
2008-09-04T07:35:14,311109000,NORWEGIAN SUN,SKAGWAY,58.21913333,-134.5911667,291,290.5,14.1,0,9218131,C6RN3,16
2008-09-04T07:34:32,311109000,NORWEGIAN SUN,SKAGWAY,58.21823333,-134.58625,287,287.8,14.1,0,9218131,C6RN3,16
2008-09-04T07:31:25,311109000,NORWEGIAN SUN,SKAGWAY,58.21451667,-134.5641167,287,287.8,14.2,0,9218131,C6RN3,16
2008-09-04T07:45:45,311109000,NORWEGIAN SUN,SKAGWAY,58.24448333,-134.65,325,323.3,13.5,0,9218131,C6RN3,16
2008-09-04T07:45:26,311109000,NORWEGIAN SUN,SKAGWAY,58.24351667,-134.6486667,324,321.7,13.5,0,9218131,C6RN3,16
2008-09-04T07:45:05,311109000,NORWEGIAN SUN,SKAGWAY,58.24248333,-134.6470667,321,320.1,13.5,0,9218131,C6RN3,16
2008-09-04T07:44:45,311109000,NORWEGIAN SUN,SKAGWAY,58.2416,-134.6455833,319,316.7,13.6,0,9218131,C6RN3,16
2008-09-04T07:44:26,311109000,NORWEGIAN SUN,SKAGWAY,58.24068333,-134.6439333,316,314.3,13.6,0,9218131,C6RN3,16
2008-09-04T07:42:35,311109000,NORWEGIAN SUN,SKAGWAY,58.23611667,-134.63395,310,310.0,13.8,0,9218131,C6RN3,16
2008-09-04T07:40:05,311109000,NORWEGIAN SUN,SKAGWAY,58.2273333,-134.614667,511,360.0,102.3,15,9218131,C6RN3,16
2008-09-04T07:39:35,311109000,NORWEGIAN SUN,SKAGWAY,58.22871667,-134.6172833,310,309.5,13.9,0,9218131,C6RN3,16
2008-09-04T07:38:02,311109000,NORWEGIAN SUN,SKAGWAY,58.22483333,-134.6084333,310,308.7,13.9,0,9218131,C6RN3,16
2008-09-04T07:37:25,311109000,NORWEGIAN SUN,SKAGWAY,58.22336667,-134.6049667,309,307.7,13.8,0,9218131,C6RN3,16
2008-09-04T07:36:50,311109000,NORWEGIAN SUN,SKAGWAY,58.22205,-134.6015833,306,304.7,13.9,0,9218131,C6RN3,16
2008-09-04T07:46:26,311109000,NORWEGIAN SUN,SKAGWAY,58.24651667,-134.6528167,325,323.7,13.5,0,9218131,C6RN3,16
2008-09-04T09:22:24,311109000,NORWEGIAN SUN,SKAGWAY,58.56128333,-134.9489667,335,335.0,13.7,0,9218131,C6RN3,16
2008-09-04T09:33:25,311109000,NORWEGIAN SUN,SKAGWAY,58.59911667,-134.9828833,335,334.5,13.7,0,9218131,C6RN3,16
2008-09-04T09:30:25,311109000,NORWEGIAN SUN,SKAGWAY,58.58876667,-134.9734667,335,334.5,13.7,0,9218131,C6RN3,16
2008-09-04T09:28:35,311109000,NORWEGIAN SUN,SKAGWAY,58.58243333,-134.9677833,335,334.5,13.7,0,9218131,C6RN3,16
2008-09-04T09:25:26,311109000,NORWEGIAN SUN,SKAGWAY,58.57163333,-134.9581833,335,335.0,13.7,0,9218131,C6RN3,16
2008-09-04T09:03:45,311109000,NORWEGIAN SUN,SKAGWAY,58.4993,-134.8928,336,336.4,12.5,0,9218131,C6RN3,16
2008-09-04T09:03:34,311109000,NORWEGIAN SUN,SKAGWAY,58.49865,-134.8922833,337,337.4,12.5,0,9218131,C6RN3,16
2008-09-04T09:02:05,311109000,NORWEGIAN SUN,SKAGWAY,58.49401667,-134.8881833,336,333.7,12.9,0,9218131,C6RN3,16
2008-09-04T09:00:25,311109000,NORWEGIAN SUN,SKAGWAY,58.48851667,-134.8832667,336,336.0,13.2,0,9218131,C6RN3,16
2008-09-04T08:59:34,311109000,NORWEGIAN SUN,SKAGWAY,58.48571667,-134.8808333,336,336.0,13.2,0,9218131,C6RN3,16
2008-09-04T08:56:26,311109000,NORWEGIAN SUN,SKAGWAY,58.47515,-134.8719833,336,336.0,13.1,0,9218131,C6RN3,16
2008-09-04T08:53:26,311109000,NORWEGIAN SUN,SKAGWAY,58.46533333,-134.8639167,336,336.8,12.8,0,9218131,C6RN3,16
2008-09-04T08:53:05,311109000,NORWEGIAN SUN,SKAGWAY,58.46421667,-134.8630167,336,336.8,12.8,0,9218131,C6RN3,16
2008-09-04T08:50:04,311109000,NORWEGIAN SUN,SKAGWAY,58.45445,-134.85505,336,336.9,12.7,0,9218131,C6RN3,16
2008-09-04T08:28:05,311109000,NORWEGIAN SUN,SKAGWAY,58.38101667,-134.79385,336,336.0,13.7,0,9218131,C6RN3,16
2008-09-04T08:26:25,311109000,NORWEGIAN SUN,SKAGWAY,58.3754,-134.78915,336,336.0,13.5,0,9218131,C6RN3,16
2008-09-04T08:25:25,311109000,NORWEGIAN SUN,SKAGWAY,58.37196667,-134.7863667,336,336.8,13.4,0,9218131,C6RN3,16
2008-09-04T08:24:45,311109000,NORWEGIAN SUN,SKAGWAY,58.3697,-134.7846333,337,337.8,13.4,0,9218131,C6RN3,16
2008-09-04T08:24:25,311109000,NORWEGIAN SUN,SKAGWAY,58.36853333,-134.7838,339,340.2,13.4,0,9218131,C6RN3,16
2008-09-04T08:23:25,311109000,NORWEGIAN SUN,SKAGWAY,58.36493333,-134.7815667,342,344.1,13.3,0,9218131,C6RN3,16
2008-09-04T08:22:25,311109000,NORWEGIAN SUN,SKAGWAY,58.36148333,-134.7796833,343,343.0,13.3,0,9218131,C6RN3,16
2008-09-04T08:21:25,311109000,NORWEGIAN SUN,SKAGWAY,58.35783333,-134.7778167,345,345.8,13.2,0,9218131,C6RN3,16
2008-09-04T08:31:26,311109000,NORWEGIAN SUN,SKAGWAY,58.3926,-134.8038,336,336.0,13.6,0,9218131,C6RN3,16
2008-09-04T07:56:05,311109000,NORWEGIAN SUN,SKAGWAY,58.27646667,-134.6928333,325,325.8,13.7,0,9218131,C6RN3,16
2008-09-04T07:55:25,311109000,NORWEGIAN SUN,SKAGWAY,58.27436667,-134.6901,325,325.8,13.7,0,9218131,C6RN3,16
2008-09-04T07:52:05,311109000,NORWEGIAN SUN,SKAGWAY,58.26398333,-134.6763167,325,324.5,13.7,0,9218131,C6RN3,16
2008-09-04T07:49:05,311109000,NORWEGIAN SUN,SKAGWAY,58.25476667,-134.6639667,325,325.0,13.7,0,9218131,C6RN3,16
2008-09-04T08:03:25,311109000,NORWEGIAN SUN,SKAGWAY,58.2995,-134.72335,326,325.5,13.7,0,9218131,C6RN3,16
2008-09-04T08:00:25,311109000,NORWEGIAN SUN,SKAGWAY,58.29006667,-134.71075,325,325.0,13.9,0,9218131,C6RN3,16
2008-09-04T07:59:24,311109000,NORWEGIAN SUN,SKAGWAY,58.2869,-134.7065667,325,325.0,13.9,0,9218131,C6RN3,16
2008-09-04T05:11:45,311109000,NORWEGIAN SUN,SKAGWAY,57.95328333,-133.94685,334,335.4,12.2,0,9218131,C6RN3,16
2008-09-04T05:10:46,311109000,NORWEGIAN SUN,SKAGWAY,57.95021667,-133.9443167,335,336.4,12.2,0,9218131,C6RN3,16
2008-09-04T05:27:14,311109000,NORWEGIAN SUN,SKAGWAY,57.99853333,-133.9984667,325,325.0,12.5,0,9218131,C6RN3,16
2008-09-04T05:24:55,311109000,NORWEGIAN SUN,SKAGWAY,57.99195,-133.98995,326,326.4,12.4,0,9218131,C6RN3,16
2008-09-04T05:23:16,311109000,NORWEGIAN SUN,SKAGWAY,57.9872,-133.9838833,325,325.0,12.4,0,9218131,C6RN3,16
2008-09-04T05:21:36,311109000,NORWEGIAN SUN,SKAGWAY,57.98256667,-133.9777667,325,325.0,12.4,0,9218131,C6RN3,16
2008-09-04T05:21:06,311109000,NORWEGIAN SUN,SKAGWAY,57.9811,-133.9758833,325,325.0,12.4,0,9218131,C6RN3,16
2008-09-04T05:18:05,311109000,NORWEGIAN SUN,SKAGWAY,57.97238333,-133.9653,327,327.9,12.3,0,9218131,C6RN3,16
2008-09-04T05:17:04,311109000,NORWEGIAN SUN,SKAGWAY,57.96956667,-133.9618833,327,327.9,12.3,0,9218131,C6RN3,16
2008-09-04T05:16:04,311109000,NORWEGIAN SUN,SKAGWAY,57.96665,-133.9585333,328,328.9,12.3,0,9218131,C6RN3,16
2008-09-04T05:15:24,311109000,NORWEGIAN SUN,SKAGWAY,57.96466667,-133.9564833,331,331.9,12.3,0,9218131,C6RN3,16
2008-09-04T05:14:54,311109000,NORWEGIAN SUN,SKAGWAY,57.96311667,-133.955,333,334.3,12.3,0,9218131,C6RN3,16
2008-09-04T02:37:30,311109000,NORWEGIAN SUN,TRACY ARM-SKAGWAY,57.896,-133.290667,511,360.0,102.3,15,9218131,C6RN3,16
2008-09-04T02:36:03,311109000,NORWEGIAN SUN,TRACY ARM-SKAGWAY,57.896,-133.284,511,360.0,102.3,15,9218131,C6RN3,16
2008-09-04T03:37:59,311109000,NORWEGIAN SUN,TRACY ARM-SKAGWAY,57.8626667,-133.586667,511,360.0,102.3,15,9218131,C6RN3,16
2008-09-04T04:48:36,311109000,NORWEGIAN SUN,SKAGWAY,57.87845,-133.8917333,335,335.0,13.3,0,9218131,C6RN3,16
2008-09-04T04:45:25,311109000,NORWEGIAN SUN,SKAGWAY,57.86793333,-133.8825333,335,335.0,13.2,0,9218131,C6RN3,16
2008-09-04T04:42:25,311109000,NORWEGIAN SUN,SKAGWAY,57.858,-133.8738,335,335.4,13.2,0,9218131,C6RN3,16
2008-09-04T04:40:26,311109000,NORWEGIAN SUN,SKAGWAY,57.85138333,-133.86795,335,334.5,13.2,0,9218131,C6RN3,16
2008-09-04T04:54:45,311109000,NORWEGIAN SUN,SKAGWAY,57.89905,-133.9095667,335,335.0,13.2,0,9218131,C6RN3,16
2008-09-04T04:51:36,311109000,NORWEGIAN SUN,SKAGWAY,57.88853333,-133.9005167,335,335.0,13.3,0,9218131,C6RN3,16
2008-09-04T06:06:06,311109000,NORWEGIAN SUN,SKAGWAY,58.11785,-134.0981,342,342.0,10.0,0,9218131,C6RN3,16
2008-09-04T06:04:36,311109000,NORWEGIAN SUN,SKAGWAY,58.11371667,-134.0955833,342,341.4,11.2,0,9218131,C6RN3,16
2008-09-04T06:03:06,311109000,NORWEGIAN SUN,SKAGWAY,58.10906667,-134.0927833,342,342.0,12.3,0,9218131,C6RN3,16
2008-09-04T06:02:14,311109000,NORWEGIAN SUN,SKAGWAY,58.10623333,-134.0911,342,342.4,12.6,0,9218131,C6RN3,16
2008-09-04T06:01:46,311109000,NORWEGIAN SUN,SKAGWAY,58.10461667,-134.0902167,344,344.9,12.6,0,9218131,C6RN3,16
2008-09-04T06:01:15,311109000,NORWEGIAN SUN,SKAGWAY,58.10295,-134.0894167,347,347.4,12.6,0,9218131,C6RN3,16
2008-09-04T06:17:26,311109000,NORWEGIAN SUN,SKAGWAY,58.14461667,-134.1111833,348,350.1,8.1,0,9218131,C6RN3,16
2008-09-04T06:14:25,311109000,NORWEGIAN SUN,SKAGWAY,58.13788333,-134.1090167,348,350.0,8.3,0,9218131,C6RN3,16
2008-09-04T06:13:36,311109000,NORWEGIAN SUN,SKAGWAY,58.136,-134.10835,346,348.7,8.4,0,9218131,C6RN3,16
2008-09-04T06:13:06,311109000,NORWEGIAN SUN,SKAGWAY,58.13485,-134.1078833,343,346.3,8.5,0,9218131,C6RN3,16
2008-09-04T06:11:46,311109000,NORWEGIAN SUN,SKAGWAY,58.1318,-134.1062333,342,343.9,8.9,0,9218131,C6RN3,16
2008-09-04T06:09:55,311109000,NORWEGIAN SUN,SKAGWAY,58.12738333,-134.1037333,342,343.2,9.1,0,9218131,C6RN3,16
2008-09-04T06:09:15,311109000,NORWEGIAN SUN,SKAGWAY,58.12575,-134.1028167,342,342.6,9.1,0,9218131,C6RN3,16
2008-09-04T05:39:05,311109000,NORWEGIAN SUN,SKAGWAY,58.0286667,-134.042,511,360.0,102.3,15,9218131,C6RN3,16
2008-09-04T05:37:14,311109000,NORWEGIAN SUN,SKAGWAY,58.02613333,-134.0381833,320,320.9,12.6,0,9218131,C6RN3,16
2008-09-04T05:34:14,311109000,NORWEGIAN SUN,SKAGWAY,58.01803333,-134.0256833,320,320.9,12.5,0,9218131,C6RN3,16
2008-09-04T05:32:36,311109000,NORWEGIAN SUN,SKAGWAY,58.0136,-134.0189333,320,320.9,12.5,0,9218131,C6RN3,16
2008-09-04T05:31:44,311109000,NORWEGIAN SUN,SKAGWAY,58.01131667,-134.0153833,320,320.4,12.5,0,9218131,C6RN3,16
2008-09-04T05:31:15,311109000,NORWEGIAN SUN,SKAGWAY,58.00993333,-134.01335,322,322.0,12.5,0,9218131,C6RN3,16
2008-09-04T05:30:15,311109000,NORWEGIAN SUN,SKAGWAY,58.0071,-134.0095667,325,325.9,12.5,0,9218131,C6RN3,16
2008-09-04T05:45:36,311109000,NORWEGIAN SUN,SKAGWAY,58.04956667,-134.07075,338,338.9,12.5,0,9218131,C6RN3,16
2008-09-04T05:45:25,311109000,NORWEGIAN SUN,SKAGWAY,58.049,-134.0703833,336,335.5,12.5,0,9218131,C6RN3,16
2008-09-04T05:44:56,311109000,NORWEGIAN SUN,SKAGWAY,58.04743333,-134.0689333,332,332.4,12.5,0,9218131,C6RN3,16
2008-09-04T05:44:25,311109000,NORWEGIAN SUN,SKAGWAY,58.04586667,-134.0673167,330,330.0,12.6,0,9218131,C6RN3,16
2008-09-04T05:43:44,311109000,NORWEGIAN SUN,SKAGWAY,58.04383333,-134.0649333,327,327.0,12.6,0,9218131,C6RN3,16
2008-09-04T05:43:15,311109000,NORWEGIAN SUN,SKAGWAY,58.04243333,-134.0631667,324,324.4,12.7,0,9218131,C6RN3,16
2008-09-04T05:40:24,311109000,NORWEGIAN SUN,SKAGWAY,58.03461667,-134.0513,320,320.9,12.7,0,9218131,C6RN3,16
2008-09-04T05:10:15,311109000,NORWEGIAN SUN,SKAGWAY,57.94858333,-133.94305,336,336.9,12.3,0,9218131,C6RN3,16
2008-09-04T05:10:04,311109000,NORWEGIAN SUN,SKAGWAY,57.94805,-133.94265,337,338.3,12.3,0,9218131,C6RN3,16
2008-09-04T05:07:15,311109000,NORWEGIAN SUN,SKAGWAY,57.93893333,-133.9367333,340,341.8,12.2,0,9218131,C6RN3,16
2008-09-04T05:03:54,311109000,NORWEGIAN SUN,SKAGWAY,57.92838333,-133.9299833,340,340.9,12.0,0,9218131,C6RN3,16
2008-09-04T05:01:34,311109000,NORWEGIAN SUN,SKAGWAY,57.92096667,-133.92525,340,341.4,12.0,0,9218131,C6RN3,16
2008-09-04T05:00:34,311109000,NORWEGIAN SUN,SKAGWAY,57.91781667,-133.9231833,340,341.4,12.1,0,9218131,C6RN3,16
2008-09-04T04:57:25,311109000,NORWEGIAN SUN,SKAGWAY,57.90783333,-133.9165333,340,340.0,12.5,0,9218131,C6RN3,16
2008-09-04T04:56:56,311109000,NORWEGIAN SUN,SKAGWAY,57.90623333,-133.9154667,339,339.4,12.6,0,9218131,C6RN3,16
2008-09-04T04:56:05,311109000,NORWEGIAN SUN,SKAGWAY,57.90348333,-133.9133333,336,336.4,12.8,0,9218131,C6RN3,16
2008-09-04T06:32:44,311109000,NORWEGIAN SUN,SKAGWAY,58.18521667,-134.14845,299,296.0,13.6,0,9218131,C6RN3,16
2008-09-04T06:32:15,311109000,NORWEGIAN SUN,SKAGWAY,58.18435,-134.14545,303,300.0,13.5,0,9218131,C6RN3,16
2008-09-04T06:31:56,311109000,NORWEGIAN SUN,SKAGWAY,58.18371667,-134.1435167,307,304.0,13.4,0,9218131,C6RN3,16
2008-09-04T06:31:35,311109000,NORWEGIAN SUN,SKAGWAY,58.18295,-134.1414333,310,307.0,13.4,0,9218131,C6RN3,16
2008-09-04T06:31:25,311109000,NORWEGIAN SUN,SKAGWAY,58.18258333,-134.1405333,311,307.1,13.4,0,9218131,C6RN3,16
2008-09-04T06:31:15,311109000,NORWEGIAN SUN,SKAGWAY,58.18221667,-134.13965,313,310.4,13.3,0,9218131,C6RN3,16
2008-09-04T06:30:56,311109000,NORWEGIAN SUN,SKAGWAY,58.18145,-134.1379667,316,312.9,13.3,0,9218131,C6RN3,16
2008-09-04T06:30:15,311109000,NORWEGIAN SUN,SKAGWAY,58.17968333,-134.1346167,319,315.9,13.2,0,9218131,C6RN3,16
2008-09-04T06:29:44,311109000,NORWEGIAN SUN,SKAGWAY,58.17826667,-134.1321833,322,319.3,13.1,0,9218131,C6RN3,16
2008-09-04T06:29:15,311109000,NORWEGIAN SUN,SKAGWAY,58.17698333,-134.1302,324,321.7,13.0,0,9218131,C6RN3,16
2008-09-04T06:28:44,311109000,NORWEGIAN SUN,SKAGWAY,58.17546667,-134.1281,327,325.2,12.9,0,9218131,C6RN3,16
2008-09-04T06:28:25,311109000,NORWEGIAN SUN,SKAGWAY,58.17445,-134.1268167,329,328.5,12.8,0,9218131,C6RN3,16
2008-09-04T06:27:56,311109000,NORWEGIAN SUN,SKAGWAY,58.17298333,-134.1252167,331,331.0,12.6,0,9218131,C6RN3,16
2008-09-04T06:27:35,311109000,NORWEGIAN SUN,SKAGWAY,58.17193333,-134.12415,333,333.4,12.5,0,9218131,C6RN3,16
2008-09-04T06:26:56,311109000,NORWEGIAN SUN,SKAGWAY,58.16995,-134.12245,336,337.9,12.3,0,9218131,C6RN3,16
2008-09-04T06:26:35,311109000,NORWEGIAN SUN,SKAGWAY,58.16881667,-134.1215667,338,338.9,12.2,0,9218131,C6RN3,16
2008-09-04T06:26:05,311109000,NORWEGIAN SUN,SKAGWAY,58.16725,-134.1205,341,341.4,12.1,0,9218131,C6RN3,16
2008-09-04T06:25:35,311109000,NORWEGIAN SUN,SKAGWAY,58.16565,-134.11955,344,343.5,12.0,0,9218131,C6RN3,16
2008-09-04T06:25:26,311109000,NORWEGIAN SUN,SKAGWAY,58.16515,-134.1192167,344,344.0,11.9,0,9218131,C6RN3,16
2008-09-04T06:24:26,311109000,NORWEGIAN SUN,SKAGWAY,58.16196667,-134.1177667,348,348.0,11.6,0,9218131,C6RN3,16
2008-09-04T06:22:55,311109000,NORWEGIAN SUN,SKAGWAY,58.15746667,-134.11585,348,347.4,10.5,0,9218131,C6RN3,16
2008-09-04T06:21:55,311109000,NORWEGIAN SUN,SKAGWAY,58.15475,-134.1147333,348,348.0,9.3,0,9218131,C6RN3,16
2008-09-04T06:20:35,311109000,NORWEGIAN SUN,SKAGWAY,58.15155,-134.1135,348,350.0,8.4,0,9218131,C6RN3,16
2008-09-04T06:39:25,311109000,NORWEGIAN SUN,SKAGWAY,58.1866667,-134.188,511,360.0,102.3,15,9218131,C6RN3,16
2008-09-04T06:37:15,311109000,NORWEGIAN SUN,SKAGWAY,58.18736667,-134.17985,262,263.3,12.8,0,9218131,C6RN3,16
2008-09-04T06:37:45,311109000,NORWEGIAN SUN,SKAGWAY,58.18711667,-134.1830333,260,261.8,12.6,0,9218131,C6RN3,16
2008-09-04T06:36:24,311109000,NORWEGIAN SUN,SKAGWAY,58.18761667,-134.1741667,266,266.0,13.2,0,9218131,C6RN3,16
2008-09-04T06:36:35,311109000,NORWEGIAN SUN,SKAGWAY,58.1876,-134.1752667,265,265.8,13.1,0,9218131,C6RN3,16
2008-09-04T06:35:35,311109000,NORWEGIAN SUN,SKAGWAY,58.1877,-134.16825,271,270.5,13.8,0,9218131,C6RN3,16
2008-09-04T06:35:24,311109000,NORWEGIAN SUN,SKAGWAY,58.18768333,-134.1669333,273,273.0,13.9,0,9218131,C6RN3,16
2008-09-04T06:35:55,311109000,NORWEGIAN SUN,SKAGWAY,58.18768333,-134.1706833,269,269.4,13.5,0,9218131,C6RN3,16
2008-09-04T06:34:55,311109000,NORWEGIAN SUN,SKAGWAY,58.18751667,-134.1634667,277,276.1,13.9,0,9218131,C6RN3,16
2008-09-04T06:34:35,311109000,NORWEGIAN SUN,SKAGWAY,58.18736667,-134.1610167,281,279.7,13.8,0,9218131,C6RN3,16
2008-09-04T06:34:24,311109000,NORWEGIAN SUN,SKAGWAY,58.18726667,-134.1598833,282,282.1,13.8,0,9218131,C6RN3,16
2008-09-04T06:34:05,311109000,NORWEGIAN SUN,SKAGWAY,58.187,-134.1575833,286,284.7,13.8,0,9218131,C6RN3,16
2008-09-04T06:33:44,311109000,NORWEGIAN SUN,SKAGWAY,58.18663333,-134.1550667,289,287.7,13.7,0,9218131,C6RN3,16
2008-09-04T06:33:24,311109000,NORWEGIAN SUN,SKAGWAY,58.1862,-134.1527667,292,289.0,13.7,0,9218131,C6RN3,16
2008-09-04T06:33:05,311109000,NORWEGIAN SUN,SKAGWAY,58.18573333,-134.15065,295,292.4,13.6,0,9218131,C6RN3,16
2008-09-04T06:44:34,311109000,NORWEGIAN SUN,SKAGWAY,58.18361667,-134.22905,265,265.4,13.6,0,9218131,C6RN3,16
2008-09-04T06:44:45,311109000,NORWEGIAN SUN,SKAGWAY,58.18356667,-134.2304667,265,265.4,13.7,0,9218131,C6RN3,16
2008-09-04T06:43:45,311109000,NORWEGIAN SUN,SKAGWAY,58.18395,-134.2232333,261,261.4,13.5,0,9218131,C6RN3,16
2008-09-04T06:40:45,311109000,NORWEGIAN SUN,SKAGWAY,58.18555,-134.2026667,260,261.7,12.9,0,9218131,C6RN3,16
2008-09-04T06:52:56,311109000,NORWEGIAN SUN,SKAGWAY,58.18238333,-134.2895167,275,274.5,13.9,0,9218131,C6RN3,16
2008-09-04T06:51:56,311109000,NORWEGIAN SUN,SKAGWAY,58.18205,-134.2824167,275,275.0,13.9,0,9218131,C6RN3,16
2008-09-04T06:51:24,311109000,NORWEGIAN SUN,SKAGWAY,58.18191667,-134.2785,272,272.8,13.9,0,9218131,C6RN3,16
2008-09-04T06:50:44,311109000,NORWEGIAN SUN,SKAGWAY,58.18188333,-134.2737,269,269.0,13.9,0,9218131,C6RN3,16
2008-09-04T06:49:56,311109000,NORWEGIAN SUN,SKAGWAY,58.18201667,-134.2678667,265,266.2,13.9,0,9218131,C6RN3,16
2008-09-04T06:47:35,311109000,NORWEGIAN SUN,SKAGWAY,58.18273333,-134.25085,265,265.0,13.9,0,9218131,C6RN3,16
2008-09-04T06:59:26,311109000,NORWEGIAN SUN,SKAGWAY,58.18558333,-134.33665,282,282.8,13.9,0,9218131,C6RN3,16
2008-09-04T06:58:15,311109000,NORWEGIAN SUN,SKAGWAY,58.18463333,-134.3282,282,281.5,13.9,0,9218131,C6RN3,16
2008-09-04T06:57:46,311109000,NORWEGIAN SUN,SKAGWAY,58.18428333,-134.3247667,280,280.0,13.9,0,9218131,C6RN3,16
2008-09-04T06:57:37,311109000,NORWEGIAN SUN,SKAGWAY,58.18416667,-134.3233167,279,279.0,13.9,0,9218131,C6RN3,16
2008-09-04T06:55:05,311109000,NORWEGIAN SUN,SKAGWAY,58.18318333,-134.3052667,275,274.5,14.0,0,9218131,C6RN3,16
2008-09-04T07:05:35,311109000,NORWEGIAN SUN,SKAGWAY,58.19056667,-134.3800333,282,282.4,13.6,0,9218131,C6RN3,16
2008-09-04T07:02:35,311109000,NORWEGIAN SUN,SKAGWAY,58.18813333,-134.35905,282,282.8,13.7,0,9218131,C6RN3,16
2008-09-04T07:14:45,311109000,NORWEGIAN SUN,SKAGWAY,58.1983,-134.4446167,282,282.0,14.0,0,9218131,C6RN3,16
2008-09-04T07:12:54,311109000,NORWEGIAN SUN,SKAGWAY,58.19673333,-134.4314167,282,282.8,13.9,0,9218131,C6RN3,16
2008-09-04T07:11:56,311109000,NORWEGIAN SUN,SKAGWAY,58.19586667,-134.4244333,282,282.8,13.9,0,9218131,C6RN3,16
2008-09-04T07:08:45,311109000,NORWEGIAN SUN,SKAGWAY,58.19318333,-134.4020667,282,282.8,13.6,0,9218131,C6RN3,16
2008-09-04T05:58:44,311109000,NORWEGIAN SUN,SKAGWAY,58.09426667,-134.0865167,350,350.0,12.6,0,9218131,C6RN3,16
2008-09-04T05:56:35,311109000,NORWEGIAN SUN,SKAGWAY,58.0869,-134.0841333,350,350.9,12.6,0,9218131,C6RN3,16
2008-09-04T05:54:35,311109000,NORWEGIAN SUN,SKAGWAY,58.08005,-134.0819333,350,350.0,12.6,0,9218131,C6RN3,16
2008-09-04T05:51:35,311109000,NORWEGIAN SUN,SKAGWAY,58.06973333,-134.0785667,350,350.0,12.5,0,9218131,C6RN3,16
2008-09-04T05:48:26,311109000,NORWEGIAN SUN,SKAGWAY,58.05893333,-134.0751,350,350.0,12.5,0,9218131,C6RN3,16
2008-09-04T05:47:44,311109000,NORWEGIAN SUN,SKAGWAY,58.05671667,-134.07435,350,350.4,12.4,0,9218131,C6RN3,16
2008-09-04T05:47:26,311109000,NORWEGIAN SUN,SKAGWAY,58.05561667,-134.0739833,349,348.5,12.4,0,9218131,C6RN3,16
2008-09-04T05:46:44,311109000,NORWEGIAN SUN,SKAGWAY,58.05326667,-134.0730333,347,347.0,12.4,0,9218131,C6RN3,16
2008-09-04T05:46:26,311109000,NORWEGIAN SUN,SKAGWAY,58.0522,-134.0725167,345,344.5,12.4,0,9218131,C6RN3,16
2008-09-04T05:46:06,311109000,NORWEGIAN SUN,SKAGWAY,58.05115,-134.0719167,342,341.5,12.4,0,9218131,C6RN3,16
2008-09-04T03:58:02,311109000,NORWEGIAN SUN,TRACY ARM-SKAGWAY,57.77568333,-133.6393833,230,231.0,16.4,0,9218131,C6RN3,16
2008-09-04T03:52:22,311109000,NORWEGIAN SUN,TRACY ARM-SKAGWAY,57.79463333,-133.6118833,212,212.3,15.4,0,9218131,C6RN3,16
2008-09-04T03:52:57,311109000,NORWEGIAN SUN,TRACY ARM-SKAGWAY,57.79246667,-133.6144333,212,212.0,15.1,0,9218131,C6RN3,16
2008-09-04T04:06:09,311109000,NORWEGIAN SUN,TRACY ARM-SKAGWAY,57.76808333,-133.69695,293,288.9,14.0,0,9218131,C6RN3,16
2008-09-04T04:05:45,311109000,NORWEGIAN SUN,TRACY ARM-SKAGWAY,57.76761667,-133.6942833,289,284.9,14.1,0,9218131,C6RN3,16
2008-09-04T04:05:21,311109000,NORWEGIAN SUN,TRACY ARM-SKAGWAY,57.76725,-133.6914333,286,280.9,14.1,0,9218131,C6RN3,16
2008-09-04T04:04:57,311109000,NORWEGIAN SUN,TRACY ARM-SKAGWAY,57.76696667,-133.68855,282,277.7,14.2,0,9218131,C6RN3,16
2008-09-04T04:04:51,311109000,NORWEGIAN SUN,TRACY ARM-SKAGWAY,57.7669,-133.6878167,281,278.5,14.2,0,9218131,C6RN3,16
2008-09-04T04:04:21,311109000,NORWEGIAN SUN,TRACY ARM-SKAGWAY,57.76673333,-133.6839833,276,272.9,14.2,0,9218131,C6RN3,16
2008-09-04T04:04:02,311109000,NORWEGIAN SUN,TRACY ARM-SKAGWAY,57.76666667,-133.6817833,273,271.7,14.2,0,9218131,C6RN3,16
2008-09-04T04:03:02,311109000,NORWEGIAN SUN,TRACY ARM-SKAGWAY,57.76688333,-133.6746,262,261.1,14.3,0,9218131,C6RN3,16
2008-09-04T04:03:09,311109000,NORWEGIAN SUN,TRACY ARM-SKAGWAY,57.76681667,-133.6753167,263,262.1,14.3,0,9218131,C6RN3,16
2008-09-04T04:03:21,311109000,NORWEGIAN SUN,TRACY ARM-SKAGWAY,57.76673333,-133.6767833,265,264.1,14.3,0,9218131,C6RN3,16
2008-09-04T04:03:27,311109000,NORWEGIAN SUN,TRACY ARM-SKAGWAY,57.7667,-133.6776833,266,264.7,14.3,0,9218131,C6RN3,16
2008-09-04T04:03:46,311109000,NORWEGIAN SUN,TRACY ARM-SKAGWAY,57.76665,-133.6798833,270,268.7,14.2,0,9218131,C6RN3,16
2008-09-04T04:11:39,311109000,NORWEGIAN SUN,SKAGWAY,57.77801667,-133.7326833,300,300.0,14.1,0,9218131,C6RN3,16
2008-09-04T04:10:15,311109000,NORWEGIAN SUN,SKAGWAY,57.77528333,-133.7237833,300,298.7,14.1,0,9218131,C6RN3,16
2008-09-04T04:08:38,311109000,NORWEGIAN SUN,TRACY ARM-SKAGWAY,57.77228333,-133.71355,300,297.5,14.2,0,9218131,C6RN3,16
2008-09-04T04:07:51,311109000,NORWEGIAN SUN,TRACY ARM-SKAGWAY,57.77081667,-133.7083667,300,296.7,14.1,0,9218131,C6RN3,16
2008-09-04T04:07:21,311109000,NORWEGIAN SUN,TRACY ARM-SKAGWAY,57.76995,-133.7050667,300,294.6,14.1,0,9218131,C6RN3,16
2008-09-04T04:22:25,311109000,NORWEGIAN SUN,SKAGWAY,57.79781667,-133.7983667,303,303.0,13.1,0,9218131,C6RN3,16
2008-09-04T04:20:15,311109000,NORWEGIAN SUN,SKAGWAY,57.79385,-133.7854833,300,299.1,13.2,0,9218131,C6RN3,16
2008-09-04T04:18:16,311109000,NORWEGIAN SUN,SKAGWAY,57.79025,-133.7735167,300,298.7,13.3,0,9218131,C6RN3,16
2008-09-04T04:15:02,311109000,NORWEGIAN SUN,SKAGWAY,57.78448333,-133.7539333,300,298.7,13.7,0,9218131,C6RN3,16
2008-09-04T04:14:51,311109000,NORWEGIAN SUN,SKAGWAY,57.78413333,-133.7527333,300,299.1,13.7,0,9218131,C6RN3,16
2008-09-04T04:23:16,311109000,NORWEGIAN SUN,SKAGWAY,57.7995,-133.8031,307,305.6,13.0,0,9218131,C6RN3,16
2008-09-04T04:22:45,311109000,NORWEGIAN SUN,SKAGWAY,57.79843333,-133.80025,304,303.5,13.1,0,9218131,C6RN3,16
2008-09-04T03:46:30,311109000,NORWEGIAN SUN,TRACY ARM-SKAGWAY,57.81853333,-133.5888,190,190.0,17.0,0,9218131,C6RN3,16
2008-09-04T03:46:33,311109000,NORWEGIAN SUN,TRACY ARM-SKAGWAY,57.81816667,-133.5889167,191,191.6,17.0,0,9218131,C6RN3,16
2008-09-04T03:46:45,311109000,NORWEGIAN SUN,TRACY ARM-SKAGWAY,57.81725,-133.5892833,193,193.6,17.0,0,9218131,C6RN3,16
2008-09-04T03:43:02,311109000,NORWEGIAN SUN,TRACY ARM-SKAGWAY,57.83491667,-133.5872,180,180.9,17.6,0,9218131,C6RN3,16
2008-09-04T03:43:08,311109000,NORWEGIAN SUN,TRACY ARM-SKAGWAY,57.83433333,-133.5872167,180,180.9,17.6,0,9218131,C6RN3,16
2008-09-04T03:43:28,311109000,NORWEGIAN SUN,TRACY ARM-SKAGWAY,57.83286667,-133.58725,180,180.9,17.6,0,9218131,C6RN3,16
2008-09-04T00:05:29,311109000,NORWEGIAN SUN,TRACY ARM-SKAGWAY,57.83468333,-133.5917167,7,7.0,18.3,0,9218131,C6RN3,16
2008-09-04T03:49:45,311109000,NORWEGIAN SUN,TRACY ARM-SKAGWAY,57.80461667,-133.6003,210,210.6,16.9,0,9218131,C6RN3,16
2008-09-04T04:34:16,311109000,NORWEGIAN SUN,SKAGWAY,57.83126667,-133.84865,333,331.7,13.3,0,9218131,C6RN3,16
2008-09-04T04:33:46,311109000,NORWEGIAN SUN,SKAGWAY,57.82958333,-133.8470167,333,332.5,13.3,0,9218131,C6RN3,16
2008-09-04T04:33:25,311109000,NORWEGIAN SUN,SKAGWAY,57.82843333,-133.84585,332,331.1,13.3,0,9218131,C6RN3,16
2008-09-04T04:32:57,311109000,NORWEGIAN SUN,SKAGWAY,57.8269,-133.84415,329,328.5,13.3,0,9218131,C6RN3,16
2008-09-04T04:31:44,311109000,NORWEGIAN SUN,SKAGWAY,57.82328333,-133.8396,325,324.5,13.3,0,9218131,C6RN3,16
2008-09-04T04:28:25,311109000,NORWEGIAN SUN,SKAGWAY,57.81326667,-133.8263833,325,325.0,13.2,0,9218131,C6RN3,16
2008-09-04T04:27:25,311109000,NORWEGIAN SUN,SKAGWAY,57.81031667,-133.8224833,325,323.6,13.1,0,9218131,C6RN3,16
2008-09-04T04:26:44,311109000,NORWEGIAN SUN,SKAGWAY,57.80833333,-133.8197333,325,323.6,13.1,0,9218131,C6RN3,16
2008-09-04T04:26:25,311109000,NORWEGIAN SUN,SKAGWAY,57.80741667,-133.8184167,323,322.1,13.1,0,9218131,C6RN3,16
2008-09-04T04:25:44,311109000,NORWEGIAN SUN,SKAGWAY,57.80551667,-133.8154833,320,317.8,13.1,0,9218131,C6RN3,16
2008-09-04T04:24:55,311109000,NORWEGIAN SUN,SKAGWAY,57.8033,-133.8115667,316,314.2,13.0,0,9218131,C6RN3,16
2008-09-04T04:24:25,311109000,NORWEGIAN SUN,SKAGWAY,57.80211667,-133.8091833,313,311.6,13.0,0,9218131,C6RN3,16
2008-09-04T04:23:55,311109000,NORWEGIAN SUN,SKAGWAY,57.80095,-133.8066333,311,310.1,13.0,0,9218131,C6RN3,16
2008-09-04T04:39:46,311109000,NORWEGIAN SUN,SKAGWAY,57.84921667,-133.8660167,334,334.0,13.3,0,9218131,C6RN3,16
2008-09-04T04:38:27,311109000,NORWEGIAN SUN,SKAGWAY,57.8426667,-133.859333,511,360.0,102.3,15,9218131,C6RN3,16
2008-09-04T04:37:26,311109000,NORWEGIAN SUN,SKAGWAY,57.84163333,-133.8587167,333,333.0,13.3,0,9218131,C6RN3,16
