bs_ts,mmsi,lat,lon,nav_status,cog,sog,heading,imo,callsign,name,Type of ship,destination
2008-09-26T00:48:00,310344000,54.1785,-131.02985,0,187.2,22.0,187,9192351,ZCDA9,GOLDEN PRINCESS,16,VICTORIA
2008-09-26T00:47:30,310344000,54.18151667,-131.0292167,0,187.2,21.9,187,9192351,ZCDA9,GOLDEN PRINCESS,16,VICTORIA
2008-09-26T00:47:18,310344000,54.18261667,-131.0289833,0,187.0,21.9,187,9192351,ZCDA9,GOLDEN PRINCESS,16,VICTORIA
2008-09-26T00:47:12,310344000,54.18321667,-131.0288667,0,187.2,21.9,187,9192351,ZCDA9,GOLDEN PRINCESS,16,VICTORIA
2008-09-26T00:47:00,310344000,54.18441667,-131.0286167,0,187.0,21.9,187,9192351,ZCDA9,GOLDEN PRINCESS,16,VICTORIA
2008-09-26T00:46:48,310344000,54.18563333,-131.0283667,0,187.0,21.9,187,9192351,ZCDA9,GOLDEN PRINCESS,16,VICTORIA
2008-09-26T00:46:30,310344000,54.18755,-131.028,0,186.7,21.9,187,9192351,ZCDA9,GOLDEN PRINCESS,16,VICTORIA
2008-09-26T00:46:12,310344000,54.18936667,-131.02765,0,186.0,21.9,186,9192351,ZCDA9,GOLDEN PRINCESS,16,VICTORIA
2008-09-26T00:46:06,310344000,54.18998333,-131.0275333,0,186.0,21.9,186,9192351,ZCDA9,GOLDEN PRINCESS,16,VICTORIA
2008-09-26T00:45:54,310344000,54.19106667,-131.0273333,0,187.2,21.9,187,9192351,ZCDA9,GOLDEN PRINCESS,16,VICTORIA
2008-09-26T00:45:12,310344000,54.19533333,-131.0264667,0,186.7,22.0,187,9192351,ZCDA9,GOLDEN PRINCESS,16,VICTORIA
2008-09-26T00:44:48,310344000,54.19775,-131.0259833,0,186.7,22.0,187,9192351,ZCDA9,GOLDEN PRINCESS,16,VICTORIA
2008-09-26T00:44:42,310344000,54.19835,-131.0258667,0,187.0,22.0,187,9192351,ZCDA9,GOLDEN PRINCESS,16,VICTORIA
2008-09-26T00:44:30,310344000,54.19955,-131.0256333,0,186.7,22.0,187,9192351,ZCDA9,GOLDEN PRINCESS,16,VICTORIA
2008-09-26T00:44:18,310344000,54.20078333,-131.0254167,0,185.7,22.0,186,9192351,ZCDA9,GOLDEN PRINCESS,16,VICTORIA
2008-09-26T00:43:42,310344000,54.20455,-131.0248667,0,185.0,22.0,185,9192351,ZCDA9,GOLDEN PRINCESS,16,VICTORIA
2008-09-26T00:43:23,310344000,54.20638333,-131.0245833,0,185.0,21.9,185,9192351,ZCDA9,GOLDEN PRINCESS,16,VICTORIA
2008-09-26T00:43:12,310344000,54.20745,-131.0244167,0,185.2,21.9,185,9192351,ZCDA9,GOLDEN PRINCESS,16,VICTORIA
2008-09-26T00:43:00,310344000,54.20866667,-131.02425,0,185.2,21.9,185,9192351,ZCDA9,GOLDEN PRINCESS,16,VICTORIA
2008-09-26T00:42:42,310344000,54.21048333,-131.0239833,0,185.2,21.8,185,9192351,ZCDA9,GOLDEN PRINCESS,16,VICTORIA
2008-09-26T00:42:23,310344000,54.21238333,-131.0236667,0,186.2,21.8,186,9192351,ZCDA9,GOLDEN PRINCESS,16,VICTORIA
2008-09-26T00:42:18,310344000,54.213,-131.02355,0,186.5,21.8,186,9192351,ZCDA9,GOLDEN PRINCESS,16,VICTORIA
2008-09-26T00:42:00,310344000,54.21468333,-131.0232167,0,186.2,21.8,186,9192351,ZCDA9,GOLDEN PRINCESS,16,VICTORIA
2008-09-26T00:41:42,310344000,54.21648333,-131.02285,0,186.2,21.7,186,9192351,ZCDA9,GOLDEN PRINCESS,16,VICTORIA
2008-09-26T00:41:36,310344000,54.21708333,-131.0227333,0,187.5,21.7,187,9192351,ZCDA9,GOLDEN PRINCESS,16,VICTORIA
2008-09-26T00:41:30,310344000,54.21768333,-131.0226,0,187.5,21.7,187,9192351,ZCDA9,GOLDEN PRINCESS,16,VICTORIA
2008-09-26T00:41:18,310344000,54.21888333,-131.02235,0,186.5,21.7,186,9192351,ZCDA9,GOLDEN PRINCESS,16,VICTORIA
2008-09-26T00:41:00,310344000,54.22066667,-131.0219833,0,186.5,21.7,186,9192351,ZCDA9,GOLDEN PRINCESS,16,VICTORIA
2008-09-26T00:40:54,310344000,54.22126667,-131.0218667,0,186.5,21.7,186,9192351,ZCDA9,GOLDEN PRINCESS,16,VICTORIA
2008-09-26T00:40:24,310344000,54.22425,-131.02125,0,187.5,21.6,187,9192351,ZCDA9,GOLDEN PRINCESS,16,VICTORIA
2008-09-26T00:40:18,310344000,54.22498333,-131.0211,0,187.5,21.6,187,9192351,ZCDA9,GOLDEN PRINCESS,16,VICTORIA
2008-09-26T00:40:05,310344000,54.22616667,-131.02085,0,187.2,21.6,187,9192351,ZCDA9,GOLDEN PRINCESS,16,VICTORIA
2008-09-26T00:40:00,310344000,54.22665,-131.02075,0,187.2,21.6,187,9192351,ZCDA9,GOLDEN PRINCESS,16,VICTORIA
2008-09-26T00:39:54,310344000,54.22723333,-131.0206167,0,187.5,21.6,187,9192351,ZCDA9,GOLDEN PRINCESS,16,VICTORIA
2008-09-26T00:39:48,310344000,54.22771667,-131.0205333,0,187.5,21.5,187,9192351,ZCDA9,GOLDEN PRINCESS,16,VICTORIA
2008-09-26T00:39:30,310344000,54.2295,-131.0201667,0,186.2,21.5,186,9192351,ZCDA9,GOLDEN PRINCESS,16,VICTORIA
2008-09-26T00:38:42,310344000,54.23433333,-131.0193833,0,183.2,21.3,183,9192351,ZCDA9,GOLDEN PRINCESS,16,VICTORIA
2008-09-26T00:38:36,310344000,54.23493333,-131.0193333,0,182.2,21.3,182,9192351,ZCDA9,GOLDEN PRINCESS,16,VICTORIA
2008-09-26T00:38:12,310344000,54.23728333,-131.0192333,0,180.2,21.3,180,9192351,ZCDA9,GOLDEN PRINCESS,16,VICTORIA
2008-09-26T00:38:00,310344000,54.23846667,-131.0192667,0,178.0,21.3,178,9192351,ZCDA9,GOLDEN PRINCESS,16,VICTORIA
2008-09-26T00:37:48,310344000,54.23953333,-131.0193333,0,177.0,21.3,177,9192351,ZCDA9,GOLDEN PRINCESS,16,VICTORIA
2008-09-26T00:37:42,310344000,54.24023333,-131.0194,0,176.0,21.3,176,9192351,ZCDA9,GOLDEN PRINCESS,16,VICTORIA
2008-09-26T00:37:36,310344000,54.2407,-131.01945,0,175.7,21.3,176,9192351,ZCDA9,GOLDEN PRINCESS,16,VICTORIA
2008-09-26T00:37:30,310344000,54.24141667,-131.0195333,0,174.7,21.3,175,9192351,ZCDA9,GOLDEN PRINCESS,16,VICTORIA
2008-09-26T00:37:05,310344000,54.24375,-131.02,0,171.7,21.3,172,9192351,ZCDA9,GOLDEN PRINCESS,16,VICTORIA
2008-09-26T00:37:00,310344000,54.24433333,-131.02015,0,170.7,21.3,171,9192351,ZCDA9,GOLDEN PRINCESS,16,VICTORIA
2008-09-26T00:36:53,310344000,54.24503333,-131.0203333,0,170.4,21.3,171,9192351,ZCDA9,GOLDEN PRINCESS,16,VICTORIA
2008-09-26T00:36:42,310344000,54.24606667,-131.0206667,0,168.7,21.3,170,9192351,ZCDA9,GOLDEN PRINCESS,16,VICTORIA
2008-09-26T00:36:36,310344000,54.24666667,-131.0208667,0,168.7,21.3,169,9192351,ZCDA9,GOLDEN PRINCESS,16,VICTORIA
2008-09-26T00:36:30,310344000,54.24725,-131.02105,0,167.4,21.3,168,9192351,ZCDA9,GOLDEN PRINCESS,16,VICTORIA
2008-09-26T00:36:24,310344000,54.24771667,-131.0212333,0,167.4,21.3,168,9192351,ZCDA9,GOLDEN PRINCESS,16,VICTORIA
2008-09-26T00:36:17,310344000,54.2484,-131.0215167,0,166.4,21.3,167,9192351,ZCDA9,GOLDEN PRINCESS,16,VICTORIA
2008-09-26T00:36:12,310344000,54.24896667,-131.02175,0,165.4,21.3,166,9192351,ZCDA9,GOLDEN PRINCESS,16,VICTORIA
2008-09-26T00:36:05,310344000,54.24955,-131.022,0,165.4,21.3,166,9192351,ZCDA9,GOLDEN PRINCESS,16,VICTORIA
2008-09-26T00:36:00,310344000,54.25011667,-131.0222667,0,164.1,21.3,165,9192351,ZCDA9,GOLDEN PRINCESS,16,VICTORIA
2008-09-26T00:35:53,310344000,54.25068333,-131.0225333,0,163.1,21.3,164,9192351,ZCDA9,GOLDEN PRINCESS,16,VICTORIA
2008-09-26T00:34:24,310344000,54.25893333,-131.02805,0,154.1,21.4,155,9192351,ZCDA9,GOLDEN PRINCESS,16,VICTORIA
2008-09-26T00:34:12,310344000,54.26,-131.02895,0,153.4,21.4,154,9192351,ZCDA9,GOLDEN PRINCESS,16,VICTORIA
2008-09-26T00:34:05,310344000,54.26053333,-131.0294,0,153.4,21.4,154,9192351,ZCDA9,GOLDEN PRINCESS,16,VICTORIA
2008-09-26T00:34:00,310344000,54.26095,-131.0297667,0,153.1,21.4,154,9192351,ZCDA9,GOLDEN PRINCESS,16,VICTORIA
2008-09-26T00:33:53,310344000,54.26158333,-131.0302833,0,153.1,21.4,154,9192351,ZCDA9,GOLDEN PRINCESS,16,VICTORIA
2008-09-26T00:33:49,310344000,54.262,-131.0306833,0,153.1,21.4,154,9192351,ZCDA9,GOLDEN PRINCESS,16,VICTORIA
2008-09-26T00:33:42,310344000,54.26253333,-131.03115,0,153.4,21.4,154,9192351,ZCDA9,GOLDEN PRINCESS,16,VICTORIA
2008-09-26T00:33:36,310344000,54.26306667,-131.0316,0,153.2,21.5,154,9192351,ZCDA9,GOLDEN PRINCESS,16,VICTORIA
2008-09-26T00:33:17,310344000,54.26478333,-131.03305,0,153.2,21.5,154,9192351,ZCDA9,GOLDEN PRINCESS,16,VICTORIA
2008-09-26T00:33:12,310344000,54.26531667,-131.0335167,0,152.9,21.5,154,9192351,ZCDA9,GOLDEN PRINCESS,16,VICTORIA
2008-09-26T00:33:05,310344000,54.26595,-131.03405,0,153.1,21.4,154,9192351,ZCDA9,GOLDEN PRINCESS,16,VICTORIA
2008-09-26T00:33:00,310344000,54.26638333,-131.0344167,0,152.9,21.5,154,9192351,ZCDA9,GOLDEN PRINCESS,16,VICTORIA
2008-09-26T00:32:53,310344000,54.2669,-131.0348667,0,152.9,21.5,154,9192351,ZCDA9,GOLDEN PRINCESS,16,VICTORIA
2008-09-26T00:32:42,310344000,54.26796667,-131.0357833,0,153.2,21.5,154,9192351,ZCDA9,GOLDEN PRINCESS,16,VICTORIA
2008-09-26T00:32:36,310344000,54.26838333,-131.03615,0,152.9,21.5,154,9192351,ZCDA9,GOLDEN PRINCESS,16,VICTORIA
2008-09-26T00:32:30,310344000,54.26901667,-131.0367167,0,153.2,21.5,154,9192351,ZCDA9,GOLDEN PRINCESS,16,VICTORIA
2008-09-26T00:32:25,310344000,54.26956667,-131.0371833,0,0.0,0.0,0,9192351,ZCDA9,GOLDEN PRINCESS,16,VICTORIA
2008-09-26T00:32:24,310344000,54.26956667,-131.0371833,0,153.2,21.5,154,9192351,ZCDA9,GOLDEN PRINCESS,16,VICTORIA
2008-09-26T00:32:17,310344000,54.2701,-131.0376333,0,152.9,21.5,154,9192351,ZCDA9,GOLDEN PRINCESS,16,VICTORIA
2008-09-26T00:32:12,310344000,54.27063333,-131.0381,0,152.9,21.5,154,9192351,ZCDA9,GOLDEN PRINCESS,16,VICTORIA
2008-09-26T00:32:06,310344000,54.27115,-131.0385667,0,152.9,21.4,154,9192351,ZCDA9,GOLDEN PRINCESS,16,VICTORIA
2008-09-26T00:32:00,310344000,54.27158333,-131.03895,0,153.2,21.5,154,9192351,ZCDA9,GOLDEN PRINCESS,16,VICTORIA
2008-09-26T00:31:53,310344000,54.27223333,-131.0395167,0,152.9,21.5,154,9192351,ZCDA9,GOLDEN PRINCESS,16,VICTORIA
2008-09-26T00:31:49,310344000,54.27266667,-131.0398833,0,152.9,21.5,154,9192351,ZCDA9,GOLDEN PRINCESS,16,VICTORIA
2008-09-26T00:31:42,310344000,54.27316667,-131.04035,0,152.9,21.5,154,9192351,ZCDA9,GOLDEN PRINCESS,16,VICTORIA
2008-09-26T00:31:36,310344000,54.2737,-131.0408167,0,153.2,21.5,154,9192351,ZCDA9,GOLDEN PRINCESS,16,VICTORIA
2008-09-26T00:31:30,310344000,54.27425,-131.0412833,0,152.9,21.5,154,9192351,ZCDA9,GOLDEN PRINCESS,16,VICTORIA
2008-09-26T00:31:24,310344000,54.27478333,-131.04175,0,152.6,21.5,154,9192351,ZCDA9,GOLDEN PRINCESS,16,VICTORIA
2008-09-26T00:31:17,310344000,54.27531667,-131.0422167,0,152.9,21.5,154,9192351,ZCDA9,GOLDEN PRINCESS,16,VICTORIA
2008-09-26T00:31:12,310344000,54.27595,-131.0427667,0,153.2,21.5,154,9192351,ZCDA9,GOLDEN PRINCESS,16,VICTORIA
2008-09-26T00:31:06,310344000,54.27648333,-131.0432333,0,152.9,21.5,154,9192351,ZCDA9,GOLDEN PRINCESS,16,VICTORIA
2008-09-26T00:31:00,310344000,54.27701667,-131.0437,0,152.9,21.5,154,9192351,ZCDA9,GOLDEN PRINCESS,16,VICTORIA
2008-09-26T00:30:54,310344000,54.27755,-131.0441667,0,152.9,21.5,154,9192351,ZCDA9,GOLDEN PRINCESS,16,VICTORIA
2008-09-26T00:30:49,310344000,54.27798333,-131.04455,0,153.2,21.5,154,9192351,ZCDA9,GOLDEN PRINCESS,16,VICTORIA
2008-09-26T00:30:42,310344000,54.2785,-131.045,0,152.9,21.6,154,9192351,ZCDA9,GOLDEN PRINCESS,16,VICTORIA
2008-09-26T00:30:30,310344000,54.27955,-131.04595,0,153.2,21.6,154,9192351,ZCDA9,GOLDEN PRINCESS,16,VICTORIA
2008-09-26T00:30:17,310344000,54.28075,-131.0469667,0,152.9,21.6,154,9192351,ZCDA9,GOLDEN PRINCESS,16,VICTORIA
2008-09-26T00:30:12,310344000,54.28115,-131.04735,0,152.9,21.6,154,9192351,ZCDA9,GOLDEN PRINCESS,16,VICTORIA
2008-09-26T00:30:06,310344000,54.2818,-131.0479,0,153.2,21.6,154,9192351,ZCDA9,GOLDEN PRINCESS,16,VICTORIA
2008-09-26T00:30:00,310344000,54.28221667,-131.0482833,0,153.2,21.6,154,9192351,ZCDA9,GOLDEN PRINCESS,16,VICTORIA
2008-09-26T00:29:54,310344000,54.28275,-131.04875,0,152.9,21.6,154,9192351,ZCDA9,GOLDEN PRINCESS,16,VICTORIA
2008-09-26T00:29:49,310344000,54.2833,-131.0492167,0,152.6,21.6,154,9192351,ZCDA9,GOLDEN PRINCESS,16,VICTORIA
2008-09-26T00:29:36,310344000,54.28435,-131.05015,0,152.9,21.6,154,9192351,ZCDA9,GOLDEN PRINCESS,16,VICTORIA
2008-09-26T00:29:30,310344000,54.285,-131.0507167,0,152.6,21.6,154,9192351,ZCDA9,GOLDEN PRINCESS,16,VICTORIA
2008-09-26T00:29:24,310344000,54.28553333,-131.0511833,0,152.9,21.6,154,9192351,ZCDA9,GOLDEN PRINCESS,16,VICTORIA
2008-09-26T00:29:18,310344000,54.28606667,-131.05165,0,152.9,21.6,154,9192351,ZCDA9,GOLDEN PRINCESS,16,VICTORIA
2008-09-26T00:29:06,310344000,54.28713333,-131.0525833,0,152.9,21.6,154,9192351,ZCDA9,GOLDEN PRINCESS,16,VICTORIA
2008-09-26T00:29:00,310344000,54.28766667,-131.0530333,0,152.9,21.6,154,9192351,ZCDA9,GOLDEN PRINCESS,16,VICTORIA
2008-09-26T00:28:54,310344000,54.28808333,-131.0534167,0,152.6,21.6,154,9192351,ZCDA9,GOLDEN PRINCESS,16,VICTORIA
2008-09-26T00:28:49,310344000,54.28863333,-131.0538833,0,152.9,21.6,154,9192351,ZCDA9,GOLDEN PRINCESS,16,VICTORIA
2008-09-26T00:28:42,310344000,54.28925,-131.05445,0,152.6,21.6,154,9192351,ZCDA9,GOLDEN PRINCESS,16,VICTORIA
2008-09-26T00:28:30,310344000,54.29021667,-131.0553,0,152.6,21.6,154,9192351,ZCDA9,GOLDEN PRINCESS,16,VICTORIA
2008-09-26T00:28:24,310344000,54.29076667,-131.0557667,0,152.9,21.6,154,9192351,ZCDA9,GOLDEN PRINCESS,16,VICTORIA
2008-09-26T00:28:12,310344000,54.29181667,-131.0567,0,152.6,21.6,154,9192351,ZCDA9,GOLDEN PRINCESS,16,VICTORIA
2008-09-26T00:28:06,310344000,54.29235,-131.0571667,0,152.9,21.6,154,9192351,ZCDA9,GOLDEN PRINCESS,16,VICTORIA
2008-09-26T00:27:49,310344000,54.29395,-131.0585667,0,152.9,21.6,154,9192351,ZCDA9,GOLDEN PRINCESS,16,VICTORIA
2008-09-26T00:27:42,310344000,54.2945,-131.05905,0,152.6,21.6,154,9192351,ZCDA9,GOLDEN PRINCESS,16,VICTORIA
2008-09-26T00:27:36,310344000,54.29501667,-131.0595333,0,152.6,21.6,154,9192351,ZCDA9,GOLDEN PRINCESS,16,VICTORIA
2008-09-26T00:27:24,310344000,54.2962,-131.06055,0,152.6,21.6,154,9192351,ZCDA9,GOLDEN PRINCESS,16,VICTORIA
2008-09-26T00:27:12,310344000,54.29716667,-131.0613833,0,153.6,21.6,155,9192351,ZCDA9,GOLDEN PRINCESS,16,VICTORIA
2008-09-26T00:27:05,310344000,54.2978,-131.0619333,0,153.6,21.6,155,9192351,ZCDA9,GOLDEN PRINCESS,16,VICTORIA
2008-09-26T00:27:00,310344000,54.29833333,-131.0624,0,153.6,21.6,155,9192351,ZCDA9,GOLDEN PRINCESS,16,VICTORIA
2008-09-26T00:26:00,310344000,54.30358333,-131.0669333,0,152.6,21.7,154,9192351,ZCDA9,GOLDEN PRINCESS,16,VICTORIA
2008-09-26T00:25:54,310344000,54.30413333,-131.0674167,0,152.4,21.8,154,9192351,ZCDA9,GOLDEN PRINCESS,16,VICTORIA
2008-09-26T00:25:42,310344000,54.30531667,-131.0684333,0,152.4,21.8,154,9192351,ZCDA9,GOLDEN PRINCESS,16,VICTORIA
2008-09-26T00:25:31,310344000,54.30628333,-131.0693,0,152.6,21.8,154,9192351,ZCDA9,GOLDEN PRINCESS,16,VICTORIA
2008-09-26T00:25:24,310344000,54.30681667,-131.0697833,0,152.6,21.8,154,9192351,ZCDA9,GOLDEN PRINCESS,16,VICTORIA
2008-09-26T00:25:18,310344000,54.30746667,-131.07035,0,152.6,21.8,154,9192351,ZCDA9,GOLDEN PRINCESS,16,VICTORIA
2008-09-26T00:24:48,310344000,54.30995,-131.0725167,0,152.9,21.8,154,9192351,ZCDA9,GOLDEN PRINCESS,16,VICTORIA
2008-09-26T00:24:42,310344000,54.31061667,-131.0730667,0,153.2,21.8,154,9192351,ZCDA9,GOLDEN PRINCESS,16,VICTORIA
2008-09-26T00:24:36,310344000,54.31105,-131.0734333,0,152.9,21.8,154,9192351,ZCDA9,GOLDEN PRINCESS,16,VICTORIA
2008-09-26T00:24:18,310344000,54.31275,-131.0749167,0,153.2,21.8,154,9192351,ZCDA9,GOLDEN PRINCESS,16,VICTORIA
2008-09-26T00:24:00,310344000,54.31436667,-131.0763167,0,153.2,21.7,154,9192351,ZCDA9,GOLDEN PRINCESS,16,VICTORIA
2008-09-26T00:23:54,310344000,54.3149,-131.0767833,0,153.2,21.7,154,9192351,ZCDA9,GOLDEN PRINCESS,16,VICTORIA
2008-09-26T00:23:42,310344000,54.3161,-131.0778167,0,153.2,21.7,154,9192351,ZCDA9,GOLDEN PRINCESS,16,VICTORIA
2008-09-26T00:23:23,310344000,54.31771667,-131.0792,0,153.2,21.7,154,9192351,ZCDA9,GOLDEN PRINCESS,16,VICTORIA
2008-09-26T00:23:12,310344000,54.31868333,-131.0800333,0,153.2,21.7,154,9192351,ZCDA9,GOLDEN PRINCESS,16,VICTORIA
2008-09-26T00:23:06,310344000,54.31921667,-131.0805,0,152.9,21.7,154,9192351,ZCDA9,GOLDEN PRINCESS,16,VICTORIA
2008-09-26T00:23:00,310344000,54.31975,-131.0809667,0,153.2,21.7,154,9192351,ZCDA9,GOLDEN PRINCESS,16,VICTORIA
2008-09-26T00:22:54,310344000,54.32018333,-131.0813333,0,153.2,21.7,154,9192351,ZCDA9,GOLDEN PRINCESS,16,VICTORIA
2008-09-26T00:22:42,310344000,54.32136667,-131.08235,0,153.2,21.6,154,9192351,ZCDA9,GOLDEN PRINCESS,16,VICTORIA
2008-09-26T00:22:23,310344000,54.32296667,-131.08375,0,153.2,21.6,154,9192351,ZCDA9,GOLDEN PRINCESS,16,VICTORIA
2008-09-26T00:22:12,310344000,54.32403333,-131.0846833,0,153.2,21.6,154,9192351,ZCDA9,GOLDEN PRINCESS,16,VICTORIA
2008-09-26T00:22:00,310344000,54.32511667,-131.0856,0,153.2,21.6,154,9192351,ZCDA9,GOLDEN PRINCESS,16,VICTORIA
2008-09-26T00:21:48,310344000,54.32618333,-131.08655,0,153.2,21.6,154,9192351,ZCDA9,GOLDEN PRINCESS,16,VICTORIA
2008-09-26T00:21:42,310344000,54.32673333,-131.0869833,0,153.2,21.6,154,9192351,ZCDA9,GOLDEN PRINCESS,16,VICTORIA
2008-09-26T00:21:36,310344000,54.32726667,-131.0874667,0,153.2,21.6,154,9192351,ZCDA9,GOLDEN PRINCESS,16,VICTORIA
2008-09-26T00:21:30,310344000,54.3278,-131.0879333,0,153.2,21.6,154,9192351,ZCDA9,GOLDEN PRINCESS,16,VICTORIA
2008-09-26T00:21:18,310344000,54.32886667,-131.08885,0,153.2,21.5,154,9192351,ZCDA9,GOLDEN PRINCESS,16,VICTORIA
2008-09-26T00:21:00,310344000,54.33036667,-131.09015,0,152.9,21.5,154,9192351,ZCDA9,GOLDEN PRINCESS,16,VICTORIA
2008-09-26T00:20:54,310344000,54.331,-131.0907167,0,153.2,21.5,154,9192351,ZCDA9,GOLDEN PRINCESS,16,VICTORIA
2008-09-26T00:20:30,310344000,54.33301667,-131.0924667,0,152.9,21.5,154,9192351,ZCDA9,GOLDEN PRINCESS,16,VICTORIA
2008-09-26T00:20:27,310344000,54.33408333,-131.0934,0,0.0,0.0,0,9192351,ZCDA9,GOLDEN PRINCESS,16,VICTORIA
2008-09-26T00:20:18,310344000,54.33408333,-131.0934,0,152.9,21.5,154,9192351,ZCDA9,GOLDEN PRINCESS,16,VICTORIA
2008-09-26T00:20:06,310344000,54.33525,-131.0944333,0,152.9,21.5,154,9192351,ZCDA9,GOLDEN PRINCESS,16,VICTORIA
2008-09-26T00:20:00,310344000,54.3358,-131.0949,0,152.9,21.5,154,9192351,ZCDA9,GOLDEN PRINCESS,16,VICTORIA
2008-09-26T00:19:54,310344000,54.33631667,-131.0953667,0,153.2,21.5,154,9192351,ZCDA9,GOLDEN PRINCESS,16,VICTORIA
2008-09-26T00:19:48,310344000,54.33685,-131.0958333,0,152.9,21.5,154,9192351,ZCDA9,GOLDEN PRINCESS,16,VICTORIA
2008-09-26T00:19:36,310344000,54.3378,-131.0966667,0,152.9,21.5,154,9192351,ZCDA9,GOLDEN PRINCESS,16,VICTORIA
2008-09-26T00:19:30,310344000,54.33835,-131.0971333,0,153.1,21.4,154,9192351,ZCDA9,GOLDEN PRINCESS,16,VICTORIA
2008-09-26T00:19:18,310344000,54.33951667,-131.0981667,0,153.2,21.5,154,9192351,ZCDA9,GOLDEN PRINCESS,16,VICTORIA
2008-09-26T00:19:12,310344000,54.34005,-131.0986167,0,152.9,21.4,154,9192351,ZCDA9,GOLDEN PRINCESS,16,VICTORIA
2008-09-26T00:19:06,310344000,54.34048333,-131.0989833,0,153.1,21.4,154,9192351,ZCDA9,GOLDEN PRINCESS,16,VICTORIA
2008-09-26T00:18:42,310344000,54.34271667,-131.1009333,0,153.1,21.4,154,9192351,ZCDA9,GOLDEN PRINCESS,16,VICTORIA
2008-09-26T00:18:30,310344000,54.34365,-131.10175,0,152.9,21.4,154,9192351,ZCDA9,GOLDEN PRINCESS,16,VICTORIA
2008-09-26T00:18:18,310344000,54.34481667,-131.1027667,0,152.9,21.4,154,9192351,ZCDA9,GOLDEN PRINCESS,16,VICTORIA
2008-09-26T00:18:06,310344000,54.3459,-131.1037,0,152.9,21.4,154,9192351,ZCDA9,GOLDEN PRINCESS,16,VICTORIA
2008-09-26T00:18:00,310344000,54.3464,-131.1041833,0,153.1,21.4,154,9192351,ZCDA9,GOLDEN PRINCESS,16,VICTORIA
2008-09-26T00:17:54,310344000,54.34693333,-131.1046333,0,152.9,21.4,154,9192351,ZCDA9,GOLDEN PRINCESS,16,VICTORIA
2008-09-26T00:17:48,310344000,54.34746667,-131.1051,0,152.9,21.4,154,9192351,ZCDA9,GOLDEN PRINCESS,16,VICTORIA
2008-09-26T00:17:42,310344000,54.34798333,-131.1055667,0,152.9,21.4,154,9192351,ZCDA9,GOLDEN PRINCESS,16,VICTORIA
2008-09-26T00:17:30,310344000,54.34903333,-131.1065,0,152.9,21.4,154,9192351,ZCDA9,GOLDEN PRINCESS,16,VICTORIA
2008-09-26T00:17:24,310344000,54.34956667,-131.1069667,0,152.9,21.3,154,9192351,ZCDA9,GOLDEN PRINCESS,16,VICTORIA
2008-09-26T00:17:18,310344000,54.3501,-131.1074333,0,152.9,21.3,154,9192351,ZCDA9,GOLDEN PRINCESS,16,VICTORIA
2008-09-26T00:17:12,310344000,54.35051667,-131.1078,0,153.1,21.3,154,9192351,ZCDA9,GOLDEN PRINCESS,16,VICTORIA
2008-09-26T00:17:06,310344000,54.35103333,-131.10825,0,152.9,21.3,154,9192351,ZCDA9,GOLDEN PRINCESS,16,VICTORIA
2008-09-26T00:16:54,310344000,54.35208333,-131.1091833,0,152.9,21.3,154,9192351,ZCDA9,GOLDEN PRINCESS,16,VICTORIA
2008-09-26T00:16:42,310344000,54.35325,-131.1102167,0,152.9,21.3,154,9192351,ZCDA9,GOLDEN PRINCESS,16,VICTORIA
2008-09-26T00:16:36,310344000,54.35368333,-131.1105833,0,152.9,21.2,154,9192351,ZCDA9,GOLDEN PRINCESS,16,VICTORIA
2008-09-26T00:16:30,310344000,54.3543,-131.1111333,0,153.1,21.2,154,9192351,ZCDA9,GOLDEN PRINCESS,16,VICTORIA
2008-09-26T00:16:18,310344000,54.35535,-131.11205,0,152.9,21.2,154,9192351,ZCDA9,GOLDEN PRINCESS,16,VICTORIA
2008-09-26T00:16:12,310344000,54.35588333,-131.1125167,0,152.9,21.2,154,9192351,ZCDA9,GOLDEN PRINCESS,16,VICTORIA
2008-09-26T00:16:00,310344000,54.35693333,-131.1134333,0,153.1,21.2,154,9192351,ZCDA9,GOLDEN PRINCESS,16,VICTORIA
2008-09-26T00:15:18,310344000,54.36048333,-131.1165,0,153.1,21.1,154,9192351,ZCDA9,GOLDEN PRINCESS,16,VICTORIA
2008-09-26T00:14:54,310344000,54.36256667,-131.1182833,0,153.1,21.1,154,9192351,ZCDA9,GOLDEN PRINCESS,16,VICTORIA
2008-09-26T00:14:49,310344000,54.3631,-131.1187333,0,152.9,21.1,154,9192351,ZCDA9,GOLDEN PRINCESS,16,VICTORIA
2008-09-26T00:14:41,310344000,54.36371667,-131.1192833,0,152.9,21.1,154,9192351,ZCDA9,GOLDEN PRINCESS,16,VICTORIA
2008-09-26T00:14:30,310344000,54.36476667,-131.1202,0,153.1,21.1,154,9192351,ZCDA9,GOLDEN PRINCESS,16,VICTORIA
2008-09-26T00:14:24,310344000,54.36518333,-131.1205667,0,152.9,21.1,154,9192351,ZCDA9,GOLDEN PRINCESS,16,VICTORIA
2008-09-26T00:14:19,310344000,54.3658,-131.1211167,0,0.0,0.0,0,9192351,ZCDA9,GOLDEN PRINCESS,16,VICTORIA
2008-09-26T00:14:18,310344000,54.3658,-131.1211167,0,152.9,21.1,154,9192351,ZCDA9,GOLDEN PRINCESS,16,VICTORIA
2008-09-26T00:14:12,310344000,54.36631667,-131.1215833,0,152.9,21.1,154,9192351,ZCDA9,GOLDEN PRINCESS,16,VICTORIA
2008-09-26T00:14:06,310344000,54.36673333,-131.12195,0,153.1,21.1,154,9192351,ZCDA9,GOLDEN PRINCESS,16,VICTORIA
2008-09-26T00:13:54,310344000,54.36788333,-131.12295,0,152.9,21.1,154,9192351,ZCDA9,GOLDEN PRINCESS,16,VICTORIA
2008-09-26T00:13:42,310344000,54.36891667,-131.1238833,0,152.9,21.2,154,9192351,ZCDA9,GOLDEN PRINCESS,16,VICTORIA
2008-09-26T00:13:36,310344000,54.36933333,-131.12425,0,153.1,21.1,154,9192351,ZCDA9,GOLDEN PRINCESS,16,VICTORIA
2008-09-26T00:13:30,310344000,54.36986667,-131.1247,0,152.9,21.2,154,9192351,ZCDA9,GOLDEN PRINCESS,16,VICTORIA
2008-09-26T00:13:18,310344000,54.37093333,-131.1256167,0,153.1,21.2,154,9192351,ZCDA9,GOLDEN PRINCESS,16,VICTORIA
2008-09-26T00:13:12,310344000,54.37145,-131.1260667,0,152.9,21.2,154,9192351,ZCDA9,GOLDEN PRINCESS,16,VICTORIA
2008-09-26T00:13:06,310344000,54.37196667,-131.1265167,0,153.1,21.2,154,9192351,ZCDA9,GOLDEN PRINCESS,16,VICTORIA
2008-09-26T00:12:54,310344000,54.37303333,-131.12745,0,152.6,21.2,154,9192351,ZCDA9,GOLDEN PRINCESS,16,VICTORIA
2008-09-26T00:12:49,310344000,54.37355,-131.1279,0,152.9,21.2,154,9192351,ZCDA9,GOLDEN PRINCESS,16,VICTORIA
2008-09-26T00:12:41,310344000,54.37408333,-131.12835,0,153.1,21.3,154,9192351,ZCDA9,GOLDEN PRINCESS,16,VICTORIA
2008-09-26T00:12:30,310344000,54.37523333,-131.12935,0,152.9,21.3,154,9192351,ZCDA9,GOLDEN PRINCESS,16,VICTORIA
2008-09-26T00:12:13,310344000,54.37671667,-131.1306167,0,154.1,21.3,155,9192351,ZCDA9,GOLDEN PRINCESS,16,VICTORIA
2008-09-26T00:11:41,310344000,54.3795,-131.1329667,0,154.1,21.4,155,9192351,ZCDA9,GOLDEN PRINCESS,16,VICTORIA
2008-09-26T00:11:36,310344000,54.37991667,-131.1333333,0,154.1,21.4,155,9192351,ZCDA9,GOLDEN PRINCESS,16,VICTORIA
2008-09-26T00:11:30,310344000,54.38045,-131.1337833,0,153.1,21.4,154,9192351,ZCDA9,GOLDEN PRINCESS,16,VICTORIA
2008-09-26T00:11:24,310344000,54.38088333,-131.13415,0,152.9,21.5,155,9192351,ZCDA9,GOLDEN PRINCESS,16,VICTORIA
2008-09-26T00:11:18,310344000,54.38151667,-131.1347,0,153.2,21.5,154,9192351,ZCDA9,GOLDEN PRINCESS,16,VICTORIA
2008-09-26T00:11:06,310344000,54.38258333,-131.1356167,0,152.9,21.5,154,9192351,ZCDA9,GOLDEN PRINCESS,16,VICTORIA
2008-09-26T00:11:00,310344000,54.38311667,-131.1360667,0,153.2,21.5,154,9192351,ZCDA9,GOLDEN PRINCESS,16,VICTORIA
2008-09-26T00:10:48,310344000,54.38418333,-131.1369667,0,153.2,21.6,154,9192351,ZCDA9,GOLDEN PRINCESS,16,VICTORIA
2008-09-26T00:10:42,310344000,54.38485,-131.1375167,0,153.2,21.6,154,9192351,ZCDA9,GOLDEN PRINCESS,16,VICTORIA
2008-09-26T00:10:36,310344000,54.38526667,-131.1379,0,153.4,21.6,154,9192351,ZCDA9,GOLDEN PRINCESS,16,VICTORIA
2008-09-26T00:10:30,310344000,54.3858,-131.1383667,0,153.4,21.6,154,9192351,ZCDA9,GOLDEN PRINCESS,16,VICTORIA
2008-09-26T00:10:24,310344000,54.38635,-131.1388333,0,153.2,21.7,154,9192351,ZCDA9,GOLDEN PRINCESS,16,VICTORIA
2008-09-26T00:10:13,310344000,54.38741667,-131.1397667,0,153.7,21.7,154,9192351,ZCDA9,GOLDEN PRINCESS,16,VICTORIA
2008-09-26T00:10:06,310344000,54.38795,-131.1402333,0,153.7,21.7,154,9192351,ZCDA9,GOLDEN PRINCESS,16,VICTORIA
2008-09-26T00:10:00,310344000,54.38848333,-131.1407167,0,153.7,21.7,154,9192351,ZCDA9,GOLDEN PRINCESS,16,VICTORIA
2008-09-26T00:09:54,310344000,54.38903333,-131.1411833,0,153.7,21.7,154,9192351,ZCDA9,GOLDEN PRINCESS,16,VICTORIA
2008-09-26T00:09:48,310344000,54.38945,-131.14155,0,154.2,21.7,154,9192351,ZCDA9,GOLDEN PRINCESS,16,VICTORIA
2008-09-26T00:09:42,310344000,54.3901,-131.1420833,0,153.7,21.7,154,9192351,ZCDA9,GOLDEN PRINCESS,16,VICTORIA
2008-09-26T00:09:36,310344000,54.39063333,-131.14255,0,153.7,21.7,154,9192351,ZCDA9,GOLDEN PRINCESS,16,VICTORIA
2008-09-26T00:09:30,310344000,54.39118333,-131.143,0,154.0,21.7,154,9192351,ZCDA9,GOLDEN PRINCESS,16,VICTORIA
2008-09-26T00:09:24,310344000,54.39161667,-131.1433667,0,154.0,21.7,154,9192351,ZCDA9,GOLDEN PRINCESS,16,VICTORIA
2008-09-26T00:09:18,310344000,54.39215,-131.1438333,0,154.0,21.7,154,9192351,ZCDA9,GOLDEN PRINCESS,16,VICTORIA
2008-09-26T00:09:13,310344000,54.39268333,-131.1443167,0,153.7,21.7,154,9192351,ZCDA9,GOLDEN PRINCESS,16,VICTORIA
2008-09-26T00:09:06,310344000,54.39333333,-131.1448667,0,153.7,21.6,154,9192351,ZCDA9,GOLDEN PRINCESS,16,VICTORIA
2008-09-26T00:09:00,310344000,54.39388333,-131.1453167,0,154.0,21.6,154,9192351,ZCDA9,GOLDEN PRINCESS,16,VICTORIA
2008-09-26T00:08:54,310344000,54.39441667,-131.1457833,0,153.7,21.6,154,9192351,ZCDA9,GOLDEN PRINCESS,16,VICTORIA
2008-09-26T00:08:49,310344000,54.39496667,-131.1462333,0,153.7,21.6,154,9192351,ZCDA9,GOLDEN PRINCESS,16,VICTORIA
2008-09-26T00:08:42,310344000,54.3955,-131.1466833,0,154.0,21.6,154,9192351,ZCDA9,GOLDEN PRINCESS,16,VICTORIA
2008-09-26T00:08:36,310344000,54.39603333,-131.1471333,0,154.0,21.6,154,9192351,ZCDA9,GOLDEN PRINCESS,16,VICTORIA
2008-09-26T00:08:30,310344000,54.39656667,-131.1475833,0,153.4,21.6,154,9192351,ZCDA9,GOLDEN PRINCESS,16,VICTORIA
2008-09-26T00:08:24,310344000,54.3971,-131.14805,0,154.0,21.6,154,9192351,ZCDA9,GOLDEN PRINCESS,16,VICTORIA
2008-09-26T00:08:19,310344000,54.39765,-131.1485,0,0.0,0.0,0,9192351,ZCDA9,GOLDEN PRINCESS,16,VICTORIA
2008-09-26T00:08:18,310344000,54.39765,-131.1485,0,153.7,21.6,154,9192351,ZCDA9,GOLDEN PRINCESS,16,VICTORIA
2008-09-26T00:08:13,310344000,54.39806667,-131.1488667,0,153.7,21.6,154,9192351,ZCDA9,GOLDEN PRINCESS,16,VICTORIA
2008-09-26T00:08:06,310344000,54.39873333,-131.1494333,0,153.7,21.6,154,9192351,ZCDA9,GOLDEN PRINCESS,16,VICTORIA
2008-09-26T00:08:00,310344000,54.39926667,-131.1498833,0,154.0,21.6,154,9192351,ZCDA9,GOLDEN PRINCESS,16,VICTORIA
2008-09-26T00:07:54,310344000,54.3998,-131.15035,0,153.7,21.6,154,9192351,ZCDA9,GOLDEN PRINCESS,16,VICTORIA
2008-09-26T00:07:48,310344000,54.40023333,-131.1507,0,153.7,21.6,154,9192351,ZCDA9,GOLDEN PRINCESS,16,VICTORIA
2008-09-26T00:07:42,310344000,54.40086667,-131.1512667,0,153.7,21.6,154,9192351,ZCDA9,GOLDEN PRINCESS,16,VICTORIA
2008-09-26T00:07:36,310344000,54.4013,-131.1516333,0,153.7,21.5,154,9192351,ZCDA9,GOLDEN PRINCESS,16,VICTORIA
2008-09-26T00:07:30,310344000,54.40195,-131.1521667,0,153.7,21.5,154,9192351,ZCDA9,GOLDEN PRINCESS,16,VICTORIA
2008-09-26T00:07:18,310344000,54.4029,-131.1530167,0,153.4,21.5,154,9192351,ZCDA9,GOLDEN PRINCESS,16,VICTORIA
2008-09-26T00:07:13,310344000,54.40343333,-131.1534667,0,153.7,21.5,154,9192351,ZCDA9,GOLDEN PRINCESS,16,VICTORIA
2008-09-26T00:07:06,310344000,54.4041,-131.1540167,0,153.7,21.5,154,9192351,ZCDA9,GOLDEN PRINCESS,16,VICTORIA
2008-09-26T00:07:00,310344000,54.4045,-131.1543833,0,153.4,21.5,154,9192351,ZCDA9,GOLDEN PRINCESS,16,VICTORIA
2008-09-26T00:06:54,310344000,54.40503333,-131.15485,0,153.7,21.5,154,9192351,ZCDA9,GOLDEN PRINCESS,16,VICTORIA
2008-09-26T00:06:49,310344000,54.40556667,-131.1553,0,153.7,21.5,154,9192351,ZCDA9,GOLDEN PRINCESS,16,VICTORIA
2008-09-26T00:06:42,310344000,54.4061,-131.15575,0,153.4,21.5,154,9192351,ZCDA9,GOLDEN PRINCESS,16,VICTORIA
2008-09-26T00:06:36,310344000,54.40675,-131.1563,0,153.4,21.5,154,9192351,ZCDA9,GOLDEN PRINCESS,16,VICTORIA
2008-09-26T00:06:30,310344000,54.40728333,-131.15675,0,153.4,21.5,154,9192351,ZCDA9,GOLDEN PRINCESS,16,VICTORIA
2008-09-26T00:06:23,310344000,54.40781667,-131.1572167,0,153.4,21.5,154,9192351,ZCDA9,GOLDEN PRINCESS,16,VICTORIA
2008-09-26T00:06:18,310344000,54.40836667,-131.1576667,0,153.2,21.5,154,9192351,ZCDA9,GOLDEN PRINCESS,16,VICTORIA
2008-09-26T00:06:12,310344000,54.40876667,-131.1580333,0,153.2,21.5,154,9192351,ZCDA9,GOLDEN PRINCESS,16,VICTORIA
2008-09-26T00:06:00,310344000,54.40995,-131.1590333,0,153.2,21.5,154,9192351,ZCDA9,GOLDEN PRINCESS,16,VICTORIA
2008-09-26T00:05:54,310344000,54.41048333,-131.1595,0,153.2,21.5,154,9192351,ZCDA9,GOLDEN PRINCESS,16,VICTORIA
2008-09-26T00:05:49,310344000,54.4109,-131.1598667,0,153.2,21.5,154,9192351,ZCDA9,GOLDEN PRINCESS,16,VICTORIA
2008-09-26T00:05:36,310344000,54.41196667,-131.1608,0,152.9,21.5,154,9192351,ZCDA9,GOLDEN PRINCESS,16,VICTORIA
2008-09-26T00:05:30,310344000,54.41261667,-131.1613667,0,153.4,21.5,154,9192351,ZCDA9,GOLDEN PRINCESS,16,VICTORIA
2008-09-26T00:05:24,310344000,54.41315,-131.1618333,0,153.2,21.5,154,9192351,ZCDA9,GOLDEN PRINCESS,16,VICTORIA
2008-09-26T00:05:18,310344000,54.41356667,-131.1622,0,153.2,21.5,154,9192351,ZCDA9,GOLDEN PRINCESS,16,VICTORIA
2008-09-26T00:05:12,310344000,54.41411667,-131.1626667,0,152.9,21.5,154,9192351,ZCDA9,GOLDEN PRINCESS,16,VICTORIA
2008-09-26T00:05:06,310344000,54.41465,-131.1631333,0,153.2,21.5,154,9192351,ZCDA9,GOLDEN PRINCESS,16,VICTORIA
2008-09-26T00:05:00,310344000,54.41518333,-131.1635833,0,153.4,21.5,154,9192351,ZCDA9,GOLDEN PRINCESS,16,VICTORIA
2008-09-26T00:04:49,310344000,54.41625,-131.1645,0,153.2,21.5,154,9192351,ZCDA9,GOLDEN PRINCESS,16,VICTORIA
2008-09-26T00:04:42,310344000,54.41676667,-131.1649833,0,153.2,21.5,154,9192351,ZCDA9,GOLDEN PRINCESS,16,VICTORIA
2008-09-26T00:04:36,310344000,54.41728333,-131.1654333,0,153.2,21.5,154,9192351,ZCDA9,GOLDEN PRINCESS,16,VICTORIA
2008-09-26T00:04:24,310344000,54.41846667,-131.1664667,0,153.2,21.5,154,9192351,ZCDA9,GOLDEN PRINCESS,16,VICTORIA
2008-09-26T00:04:18,310344000,54.419,-131.1669167,0,153.2,21.5,154,9192351,ZCDA9,GOLDEN PRINCESS,16,VICTORIA
2008-09-26T00:04:12,310344000,54.41951667,-131.1673833,0,152.9,21.5,154,9192351,ZCDA9,GOLDEN PRINCESS,16,VICTORIA
2008-09-26T00:03:59,310344000,54.42056667,-131.1683167,0,152.9,21.5,154,9192351,ZCDA9,GOLDEN PRINCESS,16,VICTORIA
2008-09-26T00:03:54,310344000,54.4211,-131.1687667,0,152.9,21.5,154,9192351,ZCDA9,GOLDEN PRINCESS,16,VICTORIA
2008-09-26T00:03:48,310344000,54.42153333,-131.16915,0,153.1,21.4,154,9192351,ZCDA9,GOLDEN PRINCESS,16,VICTORIA
2008-09-26T00:03:42,310344000,54.42206667,-131.1696167,0,153.1,21.4,154,9192351,ZCDA9,GOLDEN PRINCESS,16,VICTORIA
2008-09-26T00:03:36,310344000,54.4226,-131.1700667,0,152.6,21.5,154,9192351,ZCDA9,GOLDEN PRINCESS,16,VICTORIA
2008-09-26T00:03:06,310344000,54.42523333,-131.1724,0,152.9,21.4,154,9192351,ZCDA9,GOLDEN PRINCESS,16,VICTORIA
2008-09-26T00:02:59,310344000,54.42576667,-131.1728667,0,152.9,21.4,154,9192351,ZCDA9,GOLDEN PRINCESS,16,VICTORIA
2008-09-26T00:02:54,310344000,54.4263,-131.1733333,0,152.9,21.4,154,9192351,ZCDA9,GOLDEN PRINCESS,16,VICTORIA
2008-09-26T00:02:48,310344000,54.42683333,-131.1738,0,152.6,21.4,154,9192351,ZCDA9,GOLDEN PRINCESS,16,VICTORIA
2008-09-26T00:02:42,310344000,54.42735,-131.17425,0,152.9,21.4,154,9192351,ZCDA9,GOLDEN PRINCESS,16,VICTORIA
2008-09-26T00:02:36,310344000,54.42788333,-131.1747167,0,152.9,21.4,154,9192351,ZCDA9,GOLDEN PRINCESS,16,VICTORIA
2008-09-26T00:02:30,310344000,54.42851667,-131.1752667,0,152.9,21.4,154,9192351,ZCDA9,GOLDEN PRINCESS,16,VICTORIA
2008-09-26T00:02:24,310344000,54.42893333,-131.17565,0,152.9,21.3,154,9192351,ZCDA9,GOLDEN PRINCESS,16,VICTORIA
2008-09-26T00:02:22,310344000,54.42956667,-131.1762,0,0.0,0.0,0,9192351,ZCDA9,GOLDEN PRINCESS,16,VICTORIA
2008-09-26T00:02:18,310344000,54.42956667,-131.1762,0,152.9,21.3,154,9192351,ZCDA9,GOLDEN PRINCESS,16,VICTORIA
2008-09-26T00:02:12,310344000,54.42998333,-131.1765833,0,152.9,21.3,154,9192351,ZCDA9,GOLDEN PRINCESS,16,VICTORIA
2008-09-26T00:02:06,310344000,54.43051667,-131.1770667,0,152.6,21.3,154,9192351,ZCDA9,GOLDEN PRINCESS,16,VICTORIA
2008-09-26T00:01:59,310344000,54.43113333,-131.1776167,0,152.9,21.3,154,9192351,ZCDA9,GOLDEN PRINCESS,16,VICTORIA
2008-09-26T00:01:54,310344000,54.43156667,-131.178,0,152.6,21.3,154,9192351,ZCDA9,GOLDEN PRINCESS,16,VICTORIA
2008-09-26T00:01:48,310344000,54.43208333,-131.1784667,0,152.6,21.3,154,9192351,ZCDA9,GOLDEN PRINCESS,16,VICTORIA
2008-09-26T00:01:42,310344000,54.43261667,-131.1789167,0,152.9,21.3,154,9192351,ZCDA9,GOLDEN PRINCESS,16,VICTORIA
2008-09-26T00:01:36,310344000,54.43313333,-131.1793833,0,152.6,21.3,154,9192351,ZCDA9,GOLDEN PRINCESS,16,VICTORIA
2008-09-26T00:01:30,310344000,54.43366667,-131.17985,0,152.6,21.3,154,9192351,ZCDA9,GOLDEN PRINCESS,16,VICTORIA
2008-09-26T00:01:24,310344000,54.43408333,-131.1802167,0,152.6,21.3,154,9192351,ZCDA9,GOLDEN PRINCESS,16,VICTORIA
2008-09-26T00:01:18,310344000,54.43473333,-131.1807833,0,152.9,21.3,154,9192351,ZCDA9,GOLDEN PRINCESS,16,VICTORIA
2008-09-26T00:01:06,310344000,54.43576667,-131.1817,0,152.6,21.3,154,9192351,ZCDA9,GOLDEN PRINCESS,16,VICTORIA
2008-09-26T00:00:59,310344000,54.43628333,-131.1821667,0,152.6,21.3,154,9192351,ZCDA9,GOLDEN PRINCESS,16,VICTORIA
2008-09-26T00:00:54,310344000,54.43681667,-131.1826333,0,152.6,21.3,154,9192351,ZCDA9,GOLDEN PRINCESS,16,VICTORIA
2008-09-26T00:00:48,310344000,54.43733333,-131.1831,0,152.3,21.3,154,9192351,ZCDA9,GOLDEN PRINCESS,16,VICTORIA
2008-09-26T00:00:42,310344000,54.43798333,-131.18365,0,152.6,21.3,154,9192351,ZCDA9,GOLDEN PRINCESS,16,VICTORIA
2008-09-26T00:00:36,310344000,54.4384,-131.1840167,0,152.6,21.3,154,9192351,ZCDA9,GOLDEN PRINCESS,16,VICTORIA
2008-09-26T00:00:30,310344000,54.43903333,-131.1845833,0,152.3,21.3,154,9192351,ZCDA9,GOLDEN PRINCESS,16,VICTORIA
2008-09-26T00:00:24,310344000,54.43945,-131.18495,0,152.6,21.3,154,9192351,ZCDA9,GOLDEN PRINCESS,16,VICTORIA
2008-09-26T00:00:18,310344000,54.43995,-131.1854333,0,152.6,21.3,154,9192351,ZCDA9,GOLDEN PRINCESS,16,VICTORIA
2008-09-26T00:00:12,310344000,54.4405,-131.1858833,0,152.3,21.3,154,9192351,ZCDA9,GOLDEN PRINCESS,16,VICTORIA
2008-09-26T00:00:06,310344000,54.44101667,-131.1863667,0,152.6,21.3,154,9192351,ZCDA9,GOLDEN PRINCESS,16,VICTORIA
