index,date,boatName,mmsi,imo,portAfter,portBefore,ts_in,ts_out,timeTo,distTo,first_ts_in_next_port,mean_sog,max_sog,segment_id,LOA,GT,DWT,pax,Berths,Cabins ,Crew,Breadth
0,4/19/23,NORWEGIAN BLISS,311000710,9751509,Ketchikan,Skagway,2023-04-19 06:11:19-08:00,2023-04-19 14:34:25-08:00,15.86,299.58,2023-04-20 06:26:00-08:00,17.32295082,22.9,NORWEGIAN_BLISS_0006,333.32,168028,11700,4250,4200,,,42
1,4/26/23,NORWEGIAN BLISS,311000710,9751509,Ketchikan,Skagway,2023-04-26 06:13:39-08:00,2023-04-26 15:01:27-08:00,15.455,300.12,2023-04-27 06:28:45-08:00,18.00170213,23.5,NORWEGIAN_BLISS_0014,333.32,168028,11700,4250,4200,,,42
2,5/3/23,NORWEGIAN BLISS,311000710,9751509,Ketchikan,Skagway,2023-05-03 06:11:13-08:00,2023-05-03 14:49:12-08:00,15.646,301.55,2023-05-04 06:27:59-08:00,17.5762,22.9,NORWEGIAN_BLISS_0022,333.32,168028,11700,4250,4200,,,42
3,10/4/23,NORWEGIAN BLISS,311000710,9751509,Ketchikan,Skagway,2023-10-04 07:24:54-08:00,2023-10-04 15:28:45-08:00,14.521,301.59,2023-10-05 06:00:01-08:00,19.05393701,24.3,NORWEGIAN_BLISS_0234,333.32,168028,11700,4250,4200,,,42
4,10/11/23,NORWEGIAN BLISS,311000710,9751509,Ketchikan,Skagway,2023-10-11 07:40:02-08:00,2023-10-11 15:14:09-08:00,14.883,299.84,2023-10-12 06:07:09-08:00,18.30770677,23.5,NORWEGIAN_BLISS_0242,333.32,168028,11700,4250,4200,,,42
5,10/18/23,NORWEGIAN BLISS,311000710,9751509,Ketchikan,Skagway,2023-10-18 07:58:35-08:00,2023-10-18 15:45:29-08:00,15.151,300.76,2023-10-19 06:54:33-08:00,18.31257606,23.7,NORWEGIAN_BLISS_0250,333.32,168028,11700,4250,4200,,,42
6,10/25/23,NORWEGIAN BLISS,311000710,9751509,Ketchikan,Skagway,2023-10-25 08:04:14-08:00,2023-10-25 15:37:12-08:00,14.574,302.12,2023-10-26 06:11:37-08:00,18.46273063,24.3,NORWEGIAN_BLISS_0256,333.32,168028,11700,4250,4200,,,42
18,5/2/23,EURODAM,245206000,9378448,Icy Strait Point,Juneau,2023-05-02 06:35:16-08:00,2023-05-02 15:18:13-08:00,1.997,28.03,2023-05-02 17:18:01-08:00,13.65405405,16.1,EURODAM_0004,285.43,86273,9125,,,,,32.26
19,5/9/23,EURODAM,245206000,9378448,Icy Strait Point,Juneau,2023-05-09 06:39:30-08:00,2023-05-09 15:46:52-08:00,1.702,27.53,2023-05-09 17:29:00-08:00,15.27087379,19.6,EURODAM_0014,285.43,86273,9125,,,,,32.26
20,5/16/23,EURODAM,245206000,9378448,Icy Strait Point,Juneau,2023-05-16 06:32:58-08:00,2023-05-16 15:30:02-08:00,1.786,28.53,2023-05-16 17:17:13-08:00,14.98591549,18.7,EURODAM_0024,285.43,86273,9125,,,,,32.26
21,5/23/23,EURODAM,245206000,9378448,Icy Strait Point,Juneau,2023-05-23 06:34:15-08:00,2023-05-23 15:38:58-08:00,1.745,27.57,2023-05-23 17:23:39-08:00,15.36538462,17.6,EURODAM_0034,285.43,86273,9125,,,,,32.26
22,6/6/23,EURODAM,245206000,9378448,Icy Strait Point,Juneau,2023-06-06 06:38:06-08:00,2023-06-06 15:17:34-08:00,1.853,27.79,2023-06-06 17:08:45-08:00,15.10431034,18.8,EURODAM_0052,285.43,86273,9125,,,,,32.26
23,6/13/23,EURODAM,245206000,9378448,Icy Strait Point,Juneau,2023-06-13 06:31:32-08:00,2023-06-13 15:50:26-08:00,1.621,28.33,2023-06-13 17:27:43-08:00,16.77610619,19.8,EURODAM_0062,285.43,86273,9125,,,,,32.26
24,6/20/23,EURODAM,245206000,9378448,Icy Strait Point,Juneau,2023-06-20 06:33:33-08:00,2023-06-20 15:40:23-08:00,1.768,28.03,2023-06-20 17:26:28-08:00,14.84732143,19.3,EURODAM_0072,285.43,86273,9125,,,,,32.26
25,6/27/23,EURODAM,245206000,9378448,Icy Strait Point,Juneau,2023-06-27 06:33:01-08:00,2023-06-27 15:31:34-08:00,1.799,28.04,2023-06-27 17:19:30-08:00,16.01983471,18.1,EURODAM_0082,285.43,86273,9125,,,,,32.26
26,7/4/23,EURODAM,245206000,9378448,Icy Strait Point,Juneau,2023-07-04 06:33:32-08:00,2023-07-04 15:39:52-08:00,1.681,28.07,2023-07-04 17:20:43-08:00,15.89908257,19.7,EURODAM_0092,285.43,86273,9125,,,,,32.26
27,7/11/23,EURODAM,245206000,9378448,Icy Strait Point,Juneau,2023-07-11 06:33:34-08:00,2023-07-11 15:32:28-08:00,1.74,27.75,2023-07-11 17:16:53-08:00,15.55196078,17.8,EURODAM_0102,285.43,86273,9125,,,,,32.26
28,7/18/23,EURODAM,245206000,9378448,Icy Strait Point,Juneau,2023-07-18 06:39:47-08:00,2023-07-18 15:30:46-08:00,1.937,27.76,2023-07-18 17:27:01-08:00,13.27631579,16.4,EURODAM_0112,285.43,86273,9125,,,,,32.26
29,7/25/23,EURODAM,245206000,9378448,Icy Strait Point,Juneau,2023-07-25 06:34:33-08:00,2023-07-25 15:17:03-08:00,1.939,28.1,2023-07-25 17:13:22-08:00,14.38389831,20.1,EURODAM_0122,285.43,86273,9125,,,,,32.26
30,8/1/23,EURODAM,245206000,9378448,Icy Strait Point,Juneau,2023-08-01 06:41:36-08:00,2023-08-01 15:13:22-08:00,2.033,29.17,2023-08-01 17:15:19-08:00,13.87372263,18.6,EURODAM_0132,285.43,86273,9125,,,,,32.26
31,8/8/23,EURODAM,245206000,9378448,Icy Strait Point,Juneau,2023-08-08 06:27:28-08:00,2023-08-08 15:16:36-08:00,1.912,28.1,2023-08-08 17:11:18-08:00,14.15363636,16.9,EURODAM_0142,285.43,86273,9125,,,,,32.26
32,8/15/23,EURODAM,245206000,9378448,Icy Strait Point,Juneau,2023-08-15 06:30:55-08:00,2023-08-15 15:16:18-08:00,1.925,27.93,2023-08-15 17:11:47-08:00,13.49846154,17.3,EURODAM_0152,285.43,86273,9125,,,,,32.26
33,8/22/23,EURODAM,245206000,9378448,Icy Strait Point,Juneau,2023-08-22 06:31:29-08:00,2023-08-22 15:16:58-08:00,1.869,28.12,2023-08-22 17:09:06-08:00,14.20793651,17.6,EURODAM_0162,285.43,86273,9125,,,,,32.26
34,8/29/23,EURODAM,245206000,9378448,Icy Strait Point,Juneau,2023-08-29 06:32:33-08:00,2023-08-29 15:13:22-08:00,1.94,28.32,2023-08-29 17:09:46-08:00,14.11587302,18.2,EURODAM_0172,285.43,86273,9125,,,,,32.26
35,9/5/23,EURODAM,245206000,9378448,Icy Strait Point,Juneau,2023-09-05 06:33:33-08:00,2023-09-05 15:28:31-08:00,1.681,28.34,2023-09-05 17:09:24-08:00,16.1017094,20.3,EURODAM_0182,285.43,86273,9125,,,,,32.26
36,9/12/23,EURODAM,245206000,9378448,Icy Strait Point,Juneau,2023-09-12 06:34:14-08:00,2023-09-12 14:59:25-08:00,1.873,27.87,2023-09-12 16:51:49-08:00,13.98632479,16.7,EURODAM_0192,285.43,86273,9125,,,,,32.26
37,9/19/23,EURODAM,245206000,9378448,Icy Strait Point,Ketchikan,2023-09-19 06:51:56-08:00,2023-09-19 15:12:27-08:00,1.663,28.17,2023-09-19 16:52:15-08:00,15.95689655,19.4,EURODAM_0200,285.43,86273,9125,,,,,32.26
38,9/26/23,EURODAM,245206000,9378448,Icy Strait Point,Juneau,2023-09-26 07:01:43-08:00,2023-09-26 14:57:09-08:00,1.814,27.96,2023-09-26 16:46:00-08:00,14.32882883,19.9,EURODAM_0210,285.43,86273,9125,,,,,32.26
39,10/3/23,EURODAM,245206000,9378448,Icy Strait Point,Juneau,2023-10-03 07:13:18-08:00,2023-10-03 15:18:19-08:00,1.629,28.18,2023-10-03 16:56:02-08:00,15.97094017,19.7,EURODAM_0220,285.43,86273,9125,,,,,32.26
40,5/4/23,NIEUW AMSTERDAM,246648000,9378450,Ketchikan,Skagway,2023-05-04 05:59:19-08:00,2023-05-04 15:06:28-08:00,19.35,328.6,2023-05-05 10:27:29-08:00,16.21669903,22.8,NIEUW_AMSTERDAM_0006,285.22,86273,8754,2104,2104,1053,,32.24
41,5/15/23,NIEUW AMSTERDAM,246648000,9378450,Sitka,Valdez,2023-05-15 06:54:18-08:00,2023-05-15 18:15:10-08:00,12.238,122.38,2023-05-16 06:29:27-08:00,11.0157377,16.6,NIEUW_AMSTERDAM_0012,285.22,86273,8754,2104,2104,1053,,32.24
42,5/26/23,NIEUW AMSTERDAM,246648000,9378450,College Fjord,Skagway,2023-05-26 06:01:42-08:00,2023-05-26 15:00:45-08:00,26.431,462.44,2023-05-27 17:26:37-08:00,16.03822674,20.3,NIEUW_AMSTERDAM_0026,285.22,86273,8754,2104,2104,1053,,32.24
43,5/30/23,NIEUW AMSTERDAM,246648000,9378450,Skagway,Hubbard Glacier,2023-05-30 08:26:47-08:00,2023-05-30 18:31:14-08:00,10.108,116.57,2023-05-31 04:37:42-08:00,11.76882591,15.8,NIEUW_AMSTERDAM_0034,285.22,86273,8754,2104,2104,1053,,32.24
44,6/9/23,NIEUW AMSTERDAM,246648000,9378450,College Fjord,Skagway,2023-06-09 05:58:10-08:00,2023-06-09 15:08:05-08:00,26.72,462.61,2023-06-10 17:51:17-08:00,16.21022928,19.1,NIEUW_AMSTERDAM_0048,285.22,86273,8754,2104,2104,1053,,32.24
45,6/13/23,NIEUW AMSTERDAM,246648000,9378450,Skagway,Hubbard Glacier,2023-06-13 08:34:52-08:00,2023-06-13 18:31:47-08:00,10.113,117.83,2023-06-14 04:38:34-08:00,12.18521401,15.6,NIEUW_AMSTERDAM_0056,285.22,86273,8754,2104,2104,1053,,32.24
46,6/23/23,NIEUW AMSTERDAM,246648000,9378450,College Fjord,Skagway,2023-06-23 06:02:58-08:00,2023-06-23 14:58:59-08:00,26.516,462.48,2023-06-24 17:29:55-08:00,16.12486865,18.9,NIEUW_AMSTERDAM_0070,285.22,86273,8754,2104,2104,1053,,32.24
47,6/27/23,NIEUW AMSTERDAM,246648000,9378450,Skagway,Hubbard Glacier,2023-06-27 08:34:17-08:00,2023-06-27 18:19:26-08:00,10.285,117.27,2023-06-28 04:36:33-08:00,11.35953307,16.1,NIEUW_AMSTERDAM_0078,285.22,86273,8754,2104,2104,1053,,32.24
48,7/7/23,NIEUW AMSTERDAM,246648000,9378450,College Fjord,Skagway,2023-07-07 06:02:51-08:00,2023-07-07 15:11:23-08:00,26.561,463.41,2023-07-08 17:45:04-08:00,16.05819672,20.2,NIEUW_AMSTERDAM_0092,285.22,86273,8754,2104,2104,1053,,32.24
49,7/11/23,NIEUW AMSTERDAM,246648000,9378450,Skagway,Hubbard Glacier,2023-07-11 08:30:43-08:00,2023-07-11 18:33:22-08:00,10.019,117,2023-07-12 04:34:32-08:00,11.98253968,16,NIEUW_AMSTERDAM_0100,285.22,86273,8754,2104,2104,1053,,32.24
50,7/21/23,NIEUW AMSTERDAM,246648000,9378450,College Fjord,Skagway,2023-07-21 06:04:28-08:00,2023-07-21 14:58:20-08:00,26.882,462.25,2023-07-22 17:51:14-08:00,16.23733108,19.8,NIEUW_AMSTERDAM_0114,285.22,86273,8754,2104,2104,1053,,32.24
51,7/25/23,NIEUW AMSTERDAM,246648000,9378450,Skagway,Hubbard Glacier,2023-07-25 08:32:31-08:00,2023-07-25 18:25:38-08:00,10.123,116.84,2023-07-26 04:33:01-08:00,11.7025974,13.3,NIEUW_AMSTERDAM_0122,285.22,86273,8754,2104,2104,1053,,32.24
52,8/4/23,NIEUW AMSTERDAM,246648000,9378450,College Fjord,Skagway,2023-08-04 06:05:36-08:00,2023-08-04 15:27:50-08:00,26.136,462.94,2023-08-05 17:35:58-08:00,16.79165187,19.6,NIEUW_AMSTERDAM_0136,285.22,86273,8754,2104,2104,1053,,32.24
53,8/8/23,NIEUW AMSTERDAM,246648000,9378450,Skagway,Hubbard Glacier,2023-08-08 08:27:49-08:00,2023-08-08 18:18:59-08:00,10.258,117.05,2023-08-09 04:34:28-08:00,11.4645283,15.9,NIEUW_AMSTERDAM_0144,285.22,86273,8754,2104,2104,1053,,32.24
54,8/18/23,NIEUW AMSTERDAM,246648000,9378450,College Fjord,Skagway,2023-08-18 06:05:53-08:00,2023-08-18 15:04:35-08:00,26.552,462.52,2023-08-19 17:37:41-08:00,16.62512998,19.8,NIEUW_AMSTERDAM_0158,285.22,86273,8754,2104,2104,1053,,32.24
55,8/22/23,NIEUW AMSTERDAM,246648000,9378450,Skagway,Hubbard Glacier,2023-08-22 08:34:40-08:00,2023-08-22 18:29:33-08:00,10.068,118.43,2023-08-23 04:33:39-08:00,11.74319066,16.1,NIEUW_AMSTERDAM_0166,285.22,86273,8754,2104,2104,1053,,32.24
56,9/1/23,NIEUW AMSTERDAM,246648000,9378450,College Fjord,Skagway,2023-09-01 06:06:40-08:00,2023-09-01 15:11:15-08:00,26.772,463.35,2023-09-02 17:57:35-08:00,16.51626506,22.1,NIEUW_AMSTERDAM_0180,285.22,86273,8754,2104,2104,1053,,32.24
57,9/5/23,NIEUW AMSTERDAM,246648000,9378450,Skagway,Hubbard Glacier,2023-09-05 08:22:16-08:00,2023-09-05 18:31:41-08:00,10.009,117.02,2023-09-06 04:32:12-08:00,11.73837209,13.6,NIEUW_AMSTERDAM_0188,285.22,86273,8754,2104,2104,1053,,32.24
58,9/15/23,NIEUW AMSTERDAM,246648000,9378450,College Fjord,Skagway,2023-09-15 06:35:40-08:00,2023-09-15 15:14:29-08:00,26.314,462.26,2023-09-16 17:33:19-08:00,17.47948113,21.3,NIEUW_AMSTERDAM_0202,285.22,86273,8754,2104,2104,1053,,32.24
59,9/19/23,NIEUW AMSTERDAM,246648000,9378450,Skagway,Hubbard Glacier,2023-09-19 08:28:37-08:00,2023-09-19 18:27:43-08:00,10.627,117.36,2023-09-20 05:05:20-08:00,10.92222222,14.4,NIEUW_AMSTERDAM_0210,285.22,86273,8754,2104,2104,1053,,32.24
60,9/28/23,NIEUW AMSTERDAM,246648000,9378450,Ketchikan,Skagway,2023-09-28 07:26:49-08:00,2023-09-28 16:17:57-08:00,18.153,324.11,2023-09-29 10:27:08-08:00,17.00923695,22.7,NIEUW_AMSTERDAM_0222,285.22,86273,8754,2104,2104,1053,,32.24
103,5/5/23,NORWEGIAN SPIRIT,311746000,9141065,Skagway,Icy Strait Point,2023-05-05 08:00:54-08:00,2023-05-05 16:57:36-08:00,13.817,144.52,2023-05-06 06:46:37-08:00,10.37574124,11.3,NORWEGIAN_SPIRIT_0004,268.6,75904,8530,2800,1966,982,,32.3
104,9/2/23,NORWEGIAN SPIRIT,311746000,9141065,Juneau,Ketchikan,2023-09-02 09:08:00-08:00,2023-09-02 17:55:54-08:00,12.761,132.85,2023-09-03 06:41:34-08:00,10.50532787,13,NORWEGIAN_SPIRIT_0186,268.6,75904,8530,2800,1966,982,,32.3
7,5/6/23,NORWEGIAN JEWEL,311827000,9304045,Hubbard Glacier,Skagway,2023-05-06 06:10:05-08:00,2023-05-06 14:41:51-08:00,16.981,191.81,2023-05-07 07:40:43-08:00,12.48736842,18,NORWEGIAN_JEWEL_0012,294.13,93502,7500,2376,2376,1188,1100,37.88
8,5/20/23,NORWEGIAN JEWEL,311827000,9304045,Hubbard Glacier,Skagway,2023-05-20 06:02:14-08:00,2023-05-20 15:08:42-08:00,15.424,191.88,2023-05-21 06:34:07-08:00,13.56774194,19.6,NORWEGIAN_JEWEL_0036,294.13,93502,7500,2376,2376,1188,1100,37.88
9,6/3/23,NORWEGIAN JEWEL,311827000,9304045,Hubbard Glacier,Skagway,2023-06-03 06:04:51-08:00,2023-06-03 14:50:16-08:00,15.635,191.78,2023-06-04 06:28:23-08:00,13.76610169,20.2,NORWEGIAN_JEWEL_0062,294.13,93502,7500,2376,2376,1188,1100,37.88
10,6/17/23,NORWEGIAN JEWEL,311827000,9304045,Hubbard Glacier,Skagway,2023-06-17 06:04:42-08:00,2023-06-17 15:14:47-08:00,14.993,193.1,2023-06-18 06:14:21-08:00,13.83167539,20,NORWEGIAN_JEWEL_0086,294.13,93502,7500,2376,2376,1188,1100,37.88
11,7/1/23,NORWEGIAN JEWEL,311827000,9304045,Hubbard Glacier,Skagway,2023-07-01 05:59:53-08:00,2023-07-01 15:01:26-08:00,15.248,192.9,2023-07-02 06:16:18-08:00,13.60322581,19,NORWEGIAN_JEWEL_0110,294.13,93502,7500,2376,2376,1188,1100,37.88
12,7/15/23,NORWEGIAN JEWEL,311827000,9304045,Hubbard Glacier,Skagway,2023-07-15 06:01:18-08:00,2023-07-15 15:33:42-08:00,14.937,194.22,2023-07-16 06:29:55-08:00,13.26693122,16.5,NORWEGIAN_JEWEL_0134,294.13,93502,7500,2376,2376,1188,1100,37.88
13,7/29/23,NORWEGIAN JEWEL,311827000,9304045,Hubbard Glacier,Skagway,2023-07-29 05:56:22-08:00,2023-07-29 15:24:39-08:00,15.206,194.13,2023-07-30 06:37:02-08:00,12.69455587,14.9,NORWEGIAN_JEWEL_0158,294.13,93502,7500,2376,2376,1188,1100,37.88
14,8/12/23,NORWEGIAN JEWEL,311827000,9304045,Hubbard Glacier,Skagway,2023-08-12 06:07:40-08:00,2023-08-12 15:34:55-08:00,14.599,194.62,2023-08-13 06:10:50-08:00,13.1197397,15.4,NORWEGIAN_JEWEL_0182,294.13,93502,7500,2376,2376,1188,1100,37.88
15,8/26/23,NORWEGIAN JEWEL,311827000,9304045,Hubbard Glacier,Skagway,2023-08-26 06:08:36-08:00,2023-08-26 15:31:49-08:00,15.52,193.63,2023-08-27 07:03:00-08:00,12.19792285,15,NORWEGIAN_JEWEL_0206,294.13,93502,7500,2376,2376,1188,1100,37.88
16,9/9/23,NORWEGIAN JEWEL,311827000,9304045,Icy Strait Point,Skagway,2023-09-09 06:23:49-08:00,2023-09-09 13:27:08-08:00,1.583,27.23,2023-09-09 15:02:06-08:00,15.37606838,19.6,NORWEGIAN_JEWEL_0230,294.13,93502,7500,2376,2376,1188,1100,37.88
17,9/23/23,NORWEGIAN JEWEL,311827000,9304045,Hubbard Glacier,Skagway,2023-09-23 06:46:45-08:00,2023-09-23 15:55:07-08:00,16.022,192.17,2023-09-24 07:56:26-08:00,12.57176471,16.7,NORWEGIAN_JEWEL_0256,294.13,93502,7500,2376,2376,1188,1100,37.88
193,5/6/23,SAPPHIRE PRINCESS,235103357,9228186,Sitka,Skagway,2023-05-06 06:28:00-08:00,2023-05-06 15:25:58-08:00,14.444,161.85,2023-05-07 05:52:35-08:00,11.46597222,17.9,SAPPHIRE_PRINCESS_0016,290,115875,6750,2600,3100,,,37.5
194,5/14/23,SAPPHIRE PRINCESS,235103357,9228186,Ketchikan,Skagway,2023-05-14 06:05:01-08:00,2023-05-14 15:13:41-08:00,15.414,301.74,2023-05-15 06:38:30-08:00,17.58568507,22.4,SAPPHIRE_PRINCESS_0028,290,115875,6750,2600,3100,,,37.5
195,5/22/23,SAPPHIRE PRINCESS,235103357,9228186,College Fjord,Skagway,2023-05-22 06:06:23-08:00,2023-05-22 15:05:20-08:00,26.847,460.45,2023-05-23 17:56:10-08:00,16.20793854,19,SAPPHIRE_PRINCESS_0040,290,115875,6750,2600,3100,,,37.5
196,5/26/23,SAPPHIRE PRINCESS,235103357,9228186,Skagway,Hubbard Glacier,2023-05-26 09:29:07-08:00,2023-05-26 19:20:47-08:00,10.851,122.89,2023-05-27 06:11:49-08:00,11.20495868,13.8,SAPPHIRE_PRINCESS_0048,290,115875,6750,2600,3100,,,37.5
197,6/5/23,SAPPHIRE PRINCESS,235103357,9228186,College Fjord,Skagway,2023-06-05 06:07:54-08:00,2023-06-05 17:17:07-08:00,23.744,457.97,2023-06-06 17:01:46-08:00,17.46917713,23.1,SAPPHIRE_PRINCESS_0064,290,115875,6750,2600,3100,,,37.5
198,6/9/23,SAPPHIRE PRINCESS,235103357,9228186,Skagway,Hubbard Glacier,2023-06-09 09:31:09-08:00,2023-06-09 19:34:55-08:00,9.598,123.98,2023-06-10 05:10:48-08:00,12.80299145,14.2,SAPPHIRE_PRINCESS_0072,290,115875,6750,2600,3100,,,37.5
199,6/19/23,SAPPHIRE PRINCESS,235103357,9228186,College Fjord,Skagway,2023-06-19 06:18:19-08:00,2023-06-19 15:05:15-08:00,26.382,459.79,2023-06-20 17:28:12-08:00,16.34332298,22.1,SAPPHIRE_PRINCESS_0088,290,115875,6750,2600,3100,,,37.5
200,6/23/23,SAPPHIRE PRINCESS,235103357,9228186,Skagway,Hubbard Glacier,2023-06-23 09:26:35-08:00,2023-06-23 19:27:28-08:00,9.753,122.42,2023-06-24 05:12:39-08:00,12.26861925,13.6,SAPPHIRE_PRINCESS_0096,290,115875,6750,2600,3100,,,37.5
201,7/3/23,SAPPHIRE PRINCESS,235103357,9228186,College Fjord,Skagway,2023-07-03 06:14:03-08:00,2023-07-03 15:08:13-08:00,26.477,460.75,2023-07-04 17:36:50-08:00,16.60434783,20.7,SAPPHIRE_PRINCESS_0112,290,115875,6750,2600,3100,,,37.5
202,7/7/23,SAPPHIRE PRINCESS,235103357,9228186,Skagway,Hubbard Glacier,2023-07-07 09:30:39-08:00,2023-07-07 19:28:10-08:00,10.647,123.18,2023-07-08 06:06:59-08:00,11.27088123,14.3,SAPPHIRE_PRINCESS_0120,290,115875,6750,2600,3100,,,37.5
203,7/17/23,SAPPHIRE PRINCESS,235103357,9228186,College Fjord,Skagway,2023-07-17 06:10:43-08:00,2023-07-17 15:08:35-08:00,26.096,460.72,2023-07-18 17:14:20-08:00,16.9510101,20.4,SAPPHIRE_PRINCESS_0136,290,115875,6750,2600,3100,,,37.5
204,7/21/23,SAPPHIRE PRINCESS,235103357,9228186,Skagway,Hubbard Glacier,2023-07-21 09:22:54-08:00,2023-07-21 19:25:55-08:00,10.756,123.26,2023-07-22 06:11:15-08:00,11.30257353,13.3,SAPPHIRE_PRINCESS_0144,290,115875,6750,2600,3100,,,37.5
205,7/31/23,SAPPHIRE PRINCESS,235103357,9228186,College Fjord,Skagway,2023-07-31 06:12:31-08:00,2023-07-31 15:13:20-08:00,25.761,460.49,2023-08-01 16:59:01-08:00,17.30358362,21.3,SAPPHIRE_PRINCESS_0160,290,115875,6750,2600,3100,,,37.5
206,8/4/23,SAPPHIRE PRINCESS,235103357,9228186,Skagway,Hubbard Glacier,2023-08-04 09:24:30-08:00,2023-08-04 19:36:39-08:00,10.534,123.99,2023-08-05 06:08:42-08:00,11.76804511,14.4,SAPPHIRE_PRINCESS_0168,290,115875,6750,2600,3100,,,37.5
207,8/14/23,SAPPHIRE PRINCESS,235103357,9228186,College Fjord,Skagway,2023-08-14 06:08:00-08:00,2023-08-14 15:06:58-08:00,26.388,463,2023-08-15 17:30:14-08:00,17.13473945,24,SAPPHIRE_PRINCESS_0184,290,115875,6750,2600,3100,,,37.5
208,8/18/23,SAPPHIRE PRINCESS,235103357,9228186,Skagway,Hubbard Glacier,2023-08-18 09:20:21-08:00,2023-08-18 19:18:35-08:00,9.841,123.5,2023-08-19 05:09:01-08:00,12.31469388,14.1,SAPPHIRE_PRINCESS_0192,290,115875,6750,2600,3100,,,37.5
209,8/28/23,SAPPHIRE PRINCESS,235103357,9228186,College Fjord,Skagway,2023-08-28 06:11:20-08:00,2023-08-28 15:20:09-08:00,26.169,460.83,2023-08-29 17:30:18-08:00,16.76805324,21.3,SAPPHIRE_PRINCESS_0208,290,115875,6750,2600,3100,,,37.5
210,9/1/23,SAPPHIRE PRINCESS,235103357,9228186,Skagway,Hubbard Glacier,2023-09-01 09:19:12-08:00,2023-09-01 19:18:57-08:00,10.792,124.19,2023-09-02 06:06:27-08:00,11.1456869,14.3,SAPPHIRE_PRINCESS_0216,290,115875,6750,2600,3100,,,37.5
211,9/15/23,SAPPHIRE PRINCESS,235103357,9228186,Skagway,Hubbard Glacier,2023-09-15 09:19:42-08:00,2023-09-15 18:39:09-08:00,12.04,209.54,2023-09-16 06:41:34-08:00,16.4063745,21.1,SAPPHIRE_PRINCESS_0240,290,115875,6750,2600,3100,,,37.5
212,9/24/23,SAPPHIRE PRINCESS,235103357,9228186,Vancouver,Skagway,2023-09-24 06:50:29-08:00,2023-09-24 15:26:20-08:00,61.974,884.98,2023-09-27 05:24:48-08:00,13.80682432,21.6,SAPPHIRE_PRINCESS_0254,290,115875,6750,2600,3100,,,37.5
213,5/10/23,ROYAL PRINCESS,310661000,9584712,Ketchikan,Skagway,2023-05-10 06:12:40-08:00,2023-05-10 14:56:03-08:00,15.671,303.08,2023-05-11 06:36:19-08:00,17.86344828,21.9,ROYAL_PRINCESS_0020,329.87,142714,12512,,,,,44
214,5/17/23,ROYAL PRINCESS,310661000,9584712,Ketchikan,Skagway,2023-05-17 06:22:31-08:00,2023-05-17 14:44:39-08:00,15.557,303.27,2023-05-18 06:18:05-08:00,17.73020134,22.9,ROYAL_PRINCESS_0032,329.87,142714,12512,,,,,44
215,5/24/23,ROYAL PRINCESS,310661000,9584712,Ketchikan,Skagway,2023-05-24 06:23:18-08:00,2023-05-24 14:59:18-08:00,15.294,303.24,2023-05-25 06:16:58-08:00,18.57203579,22.8,ROYAL_PRINCESS_0046,329.87,142714,12512,,,,,44
216,5/31/23,ROYAL PRINCESS,310661000,9584712,Ketchikan,Skagway,2023-05-31 06:22:01-08:00,2023-05-31 14:45:41-08:00,16.403,303.64,2023-06-01 07:09:51-08:00,16.8229703,21.9,ROYAL_PRINCESS_0058,329.87,142714,12512,,,,,44
217,6/7/23,ROYAL PRINCESS,310661000,9584712,Ketchikan,Skagway,2023-06-07 06:07:58-08:00,2023-06-07 14:47:52-08:00,16.125,304.47,2023-06-08 06:55:22-08:00,17.65213483,21.3,ROYAL_PRINCESS_0070,329.87,142714,12512,,,,,44
218,6/14/23,ROYAL PRINCESS,310661000,9584712,Ketchikan,Skagway,2023-06-14 06:08:21-08:00,2023-06-14 14:32:21-08:00,15.691,304.3,2023-06-15 06:13:47-08:00,17.91241685,22.5,ROYAL_PRINCESS_0082,329.87,142714,12512,,,,,44
219,6/21/23,ROYAL PRINCESS,310661000,9584712,Ketchikan,Skagway,2023-06-21 06:09:54-08:00,2023-06-21 14:36:39-08:00,15.673,301.98,2023-06-22 06:17:02-08:00,18.04810427,23,ROYAL_PRINCESS_0094,329.87,142714,12512,,,,,44
220,6/28/23,ROYAL PRINCESS,310661000,9584712,Ketchikan,Skagway,2023-06-28 06:09:51-08:00,2023-06-28 14:29:48-08:00,15.85,302.03,2023-06-29 06:20:48-08:00,17.38257919,22.4,ROYAL_PRINCESS_0106,329.87,142714,12512,,,,,44
221,7/5/23,ROYAL PRINCESS,310661000,9584712,Ketchikan,Skagway,2023-07-05 06:11:21-08:00,2023-07-05 14:39:55-08:00,15.604,302.6,2023-07-06 06:16:11-08:00,18.20131579,23.8,ROYAL_PRINCESS_0118,329.87,142714,12512,,,,,44
222,7/12/23,ROYAL PRINCESS,310661000,9584712,Ketchikan,Skagway,2023-07-12 06:08:27-08:00,2023-07-12 14:36:45-08:00,15.716,305.59,2023-07-13 06:19:42-08:00,18.03747573,22.4,ROYAL_PRINCESS_0130,329.87,142714,12512,,,,,44
223,7/19/23,ROYAL PRINCESS,310661000,9584712,Ketchikan,Skagway,2023-07-19 06:14:41-08:00,2023-07-19 14:40:05-08:00,15.601,303.72,2023-07-20 06:16:08-08:00,17.94330357,23.6,ROYAL_PRINCESS_0142,329.87,142714,12512,,,,,44
224,7/26/23,ROYAL PRINCESS,310661000,9584712,Ketchikan,Skagway,2023-07-26 06:07:49-08:00,2023-07-26 14:34:47-08:00,15.705,300.89,2023-07-27 06:17:04-08:00,17.65263158,22.9,ROYAL_PRINCESS_0154,329.87,142714,12512,,,,,44
225,8/2/23,ROYAL PRINCESS,310661000,9584712,Ketchikan,Skagway,2023-08-02 06:10:17-08:00,2023-08-02 14:45:26-08:00,15.511,302.39,2023-08-03 06:16:06-08:00,18.05638767,23.3,ROYAL_PRINCESS_0166,329.87,142714,12512,,,,,44
226,8/9/23,ROYAL PRINCESS,310661000,9584712,Ketchikan,Skagway,2023-08-09 06:05:40-08:00,2023-08-09 14:27:58-08:00,15.862,304.71,2023-08-10 06:19:41-08:00,17.51905782,22.4,ROYAL_PRINCESS_0178,329.87,142714,12512,,,,,44
227,8/16/23,ROYAL PRINCESS,310661000,9584712,Ketchikan,Skagway,2023-08-16 06:10:01-08:00,2023-08-16 14:41:01-08:00,15.639,302.18,2023-08-17 06:19:23-08:00,18.17,22.9,ROYAL_PRINCESS_0192,329.87,142714,12512,,,,,44
228,8/23/23,ROYAL PRINCESS,310661000,9584712,Ketchikan,Skagway,2023-08-23 06:04:44-08:00,2023-08-23 14:30:08-08:00,15.713,302.97,2023-08-24 06:12:55-08:00,17.89494737,23.8,ROYAL_PRINCESS_0204,329.87,142714,12512,,,,,44
229,8/30/23,ROYAL PRINCESS,310661000,9584712,Ketchikan,Skagway,2023-08-30 06:11:12-08:00,2023-08-30 14:39:39-08:00,15.663,303.45,2023-08-31 06:19:25-08:00,18.35239234,22.8,ROYAL_PRINCESS_0216,329.87,142714,12512,,,,,44
230,9/6/23,ROYAL PRINCESS,310661000,9584712,Ketchikan,Skagway,2023-09-06 06:16:14-08:00,2023-09-06 14:31:58-08:00,15.74,303.88,2023-09-07 06:16:21-08:00,18.13648649,23,ROYAL_PRINCESS_0228,329.87,142714,12512,,,,,44
231,9/13/23,ROYAL PRINCESS,310661000,9584712,Ketchikan,Skagway,2023-09-13 06:37:04-08:00,2023-09-13 14:42:40-08:00,15.603,300.42,2023-09-14 06:18:49-08:00,17.6148847,22.8,ROYAL_PRINCESS_0242,329.87,142714,12512,,,,,44
232,9/20/23,ROYAL PRINCESS,310661000,9584712,Ketchikan,Skagway,2023-09-20 06:55:00-08:00,2023-09-20 15:10:40-08:00,15.6,302.59,2023-09-21 06:46:41-08:00,18.07866109,22.6,ROYAL_PRINCESS_0252,329.87,142714,12512,,,,,44
81,5/10/23,KONINGSDAM,244830547,9692557,Ketchikan,Skagway,2023-05-10 06:22:41-08:00,2023-05-10 15:47:14-08:00,18.443,304.4,2023-05-11 10:13:50-08:00,15.70795229,19.2,KONINGSDAM_0010,299.65,99836,9480,2650,,,,34.98
82,5/17/23,KONINGSDAM,244830547,9692557,Ketchikan,Skagway,2023-05-17 06:08:02-08:00,2023-05-17 15:29:56-08:00,19.103,302.93,2023-05-18 10:36:06-08:00,15.1729207,18.9,KONINGSDAM_0018,299.65,99836,9480,2650,,,,34.98
83,5/24/23,KONINGSDAM,244830547,9692557,Ketchikan,Skagway,2023-05-24 06:08:48-08:00,2023-05-24 15:39:17-08:00,18.454,303.05,2023-05-25 10:06:31-08:00,15.83087935,19,KONINGSDAM_0026,299.65,99836,9480,2650,,,,34.98
84,5/31/23,KONINGSDAM,244830547,9692557,Ketchikan,Skagway,2023-05-31 06:04:14-08:00,2023-05-31 15:21:33-08:00,18.882,304.99,2023-06-01 10:14:30-08:00,15.55972763,18.4,KONINGSDAM_0034,299.65,99836,9480,2650,,,,34.98
85,6/7/23,KONINGSDAM,244830547,9692557,Ketchikan,Skagway,2023-06-07 06:23:53-08:00,2023-06-07 15:34:06-08:00,17.955,301.11,2023-06-08 09:31:23-08:00,16.0100616,19.8,KONINGSDAM_0042,299.65,99836,9480,2650,,,,34.98
86,6/14/23,KONINGSDAM,244830547,9692557,Ketchikan,Skagway,2023-06-14 06:19:43-08:00,2023-06-14 15:20:50-08:00,18.429,302.87,2023-06-15 09:46:36-08:00,15.7815735,18.9,KONINGSDAM_0050,299.65,99836,9480,2650,,,,34.98
87,6/21/23,KONINGSDAM,244830547,9692557,Ketchikan,Skagway,2023-06-21 06:21:45-08:00,2023-06-21 15:22:48-08:00,18.669,304.28,2023-06-22 10:02:58-08:00,15.55578093,19.7,KONINGSDAM_0058,299.65,99836,9480,2650,,,,34.98
88,6/28/23,KONINGSDAM,244830547,9692557,Ketchikan,Skagway,2023-06-28 06:24:55-08:00,2023-06-28 15:26:21-08:00,18.799,303.72,2023-06-29 10:14:19-08:00,15.66136821,18.6,KONINGSDAM_0066,299.65,99836,9480,2650,,,,34.98
89,7/5/23,KONINGSDAM,244830547,9692557,Ketchikan,Skagway,2023-07-05 06:23:57-08:00,2023-07-05 15:34:42-08:00,17.938,302.58,2023-07-06 09:30:57-08:00,16.03790984,20.1,KONINGSDAM_0074,299.65,99836,9480,2650,,,,34.98
90,7/12/23,KONINGSDAM,244830547,9692557,Ketchikan,Skagway,2023-07-12 06:17:45-08:00,2023-07-12 15:25:01-08:00,18.833,304.61,2023-07-13 10:14:58-08:00,15.71364562,18.8,KONINGSDAM_0082,299.65,99836,9480,2650,,,,34.98
91,7/19/23,KONINGSDAM,244830547,9692557,Ketchikan,Skagway,2023-07-19 06:29:17-08:00,2023-07-19 15:22:09-08:00,18.495,303.45,2023-07-20 09:51:50-08:00,15.69570552,18.7,KONINGSDAM_0090,299.65,99836,9480,2650,,,,34.98
92,7/26/23,KONINGSDAM,244830547,9692557,Ketchikan,Skagway,2023-07-26 06:18:09-08:00,2023-07-26 14:43:46-08:00,19.254,302.81,2023-07-27 09:59:01-08:00,14.83365385,18.5,KONINGSDAM_0098,299.65,99836,9480,2650,,,,34.98
93,8/2/23,KONINGSDAM,244830547,9692557,Ketchikan,Skagway,2023-08-02 06:26:43-08:00,2023-08-02 15:28:58-08:00,17.563,301.87,2023-08-03 09:02:44-08:00,16.46202783,21.2,KONINGSDAM_0106,299.65,99836,9480,2650,,,,34.98
94,8/9/23,KONINGSDAM,244830547,9692557,Ketchikan,Skagway,2023-08-09 06:19:04-08:00,2023-08-09 15:20:23-08:00,18.345,303.06,2023-08-10 09:41:05-08:00,15.86623932,19.3,KONINGSDAM_0114,299.65,99836,9480,2650,,,,34.98
95,8/16/23,KONINGSDAM,244830547,9692557,Ketchikan,Skagway,2023-08-16 06:21:59-08:00,2023-08-16 15:39:39-08:00,17.866,303.24,2023-08-17 09:31:36-08:00,16.44961089,20.9,KONINGSDAM_0122,299.65,99836,9480,2650,,,,34.98
96,8/23/23,KONINGSDAM,244830547,9692557,Ketchikan,Skagway,2023-08-23 06:21:06-08:00,2023-08-23 15:37:23-08:00,17.973,304.49,2023-08-24 09:35:46-08:00,16.46487603,20.5,KONINGSDAM_0130,299.65,99836,9480,2650,,,,34.98
97,8/30/23,KONINGSDAM,244830547,9692557,Ketchikan,Skagway,2023-08-30 06:25:34-08:00,2023-08-30 15:30:23-08:00,18.806,305.93,2023-08-31 10:18:45-08:00,14.86596491,22.8,KONINGSDAM_0138,299.65,99836,9480,2650,,,,34.98
98,9/6/23,KONINGSDAM,244830547,9692557,Ketchikan,Skagway,2023-09-06 06:29:21-08:00,2023-09-06 15:19:23-08:00,18.331,304.01,2023-09-07 09:39:13-08:00,16.0932377,19.1,KONINGSDAM_0146,299.65,99836,9480,2650,,,,34.98
99,9/13/23,KONINGSDAM,244830547,9692557,Ketchikan,Skagway,2023-09-13 06:55:49-08:00,2023-09-13 15:48:02-08:00,17.963,304.09,2023-09-14 09:45:47-08:00,16.42810707,22.1,KONINGSDAM_0154,299.65,99836,9480,2650,,,,34.98
100,9/20/23,KONINGSDAM,244830547,9692557,Ketchikan,Skagway,2023-09-20 07:13:15-08:00,2023-09-20 16:48:09-08:00,17.032,302.53,2023-09-21 09:50:03-08:00,16.90787879,22.3,KONINGSDAM_0162,299.65,99836,9480,2650,,,,34.98
101,9/27/23,KONINGSDAM,244830547,9692557,Ketchikan,Skagway,2023-09-27 07:02:04-08:00,2023-09-27 17:52:10-08:00,16.288,303.71,2023-09-28 10:09:28-08:00,17.40536082,22.6,KONINGSDAM_0170,299.65,99836,9480,2650,,,,34.98
102,10/4/23,KONINGSDAM,244830547,9692557,Ketchikan,Juneau,2023-10-04 07:39:15-08:00,2023-10-04 15:59:53-08:00,18.036,303.52,2023-10-05 10:02:04-08:00,15.83634652,19.6,KONINGSDAM_0176,299.65,99836,9480,2650,,,,34.98
125,5/11/23,NORWEGIAN ENCORE,311000879,9751511,Ketchikan,Skagway,2023-05-11 06:05:34-08:00,2023-05-11 14:47:47-08:00,15.045,301.01,2023-05-12 05:50:28-08:00,17.93972056,23.1,NORWEGIAN_ENCORE_0006,333.44,169116,13332,,,,,45
126,5/18/23,NORWEGIAN ENCORE,311000879,9751511,Ketchikan,Skagway,2023-05-18 06:09:23-08:00,2023-05-18 14:47:46-08:00,14.808,299.75,2023-05-19 05:36:13-08:00,17.95557769,24.1,NORWEGIAN_ENCORE_0014,333.44,169116,13332,,,,,45
127,5/25/23,NORWEGIAN ENCORE,311000879,9751511,Ketchikan,Skagway,2023-05-25 06:05:54-08:00,2023-05-25 14:48:21-08:00,14.82,303.04,2023-05-26 05:37:33-08:00,17.8292887,23.5,NORWEGIAN_ENCORE_0022,333.44,169116,13332,,,,,45
128,6/1/23,NORWEGIAN ENCORE,311000879,9751511,Ketchikan,Skagway,2023-06-01 06:08:39-08:00,2023-06-01 14:41:50-08:00,14.956,299.6,2023-06-02 05:39:10-08:00,17.93731959,22.7,NORWEGIAN_ENCORE_0030,333.44,169116,13332,,,,,45
129,6/8/23,NORWEGIAN ENCORE,311000879,9751511,Ketchikan,Skagway,2023-06-08 06:12:34-08:00,2023-06-08 14:54:59-08:00,14.737,299.16,2023-06-09 05:39:11-08:00,18.40041841,24.3,NORWEGIAN_ENCORE_0038,333.44,169116,13332,,,,,45
130,6/15/23,NORWEGIAN ENCORE,311000879,9751511,Ketchikan,Skagway,2023-06-15 06:09:29-08:00,2023-06-15 14:48:20-08:00,14.913,300.9,2023-06-16 05:43:07-08:00,18.11228733,23.2,NORWEGIAN_ENCORE_0046,333.44,169116,13332,,,,,45
131,6/22/23,NORWEGIAN ENCORE,311000879,9751511,Ketchikan,Skagway,2023-06-22 06:08:24-08:00,2023-06-22 14:50:14-08:00,15.018,299.66,2023-06-23 05:51:20-08:00,18.10781893,23.8,NORWEGIAN_ENCORE_0054,333.44,169116,13332,,,,,45
132,6/29/23,NORWEGIAN ENCORE,311000879,9751511,Ketchikan,Skagway,2023-06-29 06:09:10-08:00,2023-06-29 14:49:16-08:00,14.821,301.06,2023-06-30 05:38:32-08:00,18.2105042,22.7,NORWEGIAN_ENCORE_0062,333.44,169116,13332,,,,,45
133,7/6/23,NORWEGIAN ENCORE,311000879,9751511,Ketchikan,Skagway,2023-07-06 06:03:09-08:00,2023-07-06 15:04:40-08:00,14.609,299.6,2023-07-07 05:41:13-08:00,18.41319588,24.8,NORWEGIAN_ENCORE_0070,333.44,169116,13332,,,,,45
134,7/13/23,NORWEGIAN ENCORE,311000879,9751511,Ketchikan,Skagway,2023-07-13 06:06:15-08:00,2023-07-13 14:41:15-08:00,14.947,299.65,2023-07-14 05:38:06-08:00,17.49544554,23.3,NORWEGIAN_ENCORE_0078,333.44,169116,13332,,,,,45
135,7/20/23,NORWEGIAN ENCORE,311000879,9751511,Ketchikan,Skagway,2023-07-20 06:03:07-08:00,2023-07-20 14:58:30-08:00,14.602,299.33,2023-07-21 05:34:37-08:00,18.38484848,23.7,NORWEGIAN_ENCORE_0086,333.44,169116,13332,,,,,45
136,7/27/23,NORWEGIAN ENCORE,311000879,9751511,Ketchikan,Skagway,2023-07-27 06:11:31-08:00,2023-07-27 15:00:41-08:00,13.806,300.5,2023-07-28 04:49:03-08:00,19.72398287,23.9,NORWEGIAN_ENCORE_0094,333.44,169116,13332,,,,,45
137,8/3/23,NORWEGIAN ENCORE,311000879,9751511,Ketchikan,Skagway,2023-08-03 06:06:10-08:00,2023-08-03 15:16:22-08:00,14.349,297.39,2023-08-04 05:37:17-08:00,18.91787234,24,NORWEGIAN_ENCORE_0104,333.44,169116,13332,,,,,45
138,8/10/23,NORWEGIAN ENCORE,311000879,9751511,Ketchikan,Skagway,2023-08-10 06:06:02-08:00,2023-08-10 14:52:52-08:00,14.927,303.14,2023-08-11 05:48:28-08:00,18.27608286,22.9,NORWEGIAN_ENCORE_0112,333.44,169116,13332,,,,,45
139,8/17/23,NORWEGIAN ENCORE,311000879,9751511,Ketchikan,Skagway,2023-08-17 06:05:35-08:00,2023-08-17 14:50:01-08:00,14.756,300.82,2023-08-18 05:35:24-08:00,18.38249497,23.3,NORWEGIAN_ENCORE_0120,333.44,169116,13332,,,,,45
140,8/24/23,NORWEGIAN ENCORE,311000879,9751511,Ketchikan,Skagway,2023-08-24 06:02:41-08:00,2023-08-24 14:48:50-08:00,14.861,300.96,2023-08-25 05:40:29-08:00,18.6195122,24.2,NORWEGIAN_ENCORE_0128,333.44,169116,13332,,,,,45
141,8/31/23,NORWEGIAN ENCORE,311000879,9751511,Ketchikan,Skagway,2023-08-31 06:01:12-08:00,2023-08-31 14:58:30-08:00,14.954,301.91,2023-09-01 05:55:45-08:00,18.27239488,23.9,NORWEGIAN_ENCORE_0136,333.44,169116,13332,,,,,45
142,9/7/23,NORWEGIAN ENCORE,311000879,9751511,Ketchikan,Skagway,2023-09-07 06:22:57-08:00,2023-09-07 14:16:41-08:00,14.253,298.37,2023-09-08 04:31:53-08:00,19.05817805,23.7,NORWEGIAN_ENCORE_0146,333.44,169116,13332,,,,,45
143,9/14/23,NORWEGIAN ENCORE,311000879,9751511,Ketchikan,Skagway,2023-09-14 06:39:26-08:00,2023-09-14 14:47:12-08:00,14.937,299.38,2023-09-15 05:43:25-08:00,18.38403194,25,NORWEGIAN_ENCORE_0154,333.44,169116,13332,,,,,45
144,9/21/23,NORWEGIAN ENCORE,311000879,9751511,Ketchikan,Juneau,2023-09-21 06:51:01-08:00,2023-09-21 14:50:10-08:00,14.913,298.8,2023-09-22 05:44:58-08:00,18.45591182,23.4,NORWEGIAN_ENCORE_0160,333.44,169116,13332,,,,,45
145,9/28/23,NORWEGIAN ENCORE,311000879,9751511,Ketchikan,Skagway,2023-09-28 07:05:56-08:00,2023-09-28 15:04:38-08:00,14.667,301.34,2023-09-29 05:44:40-08:00,18.75676768,24.3,NORWEGIAN_ENCORE_0170,333.44,169116,13332,,,,,45
146,10/5/23,NORWEGIAN ENCORE,311000879,9751511,Ketchikan,Skagway,2023-10-05 07:25:25-08:00,2023-10-05 15:16:18-08:00,15.062,300.45,2023-10-06 06:20:02-08:00,18.18307087,23.8,NORWEGIAN_ENCORE_0178,333.44,169116,13332,,,,,45
147,10/12/23,NORWEGIAN ENCORE,311000879,9751511,Ketchikan,Skagway,2023-10-12 07:36:14-08:00,2023-10-12 15:19:09-08:00,15.416,300.75,2023-10-13 06:44:07-08:00,17.99521452,22.9,NORWEGIAN_ENCORE_0186,333.44,169116,13332,,,,,45
148,10/19/23,NORWEGIAN ENCORE,311000879,9751511,Ketchikan,Skagway,2023-10-19 07:49:18-08:00,2023-10-19 16:00:01-08:00,14.496,302.04,2023-10-20 06:29:45-08:00,19.07232824,24,NORWEGIAN_ENCORE_0194,333.44,169116,13332,,,,,45
149,10/26/23,NORWEGIAN ENCORE,311000879,9751511,Ketchikan,Skagway,2023-10-26 08:04:12-08:00,2023-10-26 15:38:53-08:00,14.799,300.75,2023-10-27 06:26:51-08:00,18.21145631,24.7,NORWEGIAN_ENCORE_0202,333.44,169116,13332,,,,,45
61,5/11/23,GRAND PRINCESS,310327000,9104005,College Fjord,Skagway,2023-05-11 06:23:56-08:00,2023-05-11 15:15:33-08:00,25.988,466.25,2023-05-12 17:14:51-08:00,16.74795417,20,GRAND_PRINCESS_0012,289.52,108806,8418,3300,3300,,,36
62,5/15/23,GRAND PRINCESS,310327000,9104005,Skagway,Hubbard Glacier,2023-05-15 09:18:27-08:00,2023-05-15 19:38:04-08:00,9.373,117.59,2023-05-16 05:00:27-08:00,12.59308943,15.7,GRAND_PRINCESS_0020,289.52,108806,8418,3300,3300,,,36
63,5/25/23,GRAND PRINCESS,310327000,9104005,College Fjord,Skagway,2023-05-25 06:25:25-08:00,2023-05-25 15:31:34-08:00,25.792,466.41,2023-05-26 17:19:05-08:00,16.70548387,20.1,GRAND_PRINCESS_0034,289.52,108806,8418,3300,3300,,,36
64,5/29/23,GRAND PRINCESS,310327000,9104005,Skagway,Hubbard Glacier,2023-05-29 09:20:05-08:00,2023-05-29 19:31:27-08:00,9.446,119.65,2023-05-30 04:58:11-08:00,12.74,15.7,GRAND_PRINCESS_0042,289.52,108806,8418,3300,3300,,,36
65,6/8/23,GRAND PRINCESS,310327000,9104005,College Fjord,Skagway,2023-06-08 06:26:26-08:00,2023-06-08 16:22:36-08:00,24.997,465.16,2023-06-09 17:22:26-08:00,16.64201954,22,GRAND_PRINCESS_0056,289.52,108806,8418,3300,3300,,,36
66,6/12/23,GRAND PRINCESS,310327000,9104005,Skagway,Hubbard Glacier,2023-06-12 09:15:14-08:00,2023-06-12 19:34:05-08:00,9.189,118.26,2023-06-13 04:45:24-08:00,13.47252747,18.1,GRAND_PRINCESS_0064,289.52,108806,8418,3300,3300,,,36
67,6/22/23,GRAND PRINCESS,310327000,9104005,College Fjord,Skagway,2023-06-22 06:25:20-08:00,2023-06-22 15:40:17-08:00,25.648,462.86,2023-06-23 17:19:10-08:00,16.36267361,21,GRAND_PRINCESS_0078,289.52,108806,8418,3300,3300,,,36
68,6/26/23,GRAND PRINCESS,310327000,9104005,Skagway,Hubbard Glacier,2023-06-26 09:24:24-08:00,2023-06-26 19:23:41-08:00,9.495,119.27,2023-06-27 04:53:24-08:00,12.40595745,14.4,GRAND_PRINCESS_0086,289.52,108806,8418,3300,3300,,,36
69,7/6/23,GRAND PRINCESS,310327000,9104005,College Fjord,Skagway,2023-07-06 06:22:55-08:00,2023-07-06 15:50:42-08:00,25.398,465.42,2023-07-07 17:14:35-08:00,16.89657534,21,GRAND_PRINCESS_0100,289.52,108806,8418,3300,3300,,,36
70,7/10/23,GRAND PRINCESS,310327000,9104005,Skagway,Hubbard Glacier,2023-07-10 09:27:59-08:00,2023-07-10 19:20:46-08:00,9.591,118.57,2023-07-11 04:56:14-08:00,12.34353448,14.2,GRAND_PRINCESS_0108,289.52,108806,8418,3300,3300,,,36
71,7/20/23,GRAND PRINCESS,310327000,9104005,College Fjord,Skagway,2023-07-20 06:26:43-08:00,2023-07-20 15:36:47-08:00,25.58,465.09,2023-07-21 17:11:34-08:00,17.1862969,20.9,GRAND_PRINCESS_0122,289.52,108806,8418,3300,3300,,,36
72,7/24/23,GRAND PRINCESS,310327000,9104005,Skagway,Whittier,2023-07-24 09:20:00-08:00,2023-07-24 19:07:58-08:00,9.816,118.54,2023-07-25 04:56:57-08:00,12.17843137,13.6,GRAND_PRINCESS_0128,289.52,108806,8418,3300,3300,,,36
73,8/3/23,GRAND PRINCESS,310327000,9104005,College Fjord,Skagway,2023-08-03 06:24:07-08:00,2023-08-03 16:13:21-08:00,25.129,466.23,2023-08-04 17:21:06-08:00,17.51262295,21.9,GRAND_PRINCESS_0142,289.52,108806,8418,3300,3300,,,36
74,8/7/23,GRAND PRINCESS,310327000,9104005,Skagway,Hubbard Glacier,2023-08-07 09:27:35-08:00,2023-08-07 19:15:28-08:00,9.679,118.53,2023-08-08 04:56:14-08:00,12.04189723,16,GRAND_PRINCESS_0150,289.52,108806,8418,3300,3300,,,36
75,8/17/23,GRAND PRINCESS,310327000,9104005,College Fjord,Skagway,2023-08-17 06:22:20-08:00,2023-08-17 15:46:48-08:00,25.469,465.93,2023-08-18 17:14:58-08:00,16.85525903,21.1,GRAND_PRINCESS_0164,289.52,108806,8418,3300,3300,,,36
76,8/21/23,GRAND PRINCESS,310327000,9104005,Skagway,Hubbard Glacier,2023-08-21 09:17:36-08:00,2023-08-21 19:13:13-08:00,9.736,119.11,2023-08-22 04:57:23-08:00,12.08339768,13.2,GRAND_PRINCESS_0172,289.52,108806,8418,3300,3300,,,36
77,8/31/23,GRAND PRINCESS,310327000,9104005,College Fjord,Skagway,2023-08-31 06:23:16-08:00,2023-08-31 15:27:19-08:00,26.144,464.61,2023-09-01 17:35:58-08:00,16.53489933,21.8,GRAND_PRINCESS_0186,289.52,108806,8418,3300,3300,,,36
78,9/4/23,GRAND PRINCESS,310327000,9104005,Skagway,Whittier,2023-09-04 09:20:37-08:00,2023-09-04 19:15:03-08:00,9.643,118.36,2023-09-05 04:53:37-08:00,12.26472727,16.3,GRAND_PRINCESS_0192,289.52,108806,8418,3300,3300,,,36
79,9/14/23,GRAND PRINCESS,310327000,9104005,College Fjord,Skagway,2023-09-14 06:50:58-08:00,2023-09-14 15:41:22-08:00,25.122,465.67,2023-09-15 16:48:41-08:00,17.28003049,22.5,GRAND_PRINCESS_0206,289.52,108806,8418,3300,3300,,,36
80,9/18/23,GRAND PRINCESS,310327000,9104005,Skagway,College Fjord,2023-09-18 09:41:00-08:00,2023-09-18 18:39:30-08:00,10.516,118.78,2023-09-19 05:10:29-08:00,11.17851852,14,GRAND_PRINCESS_0214,289.52,108806,8418,3300,3300,,,36
150,5/12/23,RUBY PRINCESS,310567000,9378462,Ketchikan,Skagway,2023-05-12 06:03:34-08:00,2023-05-12 15:01:55-08:00,17.23,302.94,2023-05-13 08:15:44-08:00,16.775,20.7,RUBY_PRINCESS_0006,289.61,113561,8400,4800,,1549,,50.5
151,6/2/23,RUBY PRINCESS,310567000,9378462,Prince Rupert,Juneau,2023-06-02 06:02:19-08:00,2023-06-02 14:38:13-08:00,20.546,397.02,2023-06-03 11:10:57-08:00,17.2192429,22.7,RUBY_PRINCESS_0028,289.61,113561,8400,4800,,1549,,50.5
152,6/11/23,RUBY PRINCESS,310567000,9378462,Ketchikan,Skagway,2023-06-11 06:01:59-08:00,2023-06-11 14:26:22-08:00,17.256,304.96,2023-06-12 07:41:45-08:00,16.99021739,21.4,RUBY_PRINCESS_0036,289.61,113561,8400,4800,,1549,,50.5
153,7/1/23,RUBY PRINCESS,310567000,9378462,Ketchikan,Skagway,2023-07-01 06:23:34-08:00,2023-07-01 15:15:20-08:00,17.138,303.84,2023-07-02 08:23:35-08:00,16.88589212,20.6,RUBY_PRINCESS_0056,289.61,113561,8400,4800,,1549,,50.5
154,8/11/23,RUBY PRINCESS,310567000,9378462,Prince Rupert,Juneau,2023-08-11 06:05:59-08:00,2023-08-11 14:54:53-08:00,20.294,400.93,2023-08-12 11:12:31-08:00,17.10933544,22,RUBY_PRINCESS_0090,289.61,113561,8400,4800,,1549,,50.5
155,8/20/23,RUBY PRINCESS,310567000,9378462,Ketchikan,Skagway,2023-08-20 06:06:33-08:00,2023-08-20 14:45:02-08:00,17.296,333.9,2023-08-21 08:02:48-08:00,18.18821293,22.4,RUBY_PRINCESS_0098,289.61,113561,8400,4800,,1549,,50.5
156,9/9/23,RUBY PRINCESS,310567000,9378462,Ketchikan,Skagway,2023-09-09 06:35:33-08:00,2023-09-09 14:38:43-08:00,17.43,303.51,2023-09-10 08:04:32-08:00,16.58819048,20.6,RUBY_PRINCESS_0118,289.61,113561,8400,4800,,1549,,50.5
157,5/14/23,VOLENDAM,245968000,9156515,Ketchikan,Skagway,2023-05-14 06:23:26-08:00,2023-05-14 15:15:23-08:00,18.209,301.33,2023-05-15 09:27:55-08:00,15.89094737,20.6,VOLENDAM_0006,237,61214,6150,1440,1824,,,32.25
158,5/21/23,VOLENDAM,245968000,9156515,Ketchikan,Skagway,2023-05-21 06:07:24-08:00,2023-05-21 14:54:21-08:00,19.032,304.91,2023-05-22 09:56:17-08:00,15.46771037,20.2,VOLENDAM_0014,237,61214,6150,1440,1824,,,32.25
159,5/28/23,VOLENDAM,245968000,9156515,Ketchikan,Skagway,2023-05-28 06:12:55-08:00,2023-05-28 15:03:02-08:00,18.788,301.35,2023-05-29 09:50:19-08:00,15.54666667,20.3,VOLENDAM_0022,237,61214,6150,1440,1824,,,32.25
160,6/4/23,VOLENDAM,245968000,9156515,Ketchikan,Skagway,2023-06-04 06:08:22-08:00,2023-06-04 14:54:33-08:00,19.109,303.97,2023-06-05 10:01:07-08:00,15.28187023,20.6,VOLENDAM_0030,237,61214,6150,1440,1824,,,32.25
161,6/11/23,VOLENDAM,245968000,9156515,Ketchikan,Skagway,2023-06-11 06:17:13-08:00,2023-06-11 15:13:25-08:00,18.676,304.32,2023-06-12 09:54:00-08:00,15.51214421,20.7,VOLENDAM_0038,237,61214,6150,1440,1824,,,32.25
162,6/18/23,VOLENDAM,245968000,9156515,Ketchikan,Skagway,2023-06-18 06:06:26-08:00,2023-06-18 15:00:50-08:00,18.789,303.27,2023-06-19 09:48:11-08:00,15.27426326,20.1,VOLENDAM_0046,237,61214,6150,1440,1824,,,32.25
163,6/25/23,VOLENDAM,245968000,9156515,Ketchikan,Skagway,2023-06-25 06:22:49-08:00,2023-06-25 15:19:25-08:00,18.499,303.06,2023-06-26 09:49:20-08:00,15.58517034,20.1,VOLENDAM_0054,237,61214,6150,1440,1824,,,32.25
164,7/2/23,VOLENDAM,245968000,9156515,Ketchikan,Skagway,2023-07-02 06:08:29-08:00,2023-07-02 15:02:10-08:00,18.212,303.55,2023-07-03 09:14:52-08:00,15.95722656,21.8,VOLENDAM_0062,237,61214,6150,1440,1824,,,32.25
165,7/9/23,VOLENDAM,245968000,9156515,Ketchikan,Skagway,2023-07-09 06:24:33-08:00,2023-07-09 15:51:25-08:00,17.799,303.6,2023-07-10 09:39:21-08:00,16.08149606,21.4,VOLENDAM_0070,237,61214,6150,1440,1824,,,32.25
166,7/16/23,VOLENDAM,245968000,9156515,Ketchikan,Skagway,2023-07-16 06:01:53-08:00,2023-07-16 14:59:08-08:00,18.973,302.15,2023-07-17 09:57:30-08:00,15.40722222,19.6,VOLENDAM_0078,237,61214,6150,1440,1824,,,32.25
167,7/23/23,VOLENDAM,245968000,9156515,Ketchikan,Skagway,2023-07-23 06:10:01-08:00,2023-07-23 15:03:09-08:00,19.022,305.17,2023-07-24 10:04:29-08:00,15.56050096,19.8,VOLENDAM_0086,237,61214,6150,1440,1824,,,32.25
168,7/30/23,VOLENDAM,245968000,9156515,Ketchikan,Skagway,2023-07-30 06:08:06-08:00,2023-07-30 14:59:58-08:00,19.127,304.18,2023-07-31 10:07:36-08:00,14.90285171,19.2,VOLENDAM_0094,237,61214,6150,1440,1824,,,32.25
169,8/6/23,VOLENDAM,245968000,9156515,Ketchikan,Skagway,2023-08-06 06:06:21-08:00,2023-08-06 15:12:52-08:00,19.165,304.74,2023-08-07 10:22:47-08:00,15.23902913,19.4,VOLENDAM_0102,237,61214,6150,1440,1824,,,32.25
170,8/13/23,VOLENDAM,245968000,9156515,Ketchikan,Skagway,2023-08-13 06:05:35-08:00,2023-08-13 14:57:58-08:00,19.18,304.03,2023-08-14 10:08:45-08:00,14.89471767,19.3,VOLENDAM_0110,237,61214,6150,1440,1824,,,32.25
171,8/20/23,VOLENDAM,245968000,9156515,Ketchikan,Skagway,2023-08-20 06:26:44-08:00,2023-08-20 15:05:31-08:00,18.889,303.03,2023-08-21 09:58:51-08:00,15.6372973,20.2,VOLENDAM_0118,237,61214,6150,1440,1824,,,32.25
172,8/27/23,VOLENDAM,245968000,9156515,Ketchikan,Skagway,2023-08-27 06:06:01-08:00,2023-08-27 14:46:46-08:00,19.3,305.83,2023-08-28 10:04:46-08:00,15.00549451,20,VOLENDAM_0126,237,61214,6150,1440,1824,,,32.25
173,9/3/23,VOLENDAM,245968000,9156515,Ketchikan,Skagway,2023-09-03 06:20:10-08:00,2023-09-03 14:52:13-08:00,19.265,302.55,2023-09-04 10:08:08-08:00,14.91003584,19.5,VOLENDAM_0134,237,61214,6150,1440,1824,,,32.25
174,9/10/23,VOLENDAM,245968000,9156515,Ketchikan,Skagway,2023-09-10 06:37:38-08:00,2023-09-10 15:04:31-08:00,19.853,303.03,2023-09-11 10:55:41-08:00,14.11760684,20.2,VOLENDAM_0142,237,61214,6150,1440,1824,,,32.25
175,9/17/23,VOLENDAM,245968000,9156515,Ketchikan,Haines,2023-09-17 06:48:54-08:00,2023-09-17 15:09:00-08:00,17.942,303.48,2023-09-18 09:05:32-08:00,15.96079365,19.3,VOLENDAM_0150,237,61214,6150,1440,1824,,,32.25
176,9/24/23,VOLENDAM,245968000,9156515,Ketchikan,Skagway,2023-09-24 09:24:38-08:00,2023-09-24 17:06:37-08:00,17.056,303.37,2023-09-25 10:09:58-08:00,16.7990566,20.7,VOLENDAM_0158,237,61214,6150,1440,1824,,,32.25
189,5/16/23,VIKING ORION,257034130,9796250,Sitka,Hubbard Glacier,2023-05-16 09:11:38-08:00,2023-05-16 19:05:23-08:00,11.016,133.9,2023-05-17 06:06:22-08:00,11.71751825,13.9,VIKING_ORION_0006,228.41,47861,4798,,,,,32
190,9/3/23,VIKING ORION,257034130,9796250,Hubbard Glacier,Juneau,2023-09-03 06:41:21-08:00,2023-09-03 16:28:02-08:00,14.933,187.19,2023-09-04 07:23:59-08:00,12.58511706,17.3,VIKING_ORION_0172,228.41,47861,4798,,,,,32
191,9/11/23,VIKING ORION,257034130,9796250,Haines,Hubbard Glacier,2023-09-11 06:32:49-08:00,2023-09-11 16:23:19-08:00,13.289,140.18,2023-09-12 05:40:39-08:00,10.34944444,11.4,VIKING_ORION_0184,228.41,47861,4798,,,,,32
192,9/21/23,VIKING ORION,257034130,9796250,Hubbard Glacier,Sitka,2023-09-21 07:14:15-08:00,2023-09-21 16:56:57-08:00,14.402,186.75,2023-09-22 07:21:05-08:00,12.92142857,16.9,VIKING_ORION_0198,228.41,47861,4798,,,,,32
233,5/18/23,MAJESTIC PRINCESS,232002990,9614141,College Fjord,Skagway,2023-05-18 06:20:20-08:00,2023-05-18 14:56:04-08:00,27.099,459.62,2023-05-19 18:02:01-08:00,16.02544571,23.1,MAJESTIC_PRINCESS_0024,329.9,144216,11545,4250,3560,,1450,47.3
234,5/22/23,MAJESTIC PRINCESS,232002990,9614141,Icy Strait Point,Hubbard Glacier,2023-05-22 09:28:23-08:00,2023-05-22 19:31:05-08:00,1.936,27.99,2023-05-22 21:27:15-08:00,14.09196429,16,MAJESTIC_PRINCESS_0032,329.9,144216,11545,4250,3560,,1450,47.3
235,6/1/23,MAJESTIC PRINCESS,232002990,9614141,College Fjord,Skagway,2023-06-01 06:23:14-08:00,2023-06-01 14:58:00-08:00,26.909,460.15,2023-06-02 17:52:31-08:00,15.90740103,20.3,MAJESTIC_PRINCESS_0048,329.9,144216,11545,4250,3560,,1450,47.3
236,6/5/23,MAJESTIC PRINCESS,232002990,9614141,Icy Strait Point,Hubbard Glacier,2023-06-05 09:21:58-08:00,2023-06-05 19:21:06-08:00,1.942,27.37,2023-06-05 21:17:38-08:00,12.99237288,17,MAJESTIC_PRINCESS_0056,329.9,144216,11545,4250,3560,,1450,47.3
237,6/15/23,MAJESTIC PRINCESS,232002990,9614141,College Fjord,Skagway,2023-06-15 06:20:33-08:00,2023-06-15 15:13:30-08:00,26.601,461.39,2023-06-16 17:49:34-08:00,16.61061844,19.9,MAJESTIC_PRINCESS_0072,329.9,144216,11545,4250,3560,,1450,47.3
238,6/19/23,MAJESTIC PRINCESS,232002990,9614141,Icy Strait Point,Hubbard Glacier,2023-06-19 09:23:30-08:00,2023-06-19 18:59:17-08:00,1.911,28.08,2023-06-19 20:53:57-08:00,14.875,17,MAJESTIC_PRINCESS_0080,329.9,144216,11545,4250,3560,,1450,47.3
239,6/29/23,MAJESTIC PRINCESS,232002990,9614141,College Fjord,Skagway,2023-06-29 06:20:49-08:00,2023-06-29 15:04:21-08:00,26.851,460.92,2023-06-30 17:55:25-08:00,15.56902087,20.2,MAJESTIC_PRINCESS_0096,329.9,144216,11545,4250,3560,,1450,47.3
240,7/3/23,MAJESTIC PRINCESS,232002990,9614141,Icy Strait Point,Hubbard Glacier,2023-07-03 09:13:30-08:00,2023-07-03 19:03:44-08:00,1.834,27.87,2023-07-03 20:53:45-08:00,14.29568966,16.9,MAJESTIC_PRINCESS_0104,329.9,144216,11545,4250,3560,,1450,47.3
241,7/13/23,MAJESTIC PRINCESS,232002990,9614141,College Fjord,Skagway,2023-07-13 06:21:08-08:00,2023-07-13 15:00:18-08:00,26.75,459.92,2023-07-14 17:45:19-08:00,15.98773748,20.2,MAJESTIC_PRINCESS_0120,329.9,144216,11545,4250,3560,,1450,47.3
242,7/17/23,MAJESTIC PRINCESS,232002990,9614141,Icy Strait Point,Hubbard Glacier,2023-07-17 09:18:24-08:00,2023-07-17 19:04:11-08:00,1.881,28.1,2023-07-17 20:57:04-08:00,14.35934959,16.7,MAJESTIC_PRINCESS_0128,329.9,144216,11545,4250,3560,,1450,47.3
243,7/27/23,MAJESTIC PRINCESS,232002990,9614141,College Fjord,Skagway,2023-07-27 06:15:40-08:00,2023-07-27 15:11:21-08:00,26.605,458.62,2023-07-28 17:47:38-08:00,15.70582192,20.3,MAJESTIC_PRINCESS_0144,329.9,144216,11545,4250,3560,,1450,47.3
244,7/31/23,MAJESTIC PRINCESS,232002990,9614141,Icy Strait Point,Hubbard Glacier,2023-07-31 09:18:14-08:00,2023-07-31 19:07:43-08:00,2.092,28.07,2023-07-31 21:13:15-08:00,12.90082645,15.6,MAJESTIC_PRINCESS_0152,329.9,144216,11545,4250,3560,,1450,47.3
245,8/10/23,MAJESTIC PRINCESS,232002990,9614141,College Fjord,Skagway,2023-08-10 06:15:18-08:00,2023-08-10 15:05:23-08:00,26.811,459.14,2023-08-11 17:54:04-08:00,15.60294627,20.6,MAJESTIC_PRINCESS_0168,329.9,144216,11545,4250,3560,,1450,47.3
246,8/14/23,MAJESTIC PRINCESS,232002990,9614141,Icy Strait Point,Hubbard Glacier,2023-08-14 09:16:29-08:00,2023-08-14 18:58:04-08:00,2.052,28.14,2023-08-14 21:01:10-08:00,12.91721311,15.5,MAJESTIC_PRINCESS_0176,329.9,144216,11545,4250,3560,,1450,47.3
247,8/24/23,MAJESTIC PRINCESS,232002990,9614141,College Fjord,Skagway,2023-08-24 06:13:16-08:00,2023-08-24 15:07:42-08:00,26.747,459.33,2023-08-25 17:52:33-08:00,15.46468531,20.7,MAJESTIC_PRINCESS_0192,329.9,144216,11545,4250,3560,,1450,47.3
248,8/28/23,MAJESTIC PRINCESS,232002990,9614141,Icy Strait Point,Hubbard Glacier,2023-08-28 09:15:13-08:00,2023-08-28 19:06:06-08:00,2.056,28.01,2023-08-28 21:09:26-08:00,13.4970297,15.5,MAJESTIC_PRINCESS_0200,329.9,144216,11545,4250,3560,,1450,47.3
249,9/7/23,MAJESTIC PRINCESS,232002990,9614141,College Fjord,Skagway,2023-09-07 06:34:00-08:00,2023-09-07 15:06:47-08:00,26.8,459.74,2023-09-08 17:54:46-08:00,15.61942215,20.3,MAJESTIC_PRINCESS_0216,329.9,144216,11545,4250,3560,,1450,47.3
250,9/11/23,MAJESTIC PRINCESS,232002990,9614141,Icy Strait Point,Hubbard Glacier,2023-09-11 09:08:45-08:00,2023-09-11 18:57:05-08:00,2.23,28.2,2023-09-11 21:10:54-08:00,12.12241379,14.6,MAJESTIC_PRINCESS_0224,329.9,144216,11545,4250,3560,,1450,47.3
251,9/22/23,MAJESTIC PRINCESS,232002990,9614141,Vancouver,Icy Strait Point,2023-09-22 06:47:18-08:00,2023-09-22 16:37:22-08:00,63.771,973.96,2023-09-25 08:23:37-08:00,14.53262619,20.2,MAJESTIC_PRINCESS_0242,329.9,144216,11545,4250,3560,,1450,47.3
106,5/19/23,NOORDAM,246028000,9230115,College Fjord,Skagway,2023-05-19 06:08:59-08:00,2023-05-19 15:36:39-08:00,26.514,464.43,2023-05-20 18:07:30-08:00,16.80715288,21,NOORDAM_0016,285.24,82897,10939,3200,3200,,,32.25
107,5/23/23,NOORDAM,246028000,9230115,Skagway,Hubbard Glacier,2023-05-23 08:30:38-08:00,2023-05-23 18:05:45-08:00,10.75,117.38,2023-05-24 04:50:44-08:00,11.11292776,12.8,NOORDAM_0024,285.24,82897,10939,3200,3200,,,32.25
108,6/2/23,NOORDAM,246028000,9230115,College Fjord,Skagway,2023-06-02 06:24:07-08:00,2023-06-02 16:01:34-08:00,26.256,461.98,2023-06-03 18:16:55-08:00,16.56539634,21.6,NOORDAM_0038,285.24,82897,10939,3200,3200,,,32.25
109,6/6/23,NOORDAM,246028000,9230115,Skagway,Hubbard Glacier,2023-06-06 08:29:41-08:00,2023-06-06 18:00:39-08:00,10.78,117.28,2023-06-07 04:47:26-08:00,10.8043956,14.3,NOORDAM_0046,285.24,82897,10939,3200,3200,,,32.25
110,6/16/23,NOORDAM,246028000,9230115,College Fjord,Skagway,2023-06-16 06:09:28-08:00,2023-06-16 15:51:27-08:00,26.391,462.29,2023-06-17 18:14:56-08:00,16.17933985,20.3,NOORDAM_0060,285.24,82897,10939,3200,3200,,,32.25
111,6/20/23,NOORDAM,246028000,9230115,Skagway,Hubbard Glacier,2023-06-20 08:35:03-08:00,2023-06-20 18:29:28-08:00,10.322,117.24,2023-06-21 04:48:48-08:00,11.22509506,13.8,NOORDAM_0068,285.24,82897,10939,3200,3200,,,32.25
112,6/30/23,NOORDAM,246028000,9230115,College Fjord,Skagway,2023-06-30 06:06:35-08:00,2023-06-30 15:56:28-08:00,26.181,461.82,2023-07-01 18:07:21-08:00,16.67702479,19.2,NOORDAM_0082,285.24,82897,10939,3200,3200,,,32.25
113,7/4/23,NOORDAM,246028000,9230115,Skagway,Hubbard Glacier,2023-07-04 08:33:44-08:00,2023-07-04 17:59:25-08:00,11.267,117.49,2023-07-05 05:15:25-08:00,10.37906977,13.9,NOORDAM_0090,285.24,82897,10939,3200,3200,,,32.25
114,7/14/23,NOORDAM,246028000,9230115,College Fjord,Skagway,2023-07-14 07:34:36-08:00,2023-07-14 17:35:49-08:00,24.822,462.34,2023-07-15 18:25:08-08:00,17.23671743,21.4,NOORDAM_0104,285.24,82897,10939,3200,3200,,,32.25
115,7/18/23,NOORDAM,246028000,9230115,Skagway,Hubbard Glacier,2023-07-18 08:34:24-08:00,2023-07-18 18:16:05-08:00,10.839,118.96,2023-07-19 05:06:24-08:00,10.75733788,14.4,NOORDAM_0112,285.24,82897,10939,3200,3200,,,32.25
116,7/28/23,NOORDAM,246028000,9230115,College Fjord,Skagway,2023-07-28 06:02:07-08:00,2023-07-28 16:03:11-08:00,26.173,461.73,2023-07-29 18:13:35-08:00,16.72079511,20,NOORDAM_0126,285.24,82897,10939,3200,3200,,,32.25
117,8/1/23,NOORDAM,246028000,9230115,Skagway,Hubbard Glacier,2023-08-01 08:33:59-08:00,2023-08-01 18:23:56-08:00,10.725,117.39,2023-08-02 05:07:25-08:00,11.04078431,12.1,NOORDAM_0134,285.24,82897,10939,3200,3200,,,32.25
118,8/11/23,NOORDAM,246028000,9230115,College Fjord,Skagway,2023-08-11 06:23:27-08:00,2023-08-11 16:03:06-08:00,25.882,461.7,2023-08-12 17:56:02-08:00,17.29236193,20.5,NOORDAM_0148,285.24,82897,10939,3200,3200,,,32.25
119,8/15/23,NOORDAM,246028000,9230115,Skagway,Hubbard Glacier,2023-08-15 08:32:16-08:00,2023-08-15 18:13:03-08:00,10.883,118.55,2023-08-16 05:06:02-08:00,11.3375,17.5,NOORDAM_0156,285.24,82897,10939,3200,3200,,,32.25
120,8/25/23,NOORDAM,246028000,9230115,College Fjord,Skagway,2023-08-25 06:06:48-08:00,2023-08-25 15:36:20-08:00,26.778,464.21,2023-08-26 18:23:00-08:00,15.85828729,20,NOORDAM_0170,285.24,82897,10939,3200,3200,,,32.25
121,8/29/23,NOORDAM,246028000,9230115,Skagway,Hubbard Glacier,2023-08-29 08:32:14-08:00,2023-08-29 18:03:06-08:00,10.492,121.5,2023-08-30 04:32:36-08:00,11.875,13.9,NOORDAM_0178,285.24,82897,10939,3200,3200,,,32.25
122,9/8/23,NOORDAM,246028000,9230115,College Fjord,Skagway,2023-09-08 06:34:09-08:00,2023-09-08 16:34:38-08:00,25.293,462.01,2023-09-09 17:52:13-08:00,17.7120438,22.1,NOORDAM_0192,285.24,82897,10939,3200,3200,,,32.25
123,9/12/23,NOORDAM,246028000,9230115,Skagway,Hubbard Glacier,2023-09-12 08:27:00-08:00,2023-09-12 18:18:54-08:00,10.772,117.85,2023-09-13 05:05:14-08:00,10.95286885,12.2,NOORDAM_0200,285.24,82897,10939,3200,3200,,,32.25
124,9/25/23,NOORDAM,246028000,9230115,Skagway,Valdez,2023-09-25 07:08:05-08:00,2023-09-25 17:14:18-08:00,12.395,118.85,2023-09-26 05:37:59-08:00,9.461198738,10.6,NOORDAM_0210,285.24,82897,10939,3200,3200,,,32.25
177,5/28/23,NORWEGIAN SUN,311109000,9218131,Icy Strait Point,Haines,2023-05-28 05:55:56-08:00,2023-05-28 14:47:51-08:00,15.086,145.84,2023-05-29 05:53:01-08:00,9.594745484,12.4,NORWEGIAN_SUN_0024,258,78309,7100,2359,2359,,,36
178,6/25/23,NORWEGIAN SUN,311109000,9218131,Skagway,Icy Strait Point,2023-06-25 06:03:43-08:00,2023-06-25 14:54:37-08:00,13.772,122.86,2023-06-26 04:40:57-08:00,8.999041534,12.5,NORWEGIAN_SUN_0056,258,78309,7100,2359,2359,,,36
179,9/8/23,NORWEGIAN SUN,311109000,9218131,Skagway,Icy Strait Point,2023-09-08 06:19:28-08:00,2023-09-08 15:47:43-08:00,14.211,124.86,2023-09-09 06:00:23-08:00,9.000983607,12.6,NORWEGIAN_SUN_0142,258,78309,7100,2359,2359,,,36
180,9/16/23,NORWEGIAN SUN,311109000,9218131,Skagway,Ketchikan,2023-09-16 06:33:07-08:00,2023-09-16 15:29:54-08:00,14.601,227.85,2023-09-17 06:05:56-08:00,14.7716821,20.8,NORWEGIAN_SUN_0150,258,78309,7100,2359,2359,,,36
181,9/27/23,NORWEGIAN SUN,311109000,9218131,Sitka,Icy Strait Point,2023-09-27 07:17:50-08:00,2023-09-27 15:54:24-08:00,14.155,135.3,2023-09-28 06:03:43-08:00,9.596881092,13.8,NORWEGIAN_SUN_0164,258,78309,7100,2359,2359,,,36
182,10/5/23,NORWEGIAN SUN,311109000,9218131,Skagway,Ketchikan,2023-10-05 08:07:11-08:00,2023-10-05 16:49:38-08:00,13.218,225.18,2023-10-06 06:02:41-08:00,16.38233766,21.2,NORWEGIAN_SUN_0172,258,78309,7100,2359,2359,,,36
183,10/14/23,NORWEGIAN SUN,311109000,9218131,Juneau,Ketchikan,2023-10-14 08:01:19-08:00,2023-10-14 16:34:30-08:00,13.621,203.98,2023-10-15 06:11:47-08:00,15.09930844,23.1,NORWEGIAN_SUN_0182,258,78309,7100,2359,2359,,,36
184,10/24/23,NORWEGIAN SUN,311109000,9218131,Juneau,Skagway,2023-10-24 07:12:33-08:00,2023-10-24 15:48:46-08:00,14.03,205.23,2023-10-25 05:50:35-08:00,14.45412131,20.3,NORWEGIAN_SUN_0194,258,78309,7100,2359,2359,,,36
185,5/30/23,SEABOURN ODYSSEY,309416000,9417086,Icy Strait Point,Sitka,2023-05-30 07:02:21-08:00,2023-05-30 18:00:59-08:00,19.206,144.25,2023-05-31 13:13:20-08:00,8.17654321,15.2,SEABOURN_ODYSSEY_0030,198.19,32477,5000,,450,225,,26
186,9/2/23,SEABOURN ODYSSEY,309416000,9417086,Wrangell,Juneau,2023-09-02 07:09:29-08:00,2023-09-02 16:42:43-08:00,16.082,247.98,2023-09-03 08:47:39-08:00,14.94814004,18.8,SEABOURN_ODYSSEY_0182,198.19,32477,5000,,450,225,,26
187,9/23/23,SEABOURN ODYSSEY,309416000,9417086,Icy Strait Point,Sitka,2023-09-23 07:04:05-08:00,2023-09-23 17:06:32-08:00,22.063,159.99,2023-09-24 15:10:19-08:00,8.641548528,15.6,SEABOURN_ODYSSEY_0214,198.19,32477,5000,,450,225,,26
188,10/7/23,SEABOURN ODYSSEY,309416000,9417086,Wrangell,Juneau,2023-10-07 07:37:13-08:00,2023-10-07 16:58:59-08:00,15.785,249.51,2023-10-08 08:46:05-08:00,15.3952381,18.2,SEABOURN_ODYSSEY_0236,198.19,32477,5000,,450,225,,26
252,6/16/23,QUEEN ELIZABETH,310625000,9477438,Ketchikan,Juneau,2023-06-16 07:11:41-08:00,2023-06-16 16:01:57-08:00,19.623,334.36,2023-06-17 11:39:18-08:00,17.14336513,21.5,QUEEN_ELIZABETH_0024,293.83,90901,7685,,,,,32.2
253,6/26/23,QUEEN ELIZABETH,310625000,9477438,Ketchikan,Endicott Arm,2023-06-26 07:08:40-08:00,2023-06-26 16:19:29-08:00,17.979,331.59,2023-06-27 10:18:14-08:00,17.39307832,21.9,QUEEN_ELIZABETH_0040,293.83,90901,7685,,,,,32.2
254,7/14/23,QUEEN ELIZABETH,310625000,9477438,Ketchikan,Icy Strait Point,2023-07-14 06:06:40-08:00,2023-07-14 14:50:42-08:00,18.098,331.7,2023-07-15 08:56:34-08:00,17.175,23.5,QUEEN_ELIZABETH_0068,293.83,90901,7685,,,,,32.2
255,7/24/23,QUEEN ELIZABETH,310625000,9477438,Victoria,Skagway,2023-07-24 06:03:35-08:00,2023-07-24 15:01:54-08:00,44.531,862.49,2023-07-26 11:33:47-08:00,17.73459196,22.6,QUEEN_ELIZABETH_0084,293.83,90901,7685,,,,,32.2
256,7/30/23,QUEEN ELIZABETH,310625000,9477438,Hubbard Glacier,Sitka,2023-07-30 06:55:40-08:00,2023-07-30 17:05:23-08:00,15.718,192.04,2023-07-31 08:48:26-08:00,12.26153846,15.2,QUEEN_ELIZABETH_0092,293.83,90901,7685,,,,,32.2
257,8/13/23,QUEEN ELIZABETH,310625000,9477438,Sitka,Skagway,2023-08-13 07:06:12-08:00,2023-08-13 17:02:28-08:00,12.214,137,2023-08-14 05:15:19-08:00,11.2701087,13.3,QUEEN_ELIZABETH_0116,293.83,90901,7685,,,,,32.2
105,7/9/23,CROWN PRINCESS,310500000,9293399,Icy Strait Point,Sitka,2023-07-09 06:03:45-08:00,2023-07-09 16:15:33-08:00,13.762,156.05,2023-07-10 06:01:16-08:00,11.23224932,13.8,CROWN_PRINCESS_0076,288.63,113561,13294,3599,,,,50