,index,date,boatName,mmsi,imo,portAfter,portBefore,ts_in,ts_out,timeTo,distTo,first_ts_in_next_port,mean_sog,max_sog,segment_id
0,0,2023-04-19,NORWEGIAN BLISS,311000710,9751509,Ketchikan,Skagway,2023-04-19 06:11:19-08:00,2023-04-19 14:34:25-08:00,15.86,299.58,2023-04-20 06:26:00-08:00,17.322950819672133,22.9,NORWEGIAN_BLISS_0006
1,1,2023-04-26,NORWEGIAN BLISS,311000710,9751509,Ketchikan,Skagway,2023-04-26 06:13:39-08:00,2023-04-26 15:01:27-08:00,15.455,300.12,2023-04-27 06:28:45-08:00,18.001702127659577,23.5,NORWEGIAN_BLISS_0014
2,18,2023-05-02,EURODAM,245206000,9378448,Icy Strait Point,Juneau,2023-05-02 06:35:16-08:00,2023-05-02 15:18:13-08:00,1.997,28.03,2023-05-02 17:18:01-08:00,13.654054054054056,16.1,EURODAM_0004
3,2,2023-05-03,NORWEGIAN BLISS,311000710,9751509,Ketchikan,Skagway,2023-05-03 06:11:13-08:00,2023-05-03 14:49:12-08:00,15.646,301.55,2023-05-04 06:27:59-08:00,17.5762,22.9,NORWEGIAN_BLISS_0022
4,40,2023-05-04,NIEUW AMSTERDAM,246648000,9378450,Ketchikan,Skagway,2023-05-04 05:59:19-08:00,2023-05-04 15:06:28-08:00,19.35,328.6,2023-05-05 10:27:29-08:00,16.216699029126215,22.8,NIEUW_AMSTERDAM_0006
5,103,2023-05-05,NORWEGIAN SPIRIT,311746000,9141065,Skagway,Icy Strait Point,2023-05-05 08:00:54-08:00,2023-05-05 16:57:36-08:00,13.817,144.52,2023-05-06 06:46:37-08:00,10.375741239892182,11.3,NORWEGIAN_SPIRIT_0004
6,7,2023-05-06,NORWEGIAN JEWEL,311827000,9304045,Hubbard Glacier,Skagway,2023-05-06 06:10:05-08:00,2023-05-06 14:41:51-08:00,16.981,191.81,2023-05-07 07:40:43-08:00,12.487368421052633,18.0,NORWEGIAN_JEWEL_0012
7,193,2023-05-06,SAPPHIRE PRINCESS,235103357,9228186,Sitka,Skagway,2023-05-06 06:28:00-08:00,2023-05-06 15:25:58-08:00,14.444,161.85,2023-05-07 05:52:35-08:00,11.465972222222222,17.9,SAPPHIRE_PRINCESS_0016
8,19,2023-05-09,EURODAM,245206000,9378448,Icy Strait Point,Juneau,2023-05-09 06:39:30-08:00,2023-05-09 15:46:52-08:00,1.702,27.53,2023-05-09 17:29:00-08:00,15.270873786407767,19.6,EURODAM_0014
9,213,2023-05-10,ROYAL PRINCESS,310661000,9584712,Ketchikan,Skagway,2023-05-10 06:12:40-08:00,2023-05-10 14:56:03-08:00,15.671,303.08,2023-05-11 06:36:19-08:00,17.86344827586207,21.9,ROYAL_PRINCESS_0020
10,81,2023-05-10,KONINGSDAM,244830547,9692557,Ketchikan,Skagway,2023-05-10 06:22:41-08:00,2023-05-10 15:47:14-08:00,18.443,304.4,2023-05-11 10:13:50-08:00,15.707952286282307,19.2,KONINGSDAM_0010
11,125,2023-05-11,NORWEGIAN ENCORE,311000879,9751511,Ketchikan,Skagway,2023-05-11 06:05:34-08:00,2023-05-11 14:47:47-08:00,15.045,301.01,2023-05-12 05:50:28-08:00,17.939720558882232,23.1,NORWEGIAN_ENCORE_0006
12,61,2023-05-11,GRAND PRINCESS,310327000,9104005,College Fjord,Skagway,2023-05-11 06:23:56-08:00,2023-05-11 15:15:33-08:00,25.988,466.25,2023-05-12 17:14:51-08:00,16.74795417348609,20.0,GRAND_PRINCESS_0012
13,150,2023-05-12,RUBY PRINCESS,310567000,9378462,Ketchikan,Skagway,2023-05-12 06:03:34-08:00,2023-05-12 15:01:55-08:00,17.23,302.94,2023-05-13 08:15:44-08:00,16.775,20.7,RUBY_PRINCESS_0006
14,194,2023-05-14,SAPPHIRE PRINCESS,235103357,9228186,Ketchikan,Skagway,2023-05-14 06:05:01-08:00,2023-05-14 15:13:41-08:00,15.414,301.74,2023-05-15 06:38:30-08:00,17.58568507157464,22.4,SAPPHIRE_PRINCESS_0028
15,157,2023-05-14,VOLENDAM,245968000,9156515,Ketchikan,Skagway,2023-05-14 06:23:26-08:00,2023-05-14 15:15:23-08:00,18.209,301.33,2023-05-15 09:27:55-08:00,15.890947368421054,20.6,VOLENDAM_0006
16,41,2023-05-15,NIEUW AMSTERDAM,246648000,9378450,Sitka,Valdez,2023-05-15 06:54:18-08:00,2023-05-15 18:15:10-08:00,12.238,122.38,2023-05-16 06:29:27-08:00,11.015737704918031,16.6,NIEUW_AMSTERDAM_0012
17,62,2023-05-15,GRAND PRINCESS,310327000,9104005,Skagway,Hubbard Glacier,2023-05-15 09:18:27-08:00,2023-05-15 19:38:04-08:00,9.373,117.59,2023-05-16 05:00:27-08:00,12.593089430894311,15.7,GRAND_PRINCESS_0020
18,20,2023-05-16,EURODAM,245206000,9378448,Icy Strait Point,Juneau,2023-05-16 06:32:58-08:00,2023-05-16 15:30:02-08:00,1.786,28.53,2023-05-16 17:17:13-08:00,14.985915492957746,18.7,EURODAM_0024
19,189,2023-05-16,VIKING ORION,257034130,9796250,Sitka,Hubbard Glacier,2023-05-16 09:11:38-08:00,2023-05-16 19:05:23-08:00,11.016,133.9,2023-05-17 06:06:22-08:00,11.717518248175182,13.9,VIKING_ORION_0006
20,82,2023-05-17,KONINGSDAM,244830547,9692557,Ketchikan,Skagway,2023-05-17 06:08:02-08:00,2023-05-17 15:29:56-08:00,19.103,302.93,2023-05-18 10:36:06-08:00,15.172920696324951,18.9,KONINGSDAM_0018
21,214,2023-05-17,ROYAL PRINCESS,310661000,9584712,Ketchikan,Skagway,2023-05-17 06:22:31-08:00,2023-05-17 14:44:39-08:00,15.557,303.27,2023-05-18 06:18:05-08:00,17.730201342281877,22.9,ROYAL_PRINCESS_0032
22,126,2023-05-18,NORWEGIAN ENCORE,311000879,9751511,Ketchikan,Skagway,2023-05-18 06:09:23-08:00,2023-05-18 14:47:46-08:00,14.808,299.75,2023-05-19 05:36:13-08:00,17.955577689243025,24.1,NORWEGIAN_ENCORE_0014
23,233,2023-05-18,MAJESTIC PRINCESS,232002990,9614141,College Fjord,Skagway,2023-05-18 06:20:20-08:00,2023-05-18 14:56:04-08:00,27.099,459.62,2023-05-19 18:02:01-08:00,16.025445705024314,23.1,MAJESTIC_PRINCESS_0024
24,106,2023-05-19,NOORDAM,246028000,9230115,College Fjord,Skagway,2023-05-19 06:08:59-08:00,2023-05-19 15:36:39-08:00,26.514,464.43,2023-05-20 18:07:30-08:00,16.807152875175316,21.0,NOORDAM_0016
25,8,2023-05-20,NORWEGIAN JEWEL,311827000,9304045,Hubbard Glacier,Skagway,2023-05-20 06:02:14-08:00,2023-05-20 15:08:42-08:00,15.424,191.88,2023-05-21 06:34:07-08:00,13.567741935483872,19.6,NORWEGIAN_JEWEL_0036
26,158,2023-05-21,VOLENDAM,245968000,9156515,Ketchikan,Skagway,2023-05-21 06:07:24-08:00,2023-05-21 14:54:21-08:00,19.032,304.91,2023-05-22 09:56:17-08:00,15.46771037181996,20.2,VOLENDAM_0014
27,195,2023-05-22,SAPPHIRE PRINCESS,235103357,9228186,College Fjord,Skagway,2023-05-22 06:06:23-08:00,2023-05-22 15:05:20-08:00,26.847,460.45,2023-05-23 17:56:10-08:00,16.207938540332908,19.0,SAPPHIRE_PRINCESS_0040
28,234,2023-05-22,MAJESTIC PRINCESS,232002990,9614141,Icy Strait Point,Hubbard Glacier,2023-05-22 09:28:23-08:00,2023-05-22 19:31:05-08:00,1.936,27.99,2023-05-22 21:27:15-08:00,14.091964285714287,16.0,MAJESTIC_PRINCESS_0032
29,21,2023-05-23,EURODAM,245206000,9378448,Icy Strait Point,Juneau,2023-05-23 06:34:15-08:00,2023-05-23 15:38:58-08:00,1.745,27.57,2023-05-23 17:23:39-08:00,15.365384615384615,17.6,EURODAM_0034
30,107,2023-05-23,NOORDAM,246028000,9230115,Skagway,Hubbard Glacier,2023-05-23 08:30:38-08:00,2023-05-23 18:05:45-08:00,10.75,117.38,2023-05-24 04:50:44-08:00,11.112927756653992,12.8,NOORDAM_0024
31,83,2023-05-24,KONINGSDAM,244830547,9692557,Ketchikan,Skagway,2023-05-24 06:08:48-08:00,2023-05-24 15:39:17-08:00,18.454,303.05,2023-05-25 10:06:31-08:00,15.830879345603272,19.0,KONINGSDAM_0026
32,215,2023-05-24,ROYAL PRINCESS,310661000,9584712,Ketchikan,Skagway,2023-05-24 06:23:18-08:00,2023-05-24 14:59:18-08:00,15.294,303.24,2023-05-25 06:16:58-08:00,18.572035794183446,22.8,ROYAL_PRINCESS_0046
33,127,2023-05-25,NORWEGIAN ENCORE,311000879,9751511,Ketchikan,Skagway,2023-05-25 06:05:54-08:00,2023-05-25 14:48:21-08:00,14.82,303.04,2023-05-26 05:37:33-08:00,17.82928870292887,23.5,NORWEGIAN_ENCORE_0022
34,63,2023-05-25,GRAND PRINCESS,310327000,9104005,College Fjord,Skagway,2023-05-25 06:25:25-08:00,2023-05-25 15:31:34-08:00,25.792,466.41,2023-05-26 17:19:05-08:00,16.70548387096774,20.1,GRAND_PRINCESS_0034
35,42,2023-05-26,NIEUW AMSTERDAM,246648000,9378450,College Fjord,Skagway,2023-05-26 06:01:42-08:00,2023-05-26 15:00:45-08:00,26.431,462.44,2023-05-27 17:26:37-08:00,16.038226744186044,20.3,NIEUW_AMSTERDAM_0026
36,196,2023-05-26,SAPPHIRE PRINCESS,235103357,9228186,Skagway,Hubbard Glacier,2023-05-26 09:29:07-08:00,2023-05-26 19:20:47-08:00,10.851,122.89,2023-05-27 06:11:49-08:00,11.204958677685948,13.8,SAPPHIRE_PRINCESS_0048
37,177,2023-05-28,NORWEGIAN SUN,311109000,9218131,Icy Strait Point,Haines,2023-05-28 05:55:56-08:00,2023-05-28 14:47:51-08:00,15.086,145.84,2023-05-29 05:53:01-08:00,9.594745484400656,12.4,NORWEGIAN_SUN_0024
38,159,2023-05-28,VOLENDAM,245968000,9156515,Ketchikan,Skagway,2023-05-28 06:12:55-08:00,2023-05-28 15:03:02-08:00,18.788,301.35,2023-05-29 09:50:19-08:00,15.546666666666667,20.3,VOLENDAM_0022
39,64,2023-05-29,GRAND PRINCESS,310327000,9104005,Skagway,Hubbard Glacier,2023-05-29 09:20:05-08:00,2023-05-29 19:31:27-08:00,9.446,119.65,2023-05-30 04:58:11-08:00,12.74,15.7,GRAND_PRINCESS_0042
40,185,2023-05-30,SEABOURN ODYSSEY,309416000,9417086,Icy Strait Point,Sitka,2023-05-30 07:02:21-08:00,2023-05-30 18:00:59-08:00,19.206,144.25,2023-05-31 13:13:20-08:00,8.176543209876543,15.2,SEABOURN_ODYSSEY_0030
41,43,2023-05-30,NIEUW AMSTERDAM,246648000,9378450,Skagway,Hubbard Glacier,2023-05-30 08:26:47-08:00,2023-05-30 18:31:14-08:00,10.108,116.57,2023-05-31 04:37:42-08:00,11.768825910931172,15.8,NIEUW_AMSTERDAM_0034
42,84,2023-05-31,KONINGSDAM,244830547,9692557,Ketchikan,Skagway,2023-05-31 06:04:14-08:00,2023-05-31 15:21:33-08:00,18.882,304.99,2023-06-01 10:14:30-08:00,15.559727626459145,18.4,KONINGSDAM_0034
43,216,2023-05-31,ROYAL PRINCESS,310661000,9584712,Ketchikan,Skagway,2023-05-31 06:22:01-08:00,2023-05-31 14:45:41-08:00,16.403,303.64,2023-06-01 07:09:51-08:00,16.822970297029702,21.9,ROYAL_PRINCESS_0058
44,128,2023-06-01,NORWEGIAN ENCORE,311000879,9751511,Ketchikan,Skagway,2023-06-01 06:08:39-08:00,2023-06-01 14:41:50-08:00,14.956,299.6,2023-06-02 05:39:10-08:00,17.937319587628863,22.7,NORWEGIAN_ENCORE_0030
45,235,2023-06-01,MAJESTIC PRINCESS,232002990,9614141,College Fjord,Skagway,2023-06-01 06:23:14-08:00,2023-06-01 14:58:00-08:00,26.909,460.15,2023-06-02 17:52:31-08:00,15.90740103270224,20.3,MAJESTIC_PRINCESS_0048
46,151,2023-06-02,RUBY PRINCESS,310567000,9378462,Prince Rupert,Juneau,2023-06-02 06:02:19-08:00,2023-06-02 14:38:13-08:00,20.546,397.02,2023-06-03 11:10:57-08:00,17.2192429022082,22.7,RUBY_PRINCESS_0028
47,108,2023-06-02,NOORDAM,246028000,9230115,College Fjord,Skagway,2023-06-02 06:24:07-08:00,2023-06-02 16:01:34-08:00,26.256,461.98,2023-06-03 18:16:55-08:00,16.565396341463416,21.6,NOORDAM_0038
48,9,2023-06-03,NORWEGIAN JEWEL,311827000,9304045,Hubbard Glacier,Skagway,2023-06-03 06:04:51-08:00,2023-06-03 14:50:16-08:00,15.635,191.78,2023-06-04 06:28:23-08:00,13.766101694915253,20.2,NORWEGIAN_JEWEL_0062
49,160,2023-06-04,VOLENDAM,245968000,9156515,Ketchikan,Skagway,2023-06-04 06:08:22-08:00,2023-06-04 14:54:33-08:00,19.109,303.97,2023-06-05 10:01:07-08:00,15.281870229007632,20.6,VOLENDAM_0030
50,197,2023-06-05,SAPPHIRE PRINCESS,235103357,9228186,College Fjord,Skagway,2023-06-05 06:07:54-08:00,2023-06-05 17:17:07-08:00,23.744,457.97,2023-06-06 17:01:46-08:00,17.469177126917714,23.1,SAPPHIRE_PRINCESS_0064
51,236,2023-06-05,MAJESTIC PRINCESS,232002990,9614141,Icy Strait Point,Hubbard Glacier,2023-06-05 09:21:58-08:00,2023-06-05 19:21:06-08:00,1.942,27.37,2023-06-05 21:17:38-08:00,12.99237288135593,17.0,MAJESTIC_PRINCESS_0056
52,22,2023-06-06,EURODAM,245206000,9378448,Icy Strait Point,Juneau,2023-06-06 06:38:06-08:00,2023-06-06 15:17:34-08:00,1.853,27.79,2023-06-06 17:08:45-08:00,15.104310344827592,18.8,EURODAM_0052
53,109,2023-06-06,NOORDAM,246028000,9230115,Skagway,Hubbard Glacier,2023-06-06 08:29:41-08:00,2023-06-06 18:00:39-08:00,10.78,117.28,2023-06-07 04:47:26-08:00,10.804395604395605,14.3,NOORDAM_0046
54,217,2023-06-07,ROYAL PRINCESS,310661000,9584712,Ketchikan,Skagway,2023-06-07 06:07:58-08:00,2023-06-07 14:47:52-08:00,16.125,304.47,2023-06-08 06:55:22-08:00,17.652134831460675,21.3,ROYAL_PRINCESS_0070
55,85,2023-06-07,KONINGSDAM,244830547,9692557,Ketchikan,Skagway,2023-06-07 06:23:53-08:00,2023-06-07 15:34:06-08:00,17.955,301.11,2023-06-08 09:31:23-08:00,16.01006160164271,19.8,KONINGSDAM_0042
56,129,2023-06-08,NORWEGIAN ENCORE,311000879,9751511,Ketchikan,Skagway,2023-06-08 06:12:34-08:00,2023-06-08 14:54:59-08:00,14.737,299.16,2023-06-09 05:39:11-08:00,18.40041841004184,24.3,NORWEGIAN_ENCORE_0038
57,65,2023-06-08,GRAND PRINCESS,310327000,9104005,College Fjord,Skagway,2023-06-08 06:26:26-08:00,2023-06-08 16:22:36-08:00,24.997,465.16,2023-06-09 17:22:26-08:00,16.64201954397394,22.0,GRAND_PRINCESS_0056
58,44,2023-06-09,NIEUW AMSTERDAM,246648000,9378450,College Fjord,Skagway,2023-06-09 05:58:10-08:00,2023-06-09 15:08:05-08:00,26.72,462.61,2023-06-10 17:51:17-08:00,16.21022927689594,19.1,NIEUW_AMSTERDAM_0048
59,198,2023-06-09,SAPPHIRE PRINCESS,235103357,9228186,Skagway,Hubbard Glacier,2023-06-09 09:31:09-08:00,2023-06-09 19:34:55-08:00,9.598,123.98,2023-06-10 05:10:48-08:00,12.802991452991453,14.2,SAPPHIRE_PRINCESS_0072
60,152,2023-06-11,RUBY PRINCESS,310567000,9378462,Ketchikan,Skagway,2023-06-11 06:01:59-08:00,2023-06-11 14:26:22-08:00,17.256,304.96,2023-06-12 07:41:45-08:00,16.99021739130435,21.4,RUBY_PRINCESS_0036
61,161,2023-06-11,VOLENDAM,245968000,9156515,Ketchikan,Skagway,2023-06-11 06:17:13-08:00,2023-06-11 15:13:25-08:00,18.676,304.32,2023-06-12 09:54:00-08:00,15.512144212523719,20.7,VOLENDAM_0038
62,66,2023-06-12,GRAND PRINCESS,310327000,9104005,Skagway,Hubbard Glacier,2023-06-12 09:15:14-08:00,2023-06-12 19:34:05-08:00,9.189,118.26,2023-06-13 04:45:24-08:00,13.472527472527473,18.1,GRAND_PRINCESS_0064
63,23,2023-06-13,EURODAM,245206000,9378448,Icy Strait Point,Juneau,2023-06-13 06:31:32-08:00,2023-06-13 15:50:26-08:00,1.621,28.33,2023-06-13 17:27:43-08:00,16.776106194690264,19.8,EURODAM_0062
64,45,2023-06-13,NIEUW AMSTERDAM,246648000,9378450,Skagway,Hubbard Glacier,2023-06-13 08:34:52-08:00,2023-06-13 18:31:47-08:00,10.113,117.83,2023-06-14 04:38:34-08:00,12.185214007782102,15.6,NIEUW_AMSTERDAM_0056
65,218,2023-06-14,ROYAL PRINCESS,310661000,9584712,Ketchikan,Skagway,2023-06-14 06:08:21-08:00,2023-06-14 14:32:21-08:00,15.691,304.3,2023-06-15 06:13:47-08:00,17.912416851441243,22.5,ROYAL_PRINCESS_0082
66,86,2023-06-14,KONINGSDAM,244830547,9692557,Ketchikan,Skagway,2023-06-14 06:19:43-08:00,2023-06-14 15:20:50-08:00,18.429,302.87,2023-06-15 09:46:36-08:00,15.781573498964804,18.9,KONINGSDAM_0050
67,130,2023-06-15,NORWEGIAN ENCORE,311000879,9751511,Ketchikan,Skagway,2023-06-15 06:09:29-08:00,2023-06-15 14:48:20-08:00,14.913,300.9,2023-06-16 05:43:07-08:00,18.112287334593574,23.2,NORWEGIAN_ENCORE_0046
68,237,2023-06-15,MAJESTIC PRINCESS,232002990,9614141,College Fjord,Skagway,2023-06-15 06:20:33-08:00,2023-06-15 15:13:30-08:00,26.601,461.39,2023-06-16 17:49:34-08:00,16.610618436406067,19.9,MAJESTIC_PRINCESS_0072
69,110,2023-06-16,NOORDAM,246028000,9230115,College Fjord,Skagway,2023-06-16 06:09:28-08:00,2023-06-16 15:51:27-08:00,26.391,462.29,2023-06-17 18:14:56-08:00,16.179339853300736,20.3,NOORDAM_0060
70,252,2023-06-16,QUEEN ELIZABETH,310625000,9477438,Ketchikan,Juneau,2023-06-16 07:11:41-08:00,2023-06-16 16:01:57-08:00,19.623,334.36,2023-06-17 11:39:18-08:00,17.143365134431917,21.5,QUEEN_ELIZABETH_0024
71,10,2023-06-17,NORWEGIAN JEWEL,311827000,9304045,Hubbard Glacier,Skagway,2023-06-17 06:04:42-08:00,2023-06-17 15:14:47-08:00,14.993,193.1,2023-06-18 06:14:21-08:00,13.831675392670158,20.0,NORWEGIAN_JEWEL_0086
72,162,2023-06-18,VOLENDAM,245968000,9156515,Ketchikan,Skagway,2023-06-18 06:06:26-08:00,2023-06-18 15:00:50-08:00,18.789,303.27,2023-06-19 09:48:11-08:00,15.27426326129666,20.1,VOLENDAM_0046
73,199,2023-06-19,SAPPHIRE PRINCESS,235103357,9228186,College Fjord,Skagway,2023-06-19 06:18:19-08:00,2023-06-19 15:05:15-08:00,26.382,459.79,2023-06-20 17:28:12-08:00,16.34332298136646,22.1,SAPPHIRE_PRINCESS_0088
74,238,2023-06-19,MAJESTIC PRINCESS,232002990,9614141,Icy Strait Point,Hubbard Glacier,2023-06-19 09:23:30-08:00,2023-06-19 18:59:17-08:00,1.911,28.08,2023-06-19 20:53:57-08:00,14.875000000000002,17.0,MAJESTIC_PRINCESS_0080
75,24,2023-06-20,EURODAM,245206000,9378448,Icy Strait Point,Juneau,2023-06-20 06:33:33-08:00,2023-06-20 15:40:23-08:00,1.768,28.03,2023-06-20 17:26:28-08:00,14.84732142857143,19.3,EURODAM_0072
76,111,2023-06-20,NOORDAM,246028000,9230115,Skagway,Hubbard Glacier,2023-06-20 08:35:03-08:00,2023-06-20 18:29:28-08:00,10.322,117.24,2023-06-21 04:48:48-08:00,11.225095057034222,13.8,NOORDAM_0068
77,219,2023-06-21,ROYAL PRINCESS,310661000,9584712,Ketchikan,Skagway,2023-06-21 06:09:54-08:00,2023-06-21 14:36:39-08:00,15.673,301.98,2023-06-22 06:17:02-08:00,18.04810426540284,23.0,ROYAL_PRINCESS_0094
78,87,2023-06-21,KONINGSDAM,244830547,9692557,Ketchikan,Skagway,2023-06-21 06:21:45-08:00,2023-06-21 15:22:48-08:00,18.669,304.28,2023-06-22 10:02:58-08:00,15.55578093306288,19.7,KONINGSDAM_0058
79,131,2023-06-22,NORWEGIAN ENCORE,311000879,9751511,Ketchikan,Skagway,2023-06-22 06:08:24-08:00,2023-06-22 14:50:14-08:00,15.018,299.66,2023-06-23 05:51:20-08:00,18.10781893004115,23.8,NORWEGIAN_ENCORE_0054
80,67,2023-06-22,GRAND PRINCESS,310327000,9104005,College Fjord,Skagway,2023-06-22 06:25:20-08:00,2023-06-22 15:40:17-08:00,25.648,462.86,2023-06-23 17:19:10-08:00,16.36267361111111,21.0,GRAND_PRINCESS_0078
81,46,2023-06-23,NIEUW AMSTERDAM,246648000,9378450,College Fjord,Skagway,2023-06-23 06:02:58-08:00,2023-06-23 14:58:59-08:00,26.516,462.48,2023-06-24 17:29:55-08:00,16.124868651488615,18.9,NIEUW_AMSTERDAM_0070
82,200,2023-06-23,SAPPHIRE PRINCESS,235103357,9228186,Skagway,Hubbard Glacier,2023-06-23 09:26:35-08:00,2023-06-23 19:27:28-08:00,9.753,122.42,2023-06-24 05:12:39-08:00,12.268619246861924,13.6,SAPPHIRE_PRINCESS_0096
83,178,2023-06-25,NORWEGIAN SUN,311109000,9218131,Skagway,Icy Strait Point,2023-06-25 06:03:43-08:00,2023-06-25 14:54:37-08:00,13.772,122.86,2023-06-26 04:40:57-08:00,8.999041533546325,12.5,NORWEGIAN_SUN_0056
84,163,2023-06-25,VOLENDAM,245968000,9156515,Ketchikan,Skagway,2023-06-25 06:22:49-08:00,2023-06-25 15:19:25-08:00,18.499,303.06,2023-06-26 09:49:20-08:00,15.585170340681362,20.1,VOLENDAM_0054
85,253,2023-06-26,QUEEN ELIZABETH,310625000,9477438,Ketchikan,Endicott Arm,2023-06-26 07:08:40-08:00,2023-06-26 16:19:29-08:00,17.979,331.59,2023-06-27 10:18:14-08:00,17.393078324225865,21.9,QUEEN_ELIZABETH_0040
86,68,2023-06-26,GRAND PRINCESS,310327000,9104005,Skagway,Hubbard Glacier,2023-06-26 09:24:24-08:00,2023-06-26 19:23:41-08:00,9.495,119.27,2023-06-27 04:53:24-08:00,12.40595744680851,14.4,GRAND_PRINCESS_0086
87,25,2023-06-27,EURODAM,245206000,9378448,Icy Strait Point,Juneau,2023-06-27 06:33:01-08:00,2023-06-27 15:31:34-08:00,1.799,28.04,2023-06-27 17:19:30-08:00,16.0198347107438,18.1,EURODAM_0082
88,47,2023-06-27,NIEUW AMSTERDAM,246648000,9378450,Skagway,Hubbard Glacier,2023-06-27 08:34:17-08:00,2023-06-27 18:19:26-08:00,10.285,117.27,2023-06-28 04:36:33-08:00,11.35953307392996,16.1,NIEUW_AMSTERDAM_0078
89,220,2023-06-28,ROYAL PRINCESS,310661000,9584712,Ketchikan,Skagway,2023-06-28 06:09:51-08:00,2023-06-28 14:29:48-08:00,15.85,302.03,2023-06-29 06:20:48-08:00,17.38257918552036,22.4,ROYAL_PRINCESS_0106
90,88,2023-06-28,KONINGSDAM,244830547,9692557,Ketchikan,Skagway,2023-06-28 06:24:55-08:00,2023-06-28 15:26:21-08:00,18.799,303.72,2023-06-29 10:14:19-08:00,15.661368209255533,18.6,KONINGSDAM_0066
91,132,2023-06-29,NORWEGIAN ENCORE,311000879,9751511,Ketchikan,Skagway,2023-06-29 06:09:10-08:00,2023-06-29 14:49:16-08:00,14.821,301.06,2023-06-30 05:38:32-08:00,18.210504201680674,22.7,NORWEGIAN_ENCORE_0062
92,239,2023-06-29,MAJESTIC PRINCESS,232002990,9614141,College Fjord,Skagway,2023-06-29 06:20:49-08:00,2023-06-29 15:04:21-08:00,26.851,460.92,2023-06-30 17:55:25-08:00,15.569020866773675,20.2,MAJESTIC_PRINCESS_0096
93,112,2023-06-30,NOORDAM,246028000,9230115,College Fjord,Skagway,2023-06-30 06:06:35-08:00,2023-06-30 15:56:28-08:00,26.181,461.82,2023-07-01 18:07:21-08:00,16.67702479338843,19.2,NOORDAM_0082
94,11,2023-07-01,NORWEGIAN JEWEL,311827000,9304045,Hubbard Glacier,Skagway,2023-07-01 05:59:53-08:00,2023-07-01 15:01:26-08:00,15.248,192.9,2023-07-02 06:16:18-08:00,13.603225806451611,19.0,NORWEGIAN_JEWEL_0110
95,153,2023-07-01,RUBY PRINCESS,310567000,9378462,Ketchikan,Skagway,2023-07-01 06:23:34-08:00,2023-07-01 15:15:20-08:00,17.138,303.84,2023-07-02 08:23:35-08:00,16.88589211618257,20.6,RUBY_PRINCESS_0056
96,164,2023-07-02,VOLENDAM,245968000,9156515,Ketchikan,Skagway,2023-07-02 06:08:29-08:00,2023-07-02 15:02:10-08:00,18.212,303.55,2023-07-03 09:14:52-08:00,15.957226562499999,21.8,VOLENDAM_0062
97,201,2023-07-03,SAPPHIRE PRINCESS,235103357,9228186,College Fjord,Skagway,2023-07-03 06:14:03-08:00,2023-07-03 15:08:13-08:00,26.477,460.75,2023-07-04 17:36:50-08:00,16.604347826086954,20.7,SAPPHIRE_PRINCESS_0112
98,240,2023-07-03,MAJESTIC PRINCESS,232002990,9614141,Icy Strait Point,Hubbard Glacier,2023-07-03 09:13:30-08:00,2023-07-03 19:03:44-08:00,1.834,27.87,2023-07-03 20:53:45-08:00,14.295689655172415,16.9,MAJESTIC_PRINCESS_0104
99,26,2023-07-04,EURODAM,245206000,9378448,Icy Strait Point,Juneau,2023-07-04 06:33:32-08:00,2023-07-04 15:39:52-08:00,1.681,28.07,2023-07-04 17:20:43-08:00,15.899082568807344,19.7,EURODAM_0092
100,113,2023-07-04,NOORDAM,246028000,9230115,Skagway,Hubbard Glacier,2023-07-04 08:33:44-08:00,2023-07-04 17:59:25-08:00,11.267,117.49,2023-07-05 05:15:25-08:00,10.37906976744186,13.9,NOORDAM_0090
101,221,2023-07-05,ROYAL PRINCESS,310661000,9584712,Ketchikan,Skagway,2023-07-05 06:11:21-08:00,2023-07-05 14:39:55-08:00,15.604,302.6,2023-07-06 06:16:11-08:00,18.201315789473682,23.8,ROYAL_PRINCESS_0118
102,89,2023-07-05,KONINGSDAM,244830547,9692557,Ketchikan,Skagway,2023-07-05 06:23:57-08:00,2023-07-05 15:34:42-08:00,17.938,302.58,2023-07-06 09:30:57-08:00,16.037909836065573,20.1,KONINGSDAM_0074
103,133,2023-07-06,NORWEGIAN ENCORE,311000879,9751511,Ketchikan,Skagway,2023-07-06 06:03:09-08:00,2023-07-06 15:04:40-08:00,14.609,299.6,2023-07-07 05:41:13-08:00,18.413195876288658,24.8,NORWEGIAN_ENCORE_0070
104,69,2023-07-06,GRAND PRINCESS,310327000,9104005,College Fjord,Skagway,2023-07-06 06:22:55-08:00,2023-07-06 15:50:42-08:00,25.398,465.42,2023-07-07 17:14:35-08:00,16.896575342465752,21.0,GRAND_PRINCESS_0100
105,48,2023-07-07,NIEUW AMSTERDAM,246648000,9378450,College Fjord,Skagway,2023-07-07 06:02:51-08:00,2023-07-07 15:11:23-08:00,26.561,463.41,2023-07-08 17:45:04-08:00,16.058196721311475,20.2,NIEUW_AMSTERDAM_0092
106,202,2023-07-07,SAPPHIRE PRINCESS,235103357,9228186,Skagway,Hubbard Glacier,2023-07-07 09:30:39-08:00,2023-07-07 19:28:10-08:00,10.647,123.18,2023-07-08 06:06:59-08:00,11.270881226053639,14.3,SAPPHIRE_PRINCESS_0120
107,105,2023-07-09,CROWN PRINCESS,310500000,9293399,Icy Strait Point,Sitka,2023-07-09 06:03:45-08:00,2023-07-09 16:15:33-08:00,13.762,156.05,2023-07-10 06:01:16-08:00,11.232249322493224,13.8,CROWN_PRINCESS_0076
108,165,2023-07-09,VOLENDAM,245968000,9156515,Ketchikan,Skagway,2023-07-09 06:24:33-08:00,2023-07-09 15:51:25-08:00,17.799,303.6,2023-07-10 09:39:21-08:00,16.081496062992127,21.4,VOLENDAM_0070
109,70,2023-07-10,GRAND PRINCESS,310327000,9104005,Skagway,Hubbard Glacier,2023-07-10 09:27:59-08:00,2023-07-10 19:20:46-08:00,9.591,118.57,2023-07-11 04:56:14-08:00,12.34353448275862,14.2,GRAND_PRINCESS_0108
110,27,2023-07-11,EURODAM,245206000,9378448,Icy Strait Point,Juneau,2023-07-11 06:33:34-08:00,2023-07-11 15:32:28-08:00,1.74,27.75,2023-07-11 17:16:53-08:00,15.55196078431373,17.8,EURODAM_0102
111,49,2023-07-11,NIEUW AMSTERDAM,246648000,9378450,Skagway,Hubbard Glacier,2023-07-11 08:30:43-08:00,2023-07-11 18:33:22-08:00,10.019,117.0,2023-07-12 04:34:32-08:00,11.982539682539683,16.0,NIEUW_AMSTERDAM_0100
112,222,2023-07-12,ROYAL PRINCESS,310661000,9584712,Ketchikan,Skagway,2023-07-12 06:08:27-08:00,2023-07-12 14:36:45-08:00,15.716,305.59,2023-07-13 06:19:42-08:00,18.03747572815534,22.4,ROYAL_PRINCESS_0130
113,90,2023-07-12,KONINGSDAM,244830547,9692557,Ketchikan,Skagway,2023-07-12 06:17:45-08:00,2023-07-12 15:25:01-08:00,18.833,304.61,2023-07-13 10:14:58-08:00,15.713645621181263,18.8,KONINGSDAM_0082
114,134,2023-07-13,NORWEGIAN ENCORE,311000879,9751511,Ketchikan,Skagway,2023-07-13 06:06:15-08:00,2023-07-13 14:41:15-08:00,14.947,299.65,2023-07-14 05:38:06-08:00,17.495445544554457,23.3,NORWEGIAN_ENCORE_0078
115,241,2023-07-13,MAJESTIC PRINCESS,232002990,9614141,College Fjord,Skagway,2023-07-13 06:21:08-08:00,2023-07-13 15:00:18-08:00,26.75,459.92,2023-07-14 17:45:19-08:00,15.987737478411052,20.2,MAJESTIC_PRINCESS_0120
116,254,2023-07-14,QUEEN ELIZABETH,310625000,9477438,Ketchikan,Icy Strait Point,2023-07-14 06:06:40-08:00,2023-07-14 14:50:42-08:00,18.098,331.7,2023-07-15 08:56:34-08:00,17.174999999999997,23.5,QUEEN_ELIZABETH_0068
117,114,2023-07-14,NOORDAM,246028000,9230115,College Fjord,Skagway,2023-07-14 07:34:36-08:00,2023-07-14 17:35:49-08:00,24.822,462.34,2023-07-15 18:25:08-08:00,17.23671742808799,21.4,NOORDAM_0104
118,12,2023-07-15,NORWEGIAN JEWEL,311827000,9304045,Hubbard Glacier,Skagway,2023-07-15 06:01:18-08:00,2023-07-15 15:33:42-08:00,14.937,194.22,2023-07-16 06:29:55-08:00,13.266931216931216,16.5,NORWEGIAN_JEWEL_0134
119,166,2023-07-16,VOLENDAM,245968000,9156515,Ketchikan,Skagway,2023-07-16 06:01:53-08:00,2023-07-16 14:59:08-08:00,18.973,302.15,2023-07-17 09:57:30-08:00,15.407222222222225,19.6,VOLENDAM_0078
120,203,2023-07-17,SAPPHIRE PRINCESS,235103357,9228186,College Fjord,Skagway,2023-07-17 06:10:43-08:00,2023-07-17 15:08:35-08:00,26.096,460.72,2023-07-18 17:14:20-08:00,16.9510101010101,20.4,SAPPHIRE_PRINCESS_0136
121,242,2023-07-17,MAJESTIC PRINCESS,232002990,9614141,Icy Strait Point,Hubbard Glacier,2023-07-17 09:18:24-08:00,2023-07-17 19:04:11-08:00,1.881,28.1,2023-07-17 20:57:04-08:00,14.359349593495933,16.7,MAJESTIC_PRINCESS_0128
122,28,2023-07-18,EURODAM,245206000,9378448,Icy Strait Point,Juneau,2023-07-18 06:39:47-08:00,2023-07-18 15:30:46-08:00,1.937,27.76,2023-07-18 17:27:01-08:00,13.276315789473685,16.4,EURODAM_0112
123,115,2023-07-18,NOORDAM,246028000,9230115,Skagway,Hubbard Glacier,2023-07-18 08:34:24-08:00,2023-07-18 18:16:05-08:00,10.839,118.96,2023-07-19 05:06:24-08:00,10.757337883959043,14.4,NOORDAM_0112
124,223,2023-07-19,ROYAL PRINCESS,310661000,9584712,Ketchikan,Skagway,2023-07-19 06:14:41-08:00,2023-07-19 14:40:05-08:00,15.601,303.72,2023-07-20 06:16:08-08:00,17.94330357142857,23.6,ROYAL_PRINCESS_0142
125,91,2023-07-19,KONINGSDAM,244830547,9692557,Ketchikan,Skagway,2023-07-19 06:29:17-08:00,2023-07-19 15:22:09-08:00,18.495,303.45,2023-07-20 09:51:50-08:00,15.695705521472394,18.7,KONINGSDAM_0090
126,135,2023-07-20,NORWEGIAN ENCORE,311000879,9751511,Ketchikan,Skagway,2023-07-20 06:03:07-08:00,2023-07-20 14:58:30-08:00,14.602,299.33,2023-07-21 05:34:37-08:00,18.384848484848483,23.7,NORWEGIAN_ENCORE_0086
127,71,2023-07-20,GRAND PRINCESS,310327000,9104005,College Fjord,Skagway,2023-07-20 06:26:43-08:00,2023-07-20 15:36:47-08:00,25.58,465.09,2023-07-21 17:11:34-08:00,17.1862969004894,20.9,GRAND_PRINCESS_0122
128,50,2023-07-21,NIEUW AMSTERDAM,246648000,9378450,College Fjord,Skagway,2023-07-21 06:04:28-08:00,2023-07-21 14:58:20-08:00,26.882,462.25,2023-07-22 17:51:14-08:00,16.23733108108108,19.8,NIEUW_AMSTERDAM_0114
129,204,2023-07-21,SAPPHIRE PRINCESS,235103357,9228186,Skagway,Hubbard Glacier,2023-07-21 09:22:54-08:00,2023-07-21 19:25:55-08:00,10.756,123.26,2023-07-22 06:11:15-08:00,11.302573529411763,13.3,SAPPHIRE_PRINCESS_0144
130,167,2023-07-23,VOLENDAM,245968000,9156515,Ketchikan,Skagway,2023-07-23 06:10:01-08:00,2023-07-23 15:03:09-08:00,19.022,305.17,2023-07-24 10:04:29-08:00,15.560500963391137,19.8,VOLENDAM_0086
131,255,2023-07-24,QUEEN ELIZABETH,310625000,9477438,Victoria,Skagway,2023-07-24 06:03:35-08:00,2023-07-24 15:01:54-08:00,44.531,862.49,2023-07-26 11:33:47-08:00,17.734591961023142,22.6,QUEEN_ELIZABETH_0084
132,72,2023-07-24,GRAND PRINCESS,310327000,9104005,Skagway,Whittier,2023-07-24 09:20:00-08:00,2023-07-24 19:07:58-08:00,9.816,118.54,2023-07-25 04:56:57-08:00,12.178431372549019,13.6,GRAND_PRINCESS_0128
133,29,2023-07-25,EURODAM,245206000,9378448,Icy Strait Point,Juneau,2023-07-25 06:34:33-08:00,2023-07-25 15:17:03-08:00,1.939,28.1,2023-07-25 17:13:22-08:00,14.383898305084745,20.1,EURODAM_0122
134,51,2023-07-25,NIEUW AMSTERDAM,246648000,9378450,Skagway,Hubbard Glacier,2023-07-25 08:32:31-08:00,2023-07-25 18:25:38-08:00,10.123,116.84,2023-07-26 04:33:01-08:00,11.702597402597403,13.3,NIEUW_AMSTERDAM_0122
135,224,2023-07-26,ROYAL PRINCESS,310661000,9584712,Ketchikan,Skagway,2023-07-26 06:07:49-08:00,2023-07-26 14:34:47-08:00,15.705,300.89,2023-07-27 06:17:04-08:00,17.652631578947368,22.9,ROYAL_PRINCESS_0154
136,92,2023-07-26,KONINGSDAM,244830547,9692557,Ketchikan,Skagway,2023-07-26 06:18:09-08:00,2023-07-26 14:43:46-08:00,19.254,302.81,2023-07-27 09:59:01-08:00,14.833653846153846,18.5,KONINGSDAM_0098
137,136,2023-07-27,NORWEGIAN ENCORE,311000879,9751511,Ketchikan,Skagway,2023-07-27 06:11:31-08:00,2023-07-27 15:00:41-08:00,13.806,300.5,2023-07-28 04:49:03-08:00,19.72398286937901,23.9,NORWEGIAN_ENCORE_0094
138,243,2023-07-27,MAJESTIC PRINCESS,232002990,9614141,College Fjord,Skagway,2023-07-27 06:15:40-08:00,2023-07-27 15:11:21-08:00,26.605,458.62,2023-07-28 17:47:38-08:00,15.70582191780822,20.3,MAJESTIC_PRINCESS_0144
139,116,2023-07-28,NOORDAM,246028000,9230115,College Fjord,Skagway,2023-07-28 06:02:07-08:00,2023-07-28 16:03:11-08:00,26.173,461.73,2023-07-29 18:13:35-08:00,16.720795107033638,20.0,NOORDAM_0126
140,13,2023-07-29,NORWEGIAN JEWEL,311827000,9304045,Hubbard Glacier,Skagway,2023-07-29 05:56:22-08:00,2023-07-29 15:24:39-08:00,15.206,194.13,2023-07-30 06:37:02-08:00,12.694555873925504,14.9,NORWEGIAN_JEWEL_0158
141,168,2023-07-30,VOLENDAM,245968000,9156515,Ketchikan,Skagway,2023-07-30 06:08:06-08:00,2023-07-30 14:59:58-08:00,19.127,304.18,2023-07-31 10:07:36-08:00,14.902851711026615,19.2,VOLENDAM_0094
142,256,2023-07-30,QUEEN ELIZABETH,310625000,9477438,Hubbard Glacier,Sitka,2023-07-30 06:55:40-08:00,2023-07-30 17:05:23-08:00,15.718,192.04,2023-07-31 08:48:26-08:00,12.261538461538462,15.2,QUEEN_ELIZABETH_0092
143,205,2023-07-31,SAPPHIRE PRINCESS,235103357,9228186,College Fjord,Skagway,2023-07-31 06:12:31-08:00,2023-07-31 15:13:20-08:00,25.761,460.49,2023-08-01 16:59:01-08:00,17.30358361774744,21.3,SAPPHIRE_PRINCESS_0160
144,244,2023-07-31,MAJESTIC PRINCESS,232002990,9614141,Icy Strait Point,Hubbard Glacier,2023-07-31 09:18:14-08:00,2023-07-31 19:07:43-08:00,2.092,28.07,2023-07-31 21:13:15-08:00,12.900826446280991,15.6,MAJESTIC_PRINCESS_0152
145,30,2023-08-01,EURODAM,245206000,9378448,Icy Strait Point,Juneau,2023-08-01 06:41:36-08:00,2023-08-01 15:13:22-08:00,2.033,29.17,2023-08-01 17:15:19-08:00,13.873722627737225,18.6,EURODAM_0132
146,117,2023-08-01,NOORDAM,246028000,9230115,Skagway,Hubbard Glacier,2023-08-01 08:33:59-08:00,2023-08-01 18:23:56-08:00,10.725,117.39,2023-08-02 05:07:25-08:00,11.04078431372549,12.1,NOORDAM_0134
147,225,2023-08-02,ROYAL PRINCESS,310661000,9584712,Ketchikan,Skagway,2023-08-02 06:10:17-08:00,2023-08-02 14:45:26-08:00,15.511,302.39,2023-08-03 06:16:06-08:00,18.05638766519824,23.3,ROYAL_PRINCESS_0166
148,93,2023-08-02,KONINGSDAM,244830547,9692557,Ketchikan,Skagway,2023-08-02 06:26:43-08:00,2023-08-02 15:28:58-08:00,17.563,301.87,2023-08-03 09:02:44-08:00,16.462027833001986,21.2,KONINGSDAM_0106
149,137,2023-08-03,NORWEGIAN ENCORE,311000879,9751511,Ketchikan,Skagway,2023-08-03 06:06:10-08:00,2023-08-03 15:16:22-08:00,14.349,297.39,2023-08-04 05:37:17-08:00,18.917872340425532,24.0,NORWEGIAN_ENCORE_0104
150,73,2023-08-03,GRAND PRINCESS,310327000,9104005,College Fjord,Skagway,2023-08-03 06:24:07-08:00,2023-08-03 16:13:21-08:00,25.129,466.23,2023-08-04 17:21:06-08:00,17.512622950819672,21.9,GRAND_PRINCESS_0142
151,52,2023-08-04,NIEUW AMSTERDAM,246648000,9378450,College Fjord,Skagway,2023-08-04 06:05:36-08:00,2023-08-04 15:27:50-08:00,26.136,462.94,2023-08-05 17:35:58-08:00,16.791651865008884,19.6,NIEUW_AMSTERDAM_0136
152,206,2023-08-04,SAPPHIRE PRINCESS,235103357,9228186,Skagway,Hubbard Glacier,2023-08-04 09:24:30-08:00,2023-08-04 19:36:39-08:00,10.534,123.99,2023-08-05 06:08:42-08:00,11.768045112781955,14.4,SAPPHIRE_PRINCESS_0168
153,169,2023-08-06,VOLENDAM,245968000,9156515,Ketchikan,Skagway,2023-08-06 06:06:21-08:00,2023-08-06 15:12:52-08:00,19.165,304.74,2023-08-07 10:22:47-08:00,15.239029126213593,19.4,VOLENDAM_0102
154,74,2023-08-07,GRAND PRINCESS,310327000,9104005,Skagway,Hubbard Glacier,2023-08-07 09:27:35-08:00,2023-08-07 19:15:28-08:00,9.679,118.53,2023-08-08 04:56:14-08:00,12.041897233201583,16.0,GRAND_PRINCESS_0150
155,31,2023-08-08,EURODAM,245206000,9378448,Icy Strait Point,Juneau,2023-08-08 06:27:28-08:00,2023-08-08 15:16:36-08:00,1.912,28.1,2023-08-08 17:11:18-08:00,14.153636363636368,16.9,EURODAM_0142
156,53,2023-08-08,NIEUW AMSTERDAM,246648000,9378450,Skagway,Hubbard Glacier,2023-08-08 08:27:49-08:00,2023-08-08 18:18:59-08:00,10.258,117.05,2023-08-09 04:34:28-08:00,11.464528301886793,15.9,NIEUW_AMSTERDAM_0144
157,226,2023-08-09,ROYAL PRINCESS,310661000,9584712,Ketchikan,Skagway,2023-08-09 06:05:40-08:00,2023-08-09 14:27:58-08:00,15.862,304.71,2023-08-10 06:19:41-08:00,17.519057815845823,22.4,ROYAL_PRINCESS_0178
158,94,2023-08-09,KONINGSDAM,244830547,9692557,Ketchikan,Skagway,2023-08-09 06:19:04-08:00,2023-08-09 15:20:23-08:00,18.345,303.06,2023-08-10 09:41:05-08:00,15.866239316239316,19.3,KONINGSDAM_0114
159,138,2023-08-10,NORWEGIAN ENCORE,311000879,9751511,Ketchikan,Skagway,2023-08-10 06:06:02-08:00,2023-08-10 14:52:52-08:00,14.927,303.14,2023-08-11 05:48:28-08:00,18.27608286252354,22.9,NORWEGIAN_ENCORE_0112
160,245,2023-08-10,MAJESTIC PRINCESS,232002990,9614141,College Fjord,Skagway,2023-08-10 06:15:18-08:00,2023-08-10 15:05:23-08:00,26.811,459.14,2023-08-11 17:54:04-08:00,15.602946273830156,20.6,MAJESTIC_PRINCESS_0168
161,154,2023-08-11,RUBY PRINCESS,310567000,9378462,Prince Rupert,Juneau,2023-08-11 06:05:59-08:00,2023-08-11 14:54:53-08:00,20.294,400.93,2023-08-12 11:12:31-08:00,17.109335443037974,22.0,RUBY_PRINCESS_0090
162,118,2023-08-11,NOORDAM,246028000,9230115,College Fjord,Skagway,2023-08-11 06:23:27-08:00,2023-08-11 16:03:06-08:00,25.882,461.7,2023-08-12 17:56:02-08:00,17.292361927144537,20.5,NOORDAM_0148
163,14,2023-08-12,NORWEGIAN JEWEL,311827000,9304045,Hubbard Glacier,Skagway,2023-08-12 06:07:40-08:00,2023-08-12 15:34:55-08:00,14.599,194.62,2023-08-13 06:10:50-08:00,13.119739696312365,15.4,NORWEGIAN_JEWEL_0182
164,170,2023-08-13,VOLENDAM,245968000,9156515,Ketchikan,Skagway,2023-08-13 06:05:35-08:00,2023-08-13 14:57:58-08:00,19.18,304.03,2023-08-14 10:08:45-08:00,14.89471766848816,19.3,VOLENDAM_0110
165,257,2023-08-13,QUEEN ELIZABETH,310625000,9477438,Sitka,Skagway,2023-08-13 07:06:12-08:00,2023-08-13 17:02:28-08:00,12.214,137.0,2023-08-14 05:15:19-08:00,11.270108695652175,13.3,QUEEN_ELIZABETH_0116
166,207,2023-08-14,SAPPHIRE PRINCESS,235103357,9228186,College Fjord,Skagway,2023-08-14 06:08:00-08:00,2023-08-14 15:06:58-08:00,26.388,463.0,2023-08-15 17:30:14-08:00,17.134739454094294,24.0,SAPPHIRE_PRINCESS_0184
167,246,2023-08-14,MAJESTIC PRINCESS,232002990,9614141,Icy Strait Point,Hubbard Glacier,2023-08-14 09:16:29-08:00,2023-08-14 18:58:04-08:00,2.052,28.14,2023-08-14 21:01:10-08:00,12.917213114754098,15.5,MAJESTIC_PRINCESS_0176
168,32,2023-08-15,EURODAM,245206000,9378448,Icy Strait Point,Juneau,2023-08-15 06:30:55-08:00,2023-08-15 15:16:18-08:00,1.925,27.93,2023-08-15 17:11:47-08:00,13.49846153846154,17.3,EURODAM_0152
169,119,2023-08-15,NOORDAM,246028000,9230115,Skagway,Hubbard Glacier,2023-08-15 08:32:16-08:00,2023-08-15 18:13:03-08:00,10.883,118.55,2023-08-16 05:06:02-08:00,11.337499999999999,17.5,NOORDAM_0156
170,227,2023-08-16,ROYAL PRINCESS,310661000,9584712,Ketchikan,Skagway,2023-08-16 06:10:01-08:00,2023-08-16 14:41:01-08:00,15.639,302.18,2023-08-17 06:19:23-08:00,18.17,22.9,ROYAL_PRINCESS_0192
171,95,2023-08-16,KONINGSDAM,244830547,9692557,Ketchikan,Skagway,2023-08-16 06:21:59-08:00,2023-08-16 15:39:39-08:00,17.866,303.24,2023-08-17 09:31:36-08:00,16.449610894941635,20.9,KONINGSDAM_0122
172,139,2023-08-17,NORWEGIAN ENCORE,311000879,9751511,Ketchikan,Skagway,2023-08-17 06:05:35-08:00,2023-08-17 14:50:01-08:00,14.756,300.82,2023-08-18 05:35:24-08:00,18.382494969818914,23.3,NORWEGIAN_ENCORE_0120
173,75,2023-08-17,GRAND PRINCESS,310327000,9104005,College Fjord,Skagway,2023-08-17 06:22:20-08:00,2023-08-17 15:46:48-08:00,25.469,465.93,2023-08-18 17:14:58-08:00,16.855259026687598,21.1,GRAND_PRINCESS_0164
174,54,2023-08-18,NIEUW AMSTERDAM,246648000,9378450,College Fjord,Skagway,2023-08-18 06:05:53-08:00,2023-08-18 15:04:35-08:00,26.552,462.52,2023-08-19 17:37:41-08:00,16.62512998266898,19.8,NIEUW_AMSTERDAM_0158
175,208,2023-08-18,SAPPHIRE PRINCESS,235103357,9228186,Skagway,Hubbard Glacier,2023-08-18 09:20:21-08:00,2023-08-18 19:18:35-08:00,9.841,123.5,2023-08-19 05:09:01-08:00,12.314693877551022,14.1,SAPPHIRE_PRINCESS_0192
176,155,2023-08-20,RUBY PRINCESS,310567000,9378462,Ketchikan,Skagway,2023-08-20 06:06:33-08:00,2023-08-20 14:45:02-08:00,17.296,333.9,2023-08-21 08:02:48-08:00,18.188212927756656,22.4,RUBY_PRINCESS_0098
177,171,2023-08-20,VOLENDAM,245968000,9156515,Ketchikan,Skagway,2023-08-20 06:26:44-08:00,2023-08-20 15:05:31-08:00,18.889,303.03,2023-08-21 09:58:51-08:00,15.637297297297298,20.2,VOLENDAM_0118
178,76,2023-08-21,GRAND PRINCESS,310327000,9104005,Skagway,Hubbard Glacier,2023-08-21 09:17:36-08:00,2023-08-21 19:13:13-08:00,9.736,119.11,2023-08-22 04:57:23-08:00,12.083397683397685,13.2,GRAND_PRINCESS_0172
179,33,2023-08-22,EURODAM,245206000,9378448,Icy Strait Point,Juneau,2023-08-22 06:31:29-08:00,2023-08-22 15:16:58-08:00,1.869,28.12,2023-08-22 17:09:06-08:00,14.20793650793651,17.6,EURODAM_0162
180,55,2023-08-22,NIEUW AMSTERDAM,246648000,9378450,Skagway,Hubbard Glacier,2023-08-22 08:34:40-08:00,2023-08-22 18:29:33-08:00,10.068,118.43,2023-08-23 04:33:39-08:00,11.743190661478598,16.1,NIEUW_AMSTERDAM_0166
181,228,2023-08-23,ROYAL PRINCESS,310661000,9584712,Ketchikan,Skagway,2023-08-23 06:04:44-08:00,2023-08-23 14:30:08-08:00,15.713,302.97,2023-08-24 06:12:55-08:00,17.894947368421054,23.8,ROYAL_PRINCESS_0204
182,96,2023-08-23,KONINGSDAM,244830547,9692557,Ketchikan,Skagway,2023-08-23 06:21:06-08:00,2023-08-23 15:37:23-08:00,17.973,304.49,2023-08-24 09:35:46-08:00,16.464876033057852,20.5,KONINGSDAM_0130
183,140,2023-08-24,NORWEGIAN ENCORE,311000879,9751511,Ketchikan,Skagway,2023-08-24 06:02:41-08:00,2023-08-24 14:48:50-08:00,14.861,300.96,2023-08-25 05:40:29-08:00,18.61951219512195,24.2,NORWEGIAN_ENCORE_0128
184,247,2023-08-24,MAJESTIC PRINCESS,232002990,9614141,College Fjord,Skagway,2023-08-24 06:13:16-08:00,2023-08-24 15:07:42-08:00,26.747,459.33,2023-08-25 17:52:33-08:00,15.464685314685314,20.7,MAJESTIC_PRINCESS_0192
185,120,2023-08-25,NOORDAM,246028000,9230115,College Fjord,Skagway,2023-08-25 06:06:48-08:00,2023-08-25 15:36:20-08:00,26.778,464.21,2023-08-26 18:23:00-08:00,15.858287292817682,20.0,NOORDAM_0170
186,15,2023-08-26,NORWEGIAN JEWEL,311827000,9304045,Hubbard Glacier,Skagway,2023-08-26 06:08:36-08:00,2023-08-26 15:31:49-08:00,15.52,193.63,2023-08-27 07:03:00-08:00,12.197922848664687,15.0,NORWEGIAN_JEWEL_0206
187,172,2023-08-27,VOLENDAM,245968000,9156515,Ketchikan,Skagway,2023-08-27 06:06:01-08:00,2023-08-27 14:46:46-08:00,19.3,305.83,2023-08-28 10:04:46-08:00,15.005494505494505,20.0,VOLENDAM_0126
188,209,2023-08-28,SAPPHIRE PRINCESS,235103357,9228186,College Fjord,Skagway,2023-08-28 06:11:20-08:00,2023-08-28 15:20:09-08:00,26.169,460.83,2023-08-29 17:30:18-08:00,16.76805324459235,21.3,SAPPHIRE_PRINCESS_0208
189,248,2023-08-28,MAJESTIC PRINCESS,232002990,9614141,Icy Strait Point,Hubbard Glacier,2023-08-28 09:15:13-08:00,2023-08-28 19:06:06-08:00,2.056,28.01,2023-08-28 21:09:26-08:00,13.4970297029703,15.5,MAJESTIC_PRINCESS_0200
190,34,2023-08-29,EURODAM,245206000,9378448,Icy Strait Point,Juneau,2023-08-29 06:32:33-08:00,2023-08-29 15:13:22-08:00,1.94,28.32,2023-08-29 17:09:46-08:00,14.115873015873017,18.2,EURODAM_0172
191,121,2023-08-29,NOORDAM,246028000,9230115,Skagway,Hubbard Glacier,2023-08-29 08:32:14-08:00,2023-08-29 18:03:06-08:00,10.492,121.5,2023-08-30 04:32:36-08:00,11.875,13.9,NOORDAM_0178
192,229,2023-08-30,ROYAL PRINCESS,310661000,9584712,Ketchikan,Skagway,2023-08-30 06:11:12-08:00,2023-08-30 14:39:39-08:00,15.663,303.45,2023-08-31 06:19:25-08:00,18.35239234449761,22.8,ROYAL_PRINCESS_0216
193,97,2023-08-30,KONINGSDAM,244830547,9692557,Ketchikan,Skagway,2023-08-30 06:25:34-08:00,2023-08-30 15:30:23-08:00,18.806,305.93,2023-08-31 10:18:45-08:00,14.865964912280699,22.8,KONINGSDAM_0138
194,141,2023-08-31,NORWEGIAN ENCORE,311000879,9751511,Ketchikan,Skagway,2023-08-31 06:01:12-08:00,2023-08-31 14:58:30-08:00,14.954,301.91,2023-09-01 05:55:45-08:00,18.27239488117002,23.9,NORWEGIAN_ENCORE_0136
195,77,2023-08-31,GRAND PRINCESS,310327000,9104005,College Fjord,Skagway,2023-08-31 06:23:16-08:00,2023-08-31 15:27:19-08:00,26.144,464.61,2023-09-01 17:35:58-08:00,16.534899328859062,21.8,GRAND_PRINCESS_0186
196,56,2023-09-01,NIEUW AMSTERDAM,246648000,9378450,College Fjord,Skagway,2023-09-01 06:06:40-08:00,2023-09-01 15:11:15-08:00,26.772,463.35,2023-09-02 17:57:35-08:00,16.51626506024096,22.1,NIEUW_AMSTERDAM_0180
197,210,2023-09-01,SAPPHIRE PRINCESS,235103357,9228186,Skagway,Hubbard Glacier,2023-09-01 09:19:12-08:00,2023-09-01 19:18:57-08:00,10.792,124.19,2023-09-02 06:06:27-08:00,11.145686900958466,14.3,SAPPHIRE_PRINCESS_0216
198,186,2023-09-02,SEABOURN ODYSSEY,309416000,9417086,Wrangell,Juneau,2023-09-02 07:09:29-08:00,2023-09-02 16:42:43-08:00,16.082,247.98,2023-09-03 08:47:39-08:00,14.948140043763674,18.8,SEABOURN_ODYSSEY_0182
199,104,2023-09-02,NORWEGIAN SPIRIT,311746000,9141065,Juneau,Ketchikan,2023-09-02 09:08:00-08:00,2023-09-02 17:55:54-08:00,12.761,132.85,2023-09-03 06:41:34-08:00,10.50532786885246,13.0,NORWEGIAN_SPIRIT_0186
200,173,2023-09-03,VOLENDAM,245968000,9156515,Ketchikan,Skagway,2023-09-03 06:20:10-08:00,2023-09-03 14:52:13-08:00,19.265,302.55,2023-09-04 10:08:08-08:00,14.910035842293906,19.5,VOLENDAM_0134
201,190,2023-09-03,VIKING ORION,257034130,9796250,Hubbard Glacier,Juneau,2023-09-03 06:41:21-08:00,2023-09-03 16:28:02-08:00,14.933,187.19,2023-09-04 07:23:59-08:00,12.585117056856186,17.3,VIKING_ORION_0172
202,78,2023-09-04,GRAND PRINCESS,310327000,9104005,Skagway,Whittier,2023-09-04 09:20:37-08:00,2023-09-04 19:15:03-08:00,9.643,118.36,2023-09-05 04:53:37-08:00,12.264727272727274,16.3,GRAND_PRINCESS_0192
203,35,2023-09-05,EURODAM,245206000,9378448,Icy Strait Point,Juneau,2023-09-05 06:33:33-08:00,2023-09-05 15:28:31-08:00,1.681,28.34,2023-09-05 17:09:24-08:00,16.101709401709403,20.3,EURODAM_0182
204,57,2023-09-05,NIEUW AMSTERDAM,246648000,9378450,Skagway,Hubbard Glacier,2023-09-05 08:22:16-08:00,2023-09-05 18:31:41-08:00,10.009,117.02,2023-09-06 04:32:12-08:00,11.738372093023257,13.6,NIEUW_AMSTERDAM_0188
205,230,2023-09-06,ROYAL PRINCESS,310661000,9584712,Ketchikan,Skagway,2023-09-06 06:16:14-08:00,2023-09-06 14:31:58-08:00,15.74,303.88,2023-09-07 06:16:21-08:00,18.136486486486486,23.0,ROYAL_PRINCESS_0228
206,98,2023-09-06,KONINGSDAM,244830547,9692557,Ketchikan,Skagway,2023-09-06 06:29:21-08:00,2023-09-06 15:19:23-08:00,18.331,304.01,2023-09-07 09:39:13-08:00,16.09323770491803,19.1,KONINGSDAM_0146
207,142,2023-09-07,NORWEGIAN ENCORE,311000879,9751511,Ketchikan,Skagway,2023-09-07 06:22:57-08:00,2023-09-07 14:16:41-08:00,14.253,298.37,2023-09-08 04:31:53-08:00,19.058178053830233,23.7,NORWEGIAN_ENCORE_0146
208,249,2023-09-07,MAJESTIC PRINCESS,232002990,9614141,College Fjord,Skagway,2023-09-07 06:34:00-08:00,2023-09-07 15:06:47-08:00,26.8,459.74,2023-09-08 17:54:46-08:00,15.619422150882828,20.3,MAJESTIC_PRINCESS_0216
209,179,2023-09-08,NORWEGIAN SUN,311109000,9218131,Skagway,Icy Strait Point,2023-09-08 06:19:28-08:00,2023-09-08 15:47:43-08:00,14.211,124.86,2023-09-09 06:00:23-08:00,9.000983606557378,12.6,NORWEGIAN_SUN_0142
210,122,2023-09-08,NOORDAM,246028000,9230115,College Fjord,Skagway,2023-09-08 06:34:09-08:00,2023-09-08 16:34:38-08:00,25.293,462.01,2023-09-09 17:52:13-08:00,17.71204379562044,22.1,NOORDAM_0192
211,16,2023-09-09,NORWEGIAN JEWEL,311827000,9304045,Icy Strait Point,Skagway,2023-09-09 06:23:49-08:00,2023-09-09 13:27:08-08:00,1.583,27.23,2023-09-09 15:02:06-08:00,15.376068376068377,19.6,NORWEGIAN_JEWEL_0230
212,156,2023-09-09,RUBY PRINCESS,310567000,9378462,Ketchikan,Skagway,2023-09-09 06:35:33-08:00,2023-09-09 14:38:43-08:00,17.43,303.51,2023-09-10 08:04:32-08:00,16.588190476190476,20.6,RUBY_PRINCESS_0118
213,174,2023-09-10,VOLENDAM,245968000,9156515,Ketchikan,Skagway,2023-09-10 06:37:38-08:00,2023-09-10 15:04:31-08:00,19.853,303.03,2023-09-11 10:55:41-08:00,14.117606837606836,20.2,VOLENDAM_0142
214,191,2023-09-11,VIKING ORION,257034130,9796250,Haines,Hubbard Glacier,2023-09-11 06:32:49-08:00,2023-09-11 16:23:19-08:00,13.289,140.18,2023-09-12 05:40:39-08:00,10.349444444444446,11.4,VIKING_ORION_0184
215,250,2023-09-11,MAJESTIC PRINCESS,232002990,9614141,Icy Strait Point,Hubbard Glacier,2023-09-11 09:08:45-08:00,2023-09-11 18:57:05-08:00,2.23,28.2,2023-09-11 21:10:54-08:00,12.12241379310345,14.6,MAJESTIC_PRINCESS_0224
216,36,2023-09-12,EURODAM,245206000,9378448,Icy Strait Point,Juneau,2023-09-12 06:34:14-08:00,2023-09-12 14:59:25-08:00,1.873,27.87,2023-09-12 16:51:49-08:00,13.98632478632479,16.7,EURODAM_0192
217,123,2023-09-12,NOORDAM,246028000,9230115,Skagway,Hubbard Glacier,2023-09-12 08:27:00-08:00,2023-09-12 18:18:54-08:00,10.772,117.85,2023-09-13 05:05:14-08:00,10.952868852459016,12.2,NOORDAM_0200
218,231,2023-09-13,ROYAL PRINCESS,310661000,9584712,Ketchikan,Skagway,2023-09-13 06:37:04-08:00,2023-09-13 14:42:40-08:00,15.603,300.42,2023-09-14 06:18:49-08:00,17.61488469601677,22.8,ROYAL_PRINCESS_0242
219,99,2023-09-13,KONINGSDAM,244830547,9692557,Ketchikan,Skagway,2023-09-13 06:55:49-08:00,2023-09-13 15:48:02-08:00,17.963,304.09,2023-09-14 09:45:47-08:00,16.428107074569787,22.1,KONINGSDAM_0154
220,143,2023-09-14,NORWEGIAN ENCORE,311000879,9751511,Ketchikan,Skagway,2023-09-14 06:39:26-08:00,2023-09-14 14:47:12-08:00,14.937,299.38,2023-09-15 05:43:25-08:00,18.384031936127744,25.0,NORWEGIAN_ENCORE_0154
221,79,2023-09-14,GRAND PRINCESS,310327000,9104005,College Fjord,Skagway,2023-09-14 06:50:58-08:00,2023-09-14 15:41:22-08:00,25.122,465.67,2023-09-15 16:48:41-08:00,17.280030487804876,22.5,GRAND_PRINCESS_0206
222,58,2023-09-15,NIEUW AMSTERDAM,246648000,9378450,College Fjord,Skagway,2023-09-15 06:35:40-08:00,2023-09-15 15:14:29-08:00,26.314,462.26,2023-09-16 17:33:19-08:00,17.47948113207547,21.3,NIEUW_AMSTERDAM_0202
223,211,2023-09-15,SAPPHIRE PRINCESS,235103357,9228186,Skagway,Hubbard Glacier,2023-09-15 09:19:42-08:00,2023-09-15 18:39:09-08:00,12.04,209.54,2023-09-16 06:41:34-08:00,16.406374501992033,21.1,SAPPHIRE_PRINCESS_0240
224,180,2023-09-16,NORWEGIAN SUN,311109000,9218131,Skagway,Ketchikan,2023-09-16 06:33:07-08:00,2023-09-16 15:29:54-08:00,14.601,227.85,2023-09-17 06:05:56-08:00,14.771682098765432,20.8,NORWEGIAN_SUN_0150
225,175,2023-09-17,VOLENDAM,245968000,9156515,Ketchikan,Haines,2023-09-17 06:48:54-08:00,2023-09-17 15:09:00-08:00,17.942,303.48,2023-09-18 09:05:32-08:00,15.960793650793649,19.3,VOLENDAM_0150
226,80,2023-09-18,GRAND PRINCESS,310327000,9104005,Skagway,College Fjord,2023-09-18 09:41:00-08:00,2023-09-18 18:39:30-08:00,10.516,118.78,2023-09-19 05:10:29-08:00,11.178518518518517,14.0,GRAND_PRINCESS_0214
227,37,2023-09-19,EURODAM,245206000,9378448,Icy Strait Point,Ketchikan,2023-09-19 06:51:56-08:00,2023-09-19 15:12:27-08:00,1.663,28.17,2023-09-19 16:52:15-08:00,15.956896551724139,19.4,EURODAM_0200
228,59,2023-09-19,NIEUW AMSTERDAM,246648000,9378450,Skagway,Hubbard Glacier,2023-09-19 08:28:37-08:00,2023-09-19 18:27:43-08:00,10.627,117.36,2023-09-20 05:05:20-08:00,10.92222222222222,14.4,NIEUW_AMSTERDAM_0210
229,232,2023-09-20,ROYAL PRINCESS,310661000,9584712,Ketchikan,Skagway,2023-09-20 06:55:00-08:00,2023-09-20 15:10:40-08:00,15.6,302.59,2023-09-21 06:46:41-08:00,18.07866108786611,22.6,ROYAL_PRINCESS_0252
230,100,2023-09-20,KONINGSDAM,244830547,9692557,Ketchikan,Skagway,2023-09-20 07:13:15-08:00,2023-09-20 16:48:09-08:00,17.032,302.53,2023-09-21 09:50:03-08:00,16.907878787878786,22.3,KONINGSDAM_0162
231,144,2023-09-21,NORWEGIAN ENCORE,311000879,9751511,Ketchikan,Juneau,2023-09-21 06:51:01-08:00,2023-09-21 14:50:10-08:00,14.913,298.8,2023-09-22 05:44:58-08:00,18.455911823647295,23.4,NORWEGIAN_ENCORE_0160
232,192,2023-09-21,VIKING ORION,257034130,9796250,Hubbard Glacier,Sitka,2023-09-21 07:14:15-08:00,2023-09-21 16:56:57-08:00,14.402,186.75,2023-09-22 07:21:05-08:00,12.921428571428573,16.9,VIKING_ORION_0198
233,251,2023-09-22,MAJESTIC PRINCESS,232002990,9614141,Vancouver,Icy Strait Point,2023-09-22 06:47:18-08:00,2023-09-22 16:37:22-08:00,63.771,973.96,2023-09-25 08:23:37-08:00,14.532626188734454,20.2,MAJESTIC_PRINCESS_0242
234,17,2023-09-23,NORWEGIAN JEWEL,311827000,9304045,Hubbard Glacier,Skagway,2023-09-23 06:46:45-08:00,2023-09-23 15:55:07-08:00,16.022,192.17,2023-09-24 07:56:26-08:00,12.571764705882352,16.7,NORWEGIAN_JEWEL_0256
235,187,2023-09-23,SEABOURN ODYSSEY,309416000,9417086,Icy Strait Point,Sitka,2023-09-23 07:04:05-08:00,2023-09-23 17:06:32-08:00,22.063,159.99,2023-09-24 15:10:19-08:00,8.64154852780807,15.6,SEABOURN_ODYSSEY_0214
236,212,2023-09-24,SAPPHIRE PRINCESS,235103357,9228186,Vancouver,Skagway,2023-09-24 06:50:29-08:00,2023-09-24 15:26:20-08:00,61.974,884.98,2023-09-27 05:24:48-08:00,13.806824324324323,21.6,SAPPHIRE_PRINCESS_0254
237,176,2023-09-24,VOLENDAM,245968000,9156515,Ketchikan,Skagway,2023-09-24 09:24:38-08:00,2023-09-24 17:06:37-08:00,17.056,303.37,2023-09-25 10:09:58-08:00,16.799056603773586,20.7,VOLENDAM_0158
238,124,2023-09-25,NOORDAM,246028000,9230115,Skagway,Valdez,2023-09-25 07:08:05-08:00,2023-09-25 17:14:18-08:00,12.395,118.85,2023-09-26 05:37:59-08:00,9.461198738170346,10.6,NOORDAM_0210
239,38,2023-09-26,EURODAM,245206000,9378448,Icy Strait Point,Juneau,2023-09-26 07:01:43-08:00,2023-09-26 14:57:09-08:00,1.814,27.96,2023-09-26 16:46:00-08:00,14.328828828828831,19.9,EURODAM_0210
240,101,2023-09-27,KONINGSDAM,244830547,9692557,Ketchikan,Skagway,2023-09-27 07:02:04-08:00,2023-09-27 17:52:10-08:00,16.288,303.71,2023-09-28 10:09:28-08:00,17.405360824742267,22.6,KONINGSDAM_0170
241,181,2023-09-27,NORWEGIAN SUN,311109000,9218131,Sitka,Icy Strait Point,2023-09-27 07:17:50-08:00,2023-09-27 15:54:24-08:00,14.155,135.3,2023-09-28 06:03:43-08:00,9.596881091617933,13.8,NORWEGIAN_SUN_0164
242,145,2023-09-28,NORWEGIAN ENCORE,311000879,9751511,Ketchikan,Skagway,2023-09-28 07:05:56-08:00,2023-09-28 15:04:38-08:00,14.667,301.34,2023-09-29 05:44:40-08:00,18.756767676767673,24.3,NORWEGIAN_ENCORE_0170
243,60,2023-09-28,NIEUW AMSTERDAM,246648000,9378450,Ketchikan,Skagway,2023-09-28 07:26:49-08:00,2023-09-28 16:17:57-08:00,18.153,324.11,2023-09-29 10:27:08-08:00,17.009236947791166,22.7,NIEUW_AMSTERDAM_0222
244,39,2023-10-03,EURODAM,245206000,9378448,Icy Strait Point,Juneau,2023-10-03 07:13:18-08:00,2023-10-03 15:18:19-08:00,1.629,28.18,2023-10-03 16:56:02-08:00,15.970940170940175,19.7,EURODAM_0220
245,3,2023-10-04,NORWEGIAN BLISS,311000710,9751509,Ketchikan,Skagway,2023-10-04 07:24:54-08:00,2023-10-04 15:28:45-08:00,14.521,301.59,2023-10-05 06:00:01-08:00,19.053937007874016,24.3,NORWEGIAN_BLISS_0234
246,102,2023-10-04,KONINGSDAM,244830547,9692557,Ketchikan,Juneau,2023-10-04 07:39:15-08:00,2023-10-04 15:59:53-08:00,18.036,303.52,2023-10-05 10:02:04-08:00,15.836346516007534,19.6,KONINGSDAM_0176
247,146,2023-10-05,NORWEGIAN ENCORE,311000879,9751511,Ketchikan,Skagway,2023-10-05 07:25:25-08:00,2023-10-05 15:16:18-08:00,15.062,300.45,2023-10-06 06:20:02-08:00,18.183070866141733,23.8,NORWEGIAN_ENCORE_0178
248,182,2023-10-05,NORWEGIAN SUN,311109000,9218131,Skagway,Ketchikan,2023-10-05 08:07:11-08:00,2023-10-05 16:49:38-08:00,13.218,225.18,2023-10-06 06:02:41-08:00,16.38233766233766,21.2,NORWEGIAN_SUN_0172
249,188,2023-10-07,SEABOURN ODYSSEY,309416000,9417086,Wrangell,Juneau,2023-10-07 07:37:13-08:00,2023-10-07 16:58:59-08:00,15.785,249.51,2023-10-08 08:46:05-08:00,15.395238095238096,18.2,SEABOURN_ODYSSEY_0236
250,4,2023-10-11,NORWEGIAN BLISS,311000710,9751509,Ketchikan,Skagway,2023-10-11 07:40:02-08:00,2023-10-11 15:14:09-08:00,14.883,299.84,2023-10-12 06:07:09-08:00,18.307706766917295,23.5,NORWEGIAN_BLISS_0242
251,147,2023-10-12,NORWEGIAN ENCORE,311000879,9751511,Ketchikan,Skagway,2023-10-12 07:36:14-08:00,2023-10-12 15:19:09-08:00,15.416,300.75,2023-10-13 06:44:07-08:00,17.995214521452144,22.9,NORWEGIAN_ENCORE_0186
252,183,2023-10-14,NORWEGIAN SUN,311109000,9218131,Juneau,Ketchikan,2023-10-14 08:01:19-08:00,2023-10-14 16:34:30-08:00,13.621,203.98,2023-10-15 06:11:47-08:00,15.099308437067775,23.1,NORWEGIAN_SUN_0182
253,5,2023-10-18,NORWEGIAN BLISS,311000710,9751509,Ketchikan,Skagway,2023-10-18 07:58:35-08:00,2023-10-18 15:45:29-08:00,15.151,300.76,2023-10-19 06:54:33-08:00,18.312576064908722,23.7,NORWEGIAN_BLISS_0250
254,148,2023-10-19,NORWEGIAN ENCORE,311000879,9751511,Ketchikan,Skagway,2023-10-19 07:49:18-08:00,2023-10-19 16:00:01-08:00,14.496,302.04,2023-10-20 06:29:45-08:00,19.072328244274807,24.0,NORWEGIAN_ENCORE_0194
255,184,2023-10-24,NORWEGIAN SUN,311109000,9218131,Juneau,Skagway,2023-10-24 07:12:33-08:00,2023-10-24 15:48:46-08:00,14.03,205.23,2023-10-25 05:50:35-08:00,14.454121306376361,20.3,NORWEGIAN_SUN_0194
256,6,2023-10-25,NORWEGIAN BLISS,311000710,9751509,Ketchikan,Skagway,2023-10-25 08:04:14-08:00,2023-10-25 15:37:12-08:00,14.574,302.12,2023-10-26 06:11:37-08:00,18.46273062730627,24.3,NORWEGIAN_BLISS_0256
257,149,2023-10-26,NORWEGIAN ENCORE,311000879,9751511,Ketchikan,Skagway,2023-10-26 08:04:12-08:00,2023-10-26 15:38:53-08:00,14.799,300.75,2023-10-27 06:26:51-08:00,18.211456310679615,24.7,NORWEGIAN_ENCORE_0202
