,segment_id,port,start_index,end_index,port_duration,timelapse,time_in,time_out,distance_nm,imo,name
37,CROWN_PRINCESS_0076,Glacier Bay,23649,24026,10.802222222222222,10.802,2023-07-09 05:45:35-08:00,2023-07-09 16:33:43-08:00,122.18,9293399.0,CROWN PRINCESS
83,EURODAM_0004,Glacier Bay,752,1029,9.213055555555556,9.213,2023-05-02 06:18:47-08:00,2023-05-02 15:31:34-08:00,114.68,9378448.0,EURODAM
88,EURODAM_0014,Glacier Bay,3278,3606,9.716666666666667,9.717,2023-05-09 06:17:11-08:00,2023-05-09 16:00:11-08:00,120.05,9378448.0,EURODAM
93,EURODAM_0024,Glacier Bay,5957,6291,9.445555555555556,9.446,2023-05-16 06:17:59-08:00,2023-05-16 15:44:43-08:00,122.12,9378448.0,EURODAM
98,EURODAM_0034,Glacier Bay,8618,8905,9.6,9.6,2023-05-23 06:16:15-08:00,2023-05-23 15:52:15-08:00,121.49,9378448.0,EURODAM
107,EURODAM_0052,Glacier Bay,13538,13879,9.159722222222221,9.16,2023-06-06 06:19:37-08:00,2023-06-06 15:29:12-08:00,120.43,9378448.0,EURODAM
112,EURODAM_0062,Glacier Bay,16129,16466,9.700277777777778,9.7,2023-06-13 06:18:06-08:00,2023-06-13 16:00:07-08:00,120.4,9378448.0,EURODAM
117,EURODAM_0072,Glacier Bay,18743,19034,9.696111111111112,9.696,2023-06-20 06:11:52-08:00,2023-06-20 15:53:38-08:00,117.69,9378448.0,EURODAM
122,EURODAM_0082,Glacier Bay,21310,21544,9.39611111111111,9.396,2023-06-27 06:19:12-08:00,2023-06-27 15:42:58-08:00,116.23,9378448.0,EURODAM
127,EURODAM_0092,Glacier Bay,23827,24163,9.5875,9.587,2023-07-04 06:16:32-08:00,2023-07-04 15:51:47-08:00,119.23,9378448.0,EURODAM
132,EURODAM_0102,Glacier Bay,26544,26851,9.435833333333333,9.436,2023-07-11 06:17:57-08:00,2023-07-11 15:44:06-08:00,117.14,9378448.0,EURODAM
137,EURODAM_0112,Glacier Bay,29237,29521,9.377777777777778,9.378,2023-07-18 06:20:28-08:00,2023-07-18 15:43:08-08:00,120.0,9378448.0,EURODAM
142,EURODAM_0122,Glacier Bay,31854,32167,9.219444444444445,9.219,2023-07-25 06:18:32-08:00,2023-07-25 15:31:42-08:00,115.25,9378448.0,EURODAM
147,EURODAM_0132,Glacier Bay,34463,34760,9.143611111111111,9.144,2023-08-01 06:22:25-08:00,2023-08-01 15:31:02-08:00,119.19,9378448.0,EURODAM
152,EURODAM_0142,Glacier Bay,36957,37266,9.341944444444444,9.342,2023-08-08 06:12:44-08:00,2023-08-08 15:33:15-08:00,113.8,9378448.0,EURODAM
157,EURODAM_0152,Glacier Bay,39566,39870,9.229444444444445,9.229,2023-08-15 06:14:56-08:00,2023-08-15 15:28:42-08:00,114.48,9378448.0,EURODAM
162,EURODAM_0162,Glacier Bay,42194,42497,9.2875,9.288,2023-08-22 06:13:04-08:00,2023-08-22 15:30:19-08:00,120.22,9378448.0,EURODAM
167,EURODAM_0172,Glacier Bay,44825,45153,9.170833333333333,9.171,2023-08-29 06:15:19-08:00,2023-08-29 15:25:34-08:00,119.26,9378448.0,EURODAM
172,EURODAM_0182,Glacier Bay,47511,47808,9.346666666666666,9.347,2023-09-05 06:19:33-08:00,2023-09-05 15:40:21-08:00,112.01,9378448.0,EURODAM
177,EURODAM_0192,Glacier Bay,50112,50393,8.926944444444445,8.927,2023-09-12 06:19:37-08:00,2023-09-12 15:15:14-08:00,110.32,9378448.0,EURODAM
181,EURODAM_0200,Glacier Bay,52657,52951,8.823611111111111,8.824,2023-09-19 06:34:06-08:00,2023-09-19 15:23:31-08:00,111.12,9378448.0,EURODAM
186,EURODAM_0210,Glacier Bay,55236,55554,8.378333333333334,8.378,2023-09-26 06:44:32-08:00,2023-09-26 15:07:14-08:00,111.18,9378448.0,EURODAM
191,EURODAM_0220,Glacier Bay,57781,58102,8.590277777777779,8.59,2023-10-03 06:54:59-08:00,2023-10-03 15:30:24-08:00,111.02,9378448.0,EURODAM
200,GRAND_PRINCESS_0012,Glacier Bay,3016,3257,9.374444444444444,9.374,2023-05-11 06:07:27-08:00,2023-05-11 15:29:55-08:00,121.92,9104005.0,GRAND PRINCESS
204,GRAND_PRINCESS_0020,Glacier Bay,5242,5619,10.852777777777778,10.853,2023-05-15 09:01:53-08:00,2023-05-15 19:53:03-08:00,123.2,9104005.0,GRAND PRINCESS
211,GRAND_PRINCESS_0034,Glacier Bay,9155,9444,9.7025,9.703,2023-05-25 06:02:25-08:00,2023-05-25 15:44:34-08:00,120.8,9104005.0,GRAND PRINCESS
215,GRAND_PRINCESS_0042,Glacier Bay,11555,11938,10.75611111111111,10.756,2023-05-29 09:00:55-08:00,2023-05-29 19:46:17-08:00,123.77,9104005.0,GRAND PRINCESS
222,GRAND_PRINCESS_0056,Glacier Bay,15434,15769,10.517222222222221,10.517,2023-06-08 06:05:17-08:00,2023-06-08 16:36:19-08:00,123.45,9104005.0,GRAND PRINCESS
226,GRAND_PRINCESS_0064,Glacier Bay,17839,18184,10.817222222222222,10.817,2023-06-12 08:58:43-08:00,2023-06-12 19:47:45-08:00,122.48,9104005.0,GRAND PRINCESS
233,GRAND_PRINCESS_0078,Glacier Bay,21716,21967,9.822222222222223,9.822,2023-06-22 06:04:41-08:00,2023-06-22 15:54:01-08:00,119.59,9104005.0,GRAND PRINCESS
237,GRAND_PRINCESS_0086,Glacier Bay,24011,24220,10.515277777777778,10.515,2023-06-26 09:03:36-08:00,2023-06-26 19:34:31-08:00,113.27,9104005.0,GRAND PRINCESS
244,GRAND_PRINCESS_0100,Glacier Bay,27830,28113,9.995833333333334,9.996,2023-07-06 06:04:52-08:00,2023-07-06 16:04:37-08:00,118.59,9104005.0,GRAND PRINCESS
248,GRAND_PRINCESS_0108,Glacier Bay,30140,30447,10.483055555555556,10.483,2023-07-10 09:05:38-08:00,2023-07-10 19:34:37-08:00,116.35,9104005.0,GRAND PRINCESS
255,GRAND_PRINCESS_0122,Glacier Bay,33867,34188,9.716666666666667,9.717,2023-07-20 06:06:50-08:00,2023-07-20 15:49:50-08:00,118.43,9104005.0,GRAND PRINCESS
258,GRAND_PRINCESS_0128,Glacier Bay,36156,36468,10.363055555555556,10.363,2023-07-24 09:00:20-08:00,2023-07-24 19:22:07-08:00,118.98,9104005.0,GRAND PRINCESS
265,GRAND_PRINCESS_0142,Glacier Bay,39911,40271,10.4425,10.443,2023-08-03 06:02:18-08:00,2023-08-03 16:28:51-08:00,114.46,9104005.0,GRAND PRINCESS
269,GRAND_PRINCESS_0150,Glacier Bay,42238,42566,10.3475,10.348,2023-08-07 09:07:46-08:00,2023-08-07 19:28:37-08:00,114.79,9104005.0,GRAND PRINCESS
276,GRAND_PRINCESS_0164,Glacier Bay,46062,46358,9.944166666666666,9.944,2023-08-17 06:03:29-08:00,2023-08-17 16:00:08-08:00,119.33,9104005.0,GRAND PRINCESS
280,GRAND_PRINCESS_0172,Glacier Bay,48393,48715,10.4825,10.482,2023-08-21 08:58:26-08:00,2023-08-21 19:27:23-08:00,118.21,9104005.0,GRAND PRINCESS
287,GRAND_PRINCESS_0186,Glacier Bay,52229,52532,9.628055555555555,9.628,2023-08-31 06:03:04-08:00,2023-08-31 15:40:45-08:00,101.32,9104005.0,GRAND PRINCESS
290,GRAND_PRINCESS_0192,Glacier Bay,54693,55006,10.438333333333333,10.438,2023-09-04 09:03:27-08:00,2023-09-04 19:29:45-08:00,119.19,9104005.0,GRAND PRINCESS
297,GRAND_PRINCESS_0206,Glacier Bay,58611,58894,9.348055555555556,9.348,2023-09-14 06:32:39-08:00,2023-09-14 15:53:32-08:00,111.4,9104005.0,GRAND PRINCESS
301,GRAND_PRINCESS_0214,Glacier Bay,61609,61897,9.4425,9.442,2023-09-18 09:22:33-08:00,2023-09-18 18:49:06-08:00,114.67,9104005.0,GRAND PRINCESS
309,KONINGSDAM_0010,Glacier Bay,2376,2615,9.925,9.925,2023-05-10 06:04:41-08:00,2023-05-10 16:00:11-08:00,121.03,9692557.0,KONINGSDAM
313,KONINGSDAM_0018,Glacier Bay,4586,4882,9.903055555555556,9.903,2023-05-17 05:50:21-08:00,2023-05-17 15:44:32-08:00,120.21,9692557.0,KONINGSDAM
317,KONINGSDAM_0026,Glacier Bay,7126,7423,10.025555555555556,10.026,2023-05-24 05:51:38-08:00,2023-05-24 15:53:10-08:00,118.83,9692557.0,KONINGSDAM
321,KONINGSDAM_0034,Glacier Bay,9486,9748,9.784444444444444,9.784,2023-05-31 05:45:43-08:00,2023-05-31 15:32:47-08:00,119.87,9692557.0,KONINGSDAM
325,KONINGSDAM_0042,Glacier Bay,11910,12241,9.662222222222223,9.662,2023-06-07 06:03:34-08:00,2023-06-07 15:43:18-08:00,120.64,9692557.0,KONINGSDAM
329,KONINGSDAM_0050,Glacier Bay,14307,14622,9.373611111111112,9.374,2023-06-14 06:07:08-08:00,2023-06-14 15:29:33-08:00,119.29,9692557.0,KONINGSDAM
333,KONINGSDAM_0058,Glacier Bay,16835,17061,9.545833333333333,9.546,2023-06-21 06:02:55-08:00,2023-06-21 15:35:40-08:00,120.16,9692557.0,KONINGSDAM
337,KONINGSDAM_0066,Glacier Bay,19167,19456,9.5475,9.547,2023-06-28 06:06:47-08:00,2023-06-28 15:39:38-08:00,115.39,9692557.0,KONINGSDAM
341,KONINGSDAM_0074,Glacier Bay,21511,21840,9.7225,9.723,2023-07-05 06:02:55-08:00,2023-07-05 15:46:16-08:00,120.25,9692557.0,KONINGSDAM
345,KONINGSDAM_0082,Glacier Bay,23894,24176,9.604444444444445,9.604,2023-07-12 06:02:40-08:00,2023-07-12 15:38:56-08:00,118.17,9692557.0,KONINGSDAM
349,KONINGSDAM_0090,Glacier Bay,26310,26614,9.46111111111111,9.461,2023-07-19 06:07:17-08:00,2023-07-19 15:34:57-08:00,118.66,9692557.0,KONINGSDAM
353,KONINGSDAM_0098,Glacier Bay,28790,29124,9.657777777777778,9.658,2023-07-26 06:04:49-08:00,2023-07-26 15:44:17-08:00,119.62,9692557.0,KONINGSDAM
357,KONINGSDAM_0106,Glacier Bay,31305,31530,9.565277777777778,9.565,2023-08-02 06:07:33-08:00,2023-08-02 15:41:28-08:00,110.15,9692557.0,KONINGSDAM
361,KONINGSDAM_0114,Glacier Bay,33710,34010,9.54138888888889,9.541,2023-08-09 06:03:54-08:00,2023-08-09 15:36:23-08:00,119.53,9692557.0,KONINGSDAM
365,KONINGSDAM_0122,Glacier Bay,36263,36613,9.749722222222223,9.75,2023-08-16 06:07:19-08:00,2023-08-16 15:52:18-08:00,121.65,9692557.0,KONINGSDAM
369,KONINGSDAM_0130,Glacier Bay,38825,39108,9.76388888888889,9.764,2023-08-23 06:04:18-08:00,2023-08-23 15:50:08-08:00,119.52,9692557.0,KONINGSDAM
373,KONINGSDAM_0138,Glacier Bay,41224,41659,12.737222222222222,12.737,2023-08-30 06:05:45-08:00,2023-08-30 18:49:59-08:00,121.23,9692557.0,KONINGSDAM
377,KONINGSDAM_0146,Glacier Bay,43805,44105,9.258333333333333,9.258,2023-09-06 06:16:00-08:00,2023-09-06 15:31:30-08:00,111.03,9692557.0,KONINGSDAM
381,KONINGSDAM_0154,Glacier Bay,46415,46693,9.400833333333333,9.401,2023-09-13 06:37:37-08:00,2023-09-13 16:01:40-08:00,110.24,9692557.0,KONINGSDAM
385,KONINGSDAM_0162,Glacier Bay,49351,49768,10.090833333333334,10.091,2023-09-20 06:54:36-08:00,2023-09-20 17:00:03-08:00,112.9,9692557.0,KONINGSDAM
389,KONINGSDAM_0170,Glacier Bay,51953,52346,11.344722222222222,11.345,2023-09-27 06:45:25-08:00,2023-09-27 18:06:06-08:00,122.82,9692557.0,KONINGSDAM
392,KONINGSDAM_0176,Glacier Bay,54380,54690,8.92,8.92,2023-10-04 07:20:31-08:00,2023-10-04 16:15:43-08:00,111.51,9692557.0,KONINGSDAM
405,MAJESTIC_PRINCESS_0024,Glacier Bay,7489,7803,9.116944444444444,9.117,2023-05-18 06:02:32-08:00,2023-05-18 15:09:33-08:00,120.84,9614141.0,MAJESTIC PRINCESS
409,MAJESTIC_PRINCESS_0032,Glacier Bay,9837,10105,10.6675,10.668,2023-05-22 09:03:22-08:00,2023-05-22 19:43:25-08:00,119.62,9614141.0,MAJESTIC PRINCESS
417,MAJESTIC_PRINCESS_0048,Glacier Bay,14998,15236,9.112222222222222,9.112,2023-06-01 06:03:15-08:00,2023-06-01 15:09:59-08:00,120.18,9614141.0,MAJESTIC PRINCESS
421,MAJESTIC_PRINCESS_0056,Glacier Bay,17253,17624,10.551388888888889,10.551,2023-06-05 09:01:51-08:00,2023-06-05 19:34:56-08:00,123.63,9614141.0,MAJESTIC PRINCESS
429,MAJESTIC_PRINCESS_0072,Glacier Bay,22663,22956,9.371666666666666,9.372,2023-06-15 06:01:44-08:00,2023-06-15 15:24:02-08:00,120.85,9614141.0,MAJESTIC PRINCESS
433,MAJESTIC_PRINCESS_0080,Glacier Bay,25445,25703,10.256666666666666,10.257,2023-06-19 09:02:11-08:00,2023-06-19 19:17:35-08:00,119.96,9614141.0,MAJESTIC PRINCESS
441,MAJESTIC_PRINCESS_0096,Glacier Bay,30942,31201,9.285833333333333,9.286,2023-06-29 06:01:29-08:00,2023-06-29 15:18:38-08:00,120.38,9614141.0,MAJESTIC PRINCESS
445,MAJESTIC_PRINCESS_0104,Glacier Bay,33212,33497,10.386388888888888,10.386,2023-07-03 08:54:30-08:00,2023-07-03 19:17:41-08:00,120.35,9614141.0,MAJESTIC PRINCESS
453,MAJESTIC_PRINCESS_0120,Glacier Bay,38599,38860,9.215833333333334,9.216,2023-07-13 06:01:28-08:00,2023-07-13 15:14:25-08:00,119.75,9614141.0,MAJESTIC PRINCESS
457,MAJESTIC_PRINCESS_0128,Glacier Bay,40941,41194,10.311666666666667,10.312,2023-07-17 08:59:51-08:00,2023-07-17 19:18:33-08:00,119.0,9614141.0,MAJESTIC PRINCESS
465,MAJESTIC_PRINCESS_0144,Glacier Bay,46134,46416,9.436388888888889,9.436,2023-07-27 06:02:01-08:00,2023-07-27 15:28:12-08:00,121.86,9614141.0,MAJESTIC PRINCESS
469,MAJESTIC_PRINCESS_0152,Glacier Bay,48483,48791,10.341666666666667,10.342,2023-07-31 09:00:13-08:00,2023-07-31 19:20:43-08:00,120.28,9614141.0,MAJESTIC PRINCESS
477,MAJESTIC_PRINCESS_0168,Glacier Bay,53664,54006,9.349166666666667,9.349,2023-08-10 06:00:25-08:00,2023-08-10 15:21:22-08:00,105.11,9614141.0,MAJESTIC PRINCESS
481,MAJESTIC_PRINCESS_0176,Glacier Bay,56405,56706,10.174166666666666,10.174,2023-08-14 09:00:56-08:00,2023-08-14 19:11:23-08:00,120.86,9614141.0,MAJESTIC PRINCESS
489,MAJESTIC_PRINCESS_0192,Glacier Bay,61704,62009,9.370833333333334,9.371,2023-08-24 06:00:03-08:00,2023-08-24 15:22:18-08:00,121.51,9614141.0,MAJESTIC PRINCESS
493,MAJESTIC_PRINCESS_0200,Glacier Bay,63904,64222,10.282777777777778,10.283,2023-08-28 09:01:08-08:00,2023-08-28 19:18:06-08:00,120.43,9614141.0,MAJESTIC PRINCESS
501,MAJESTIC_PRINCESS_0216,Glacier Bay,69199,69521,9.04861111111111,9.049,2023-09-07 06:19:10-08:00,2023-09-07 15:22:05-08:00,121.57,9614141.0,MAJESTIC PRINCESS
505,MAJESTIC_PRINCESS_0224,Glacier Bay,71545,71860,10.239722222222222,10.24,2023-09-11 08:55:42-08:00,2023-09-11 19:10:05-08:00,129.23,9614141.0,MAJESTIC PRINCESS
514,MAJESTIC_PRINCESS_0242,Glacier Bay,77361,77662,10.301666666666666,10.302,2023-09-22 06:34:06-08:00,2023-09-22 16:52:12-08:00,120.18,9614141.0,MAJESTIC PRINCESS
523,NIEUW_AMSTERDAM_0006,Glacier Bay,1139,1391,9.80638888888889,9.806,2023-05-04 05:31:58-08:00,2023-05-04 15:20:21-08:00,117.37,9378450.0,NIEUW AMSTERDAM
526,NIEUW_AMSTERDAM_0012,Glacier Bay,3342,3647,11.904444444444444,11.904,2023-05-15 06:36:38-08:00,2023-05-15 18:30:54-08:00,119.85,9378450.0,NIEUW AMSTERDAM
533,NIEUW_AMSTERDAM_0026,Glacier Bay,7265,7472,9.529444444444444,9.529,2023-05-26 05:41:33-08:00,2023-05-26 15:13:19-08:00,113.66,9378450.0,NIEUW AMSTERDAM
537,NIEUW_AMSTERDAM_0034,Glacier Bay,9481,9738,10.496944444444445,10.497,2023-05-30 08:10:54-08:00,2023-05-30 18:40:43-08:00,118.14,9378450.0,NIEUW AMSTERDAM
544,NIEUW_AMSTERDAM_0048,Glacier Bay,13204,13488,9.708055555555555,9.708,2023-06-09 05:37:40-08:00,2023-06-09 15:20:09-08:00,118.51,9378450.0,NIEUW AMSTERDAM
548,NIEUW_AMSTERDAM_0056,Glacier Bay,15404,15667,10.512777777777778,10.513,2023-06-13 08:14:42-08:00,2023-06-13 18:45:28-08:00,118.5,9378450.0,NIEUW AMSTERDAM
555,NIEUW_AMSTERDAM_0070,Glacier Bay,19176,19344,9.39611111111111,9.396,2023-06-23 05:47:17-08:00,2023-06-23 15:11:03-08:00,117.92,9378450.0,NIEUW AMSTERDAM
559,NIEUW_AMSTERDAM_0078,Glacier Bay,21308,21441,10.286111111111111,10.286,2023-06-27 08:17:10-08:00,2023-06-27 18:34:20-08:00,117.2,9378450.0,NIEUW AMSTERDAM
566,NIEUW_AMSTERDAM_0092,Glacier Bay,24902,25158,9.736944444444445,9.737,2023-07-07 05:44:31-08:00,2023-07-07 15:28:44-08:00,117.59,9378450.0,NIEUW AMSTERDAM
570,NIEUW_AMSTERDAM_0100,Glacier Bay,27072,27343,10.516388888888889,10.516,2023-07-11 08:16:33-08:00,2023-07-11 18:47:32-08:00,119.39,9378450.0,NIEUW AMSTERDAM
577,NIEUW_AMSTERDAM_0114,Glacier Bay,30844,31113,9.490277777777777,9.49,2023-07-21 05:42:08-08:00,2023-07-21 15:11:33-08:00,116.92,9378450.0,NIEUW AMSTERDAM
581,NIEUW_AMSTERDAM_0122,Glacier Bay,32979,33212,10.450833333333334,10.451,2023-07-25 08:13:55-08:00,2023-07-25 18:40:58-08:00,118.2,9378450.0,NIEUW AMSTERDAM
588,NIEUW_AMSTERDAM_0136,Glacier Bay,36437,36715,9.972777777777777,9.973,2023-08-04 05:46:19-08:00,2023-08-04 15:44:41-08:00,113.71,9378450.0,NIEUW AMSTERDAM
592,NIEUW_AMSTERDAM_0144,Glacier Bay,38579,38866,10.383611111111112,10.384,2023-08-08 08:11:20-08:00,2023-08-08 18:34:21-08:00,118.54,9378450.0,NIEUW AMSTERDAM
599,NIEUW_AMSTERDAM_0158,Glacier Bay,42278,42513,9.574166666666667,9.574,2023-08-18 05:45:01-08:00,2023-08-18 15:19:28-08:00,116.6,9378450.0,NIEUW AMSTERDAM
603,NIEUW_AMSTERDAM_0166,Glacier Bay,44385,44651,10.518888888888888,10.519,2023-08-22 08:12:35-08:00,2023-08-22 18:43:43-08:00,120.66,9378450.0,NIEUW AMSTERDAM
610,NIEUW_AMSTERDAM_0180,Glacier Bay,48159,48419,9.6175,9.617,2023-09-01 05:47:43-08:00,2023-09-01 15:24:46-08:00,114.19,9378450.0,NIEUW AMSTERDAM
614,NIEUW_AMSTERDAM_0188,Glacier Bay,50368,50647,10.7575,10.758,2023-09-05 08:01:25-08:00,2023-09-05 18:46:52-08:00,127.0,9378450.0,NIEUW AMSTERDAM
621,NIEUW_AMSTERDAM_0202,Glacier Bay,53956,54196,9.095555555555556,9.096,2023-09-15 06:21:30-08:00,2023-09-15 15:27:14-08:00,109.55,9378450.0,NIEUW AMSTERDAM
625,NIEUW_AMSTERDAM_0210,Glacier Bay,56460,56700,10.5325,10.533,2023-09-19 08:09:16-08:00,2023-09-19 18:41:13-08:00,119.18,9378450.0,NIEUW AMSTERDAM
631,NIEUW_AMSTERDAM_0222,Glacier Bay,59769,60043,9.33,9.33,2023-09-28 07:09:45-08:00,2023-09-28 16:29:33-08:00,116.06,9378450.0,NIEUW AMSTERDAM
640,NOORDAM_0016,Glacier Bay,4230,4563,10.04138888888889,10.041,2023-05-19 05:49:09-08:00,2023-05-19 15:51:38-08:00,121.46,9230115.0,NOORDAM
644,NOORDAM_0024,Glacier Bay,6733,7056,10.126666666666667,10.127,2023-05-23 08:12:37-08:00,2023-05-23 18:20:13-08:00,118.61,9230115.0,NOORDAM
651,NOORDAM_0038,Glacier Bay,10492,10836,10.178888888888888,10.179,2023-06-02 06:04:47-08:00,2023-06-02 16:15:31-08:00,120.91,9230115.0,NOORDAM
655,NOORDAM_0046,Glacier Bay,12913,13275,10.143611111111111,10.144,2023-06-06 08:09:30-08:00,2023-06-06 18:18:07-08:00,120.97,9230115.0,NOORDAM
662,NOORDAM_0060,Glacier Bay,16772,17104,10.266111111111112,10.266,2023-06-16 05:49:58-08:00,2023-06-16 16:05:56-08:00,120.66,9230115.0,NOORDAM
666,NOORDAM_0068,Glacier Bay,19387,19614,10.548333333333334,10.548,2023-06-20 08:14:03-08:00,2023-06-20 18:46:57-08:00,120.29,9230115.0,NOORDAM
673,NOORDAM_0082,Glacier Bay,23116,23429,10.312777777777777,10.313,2023-06-30 05:51:09-08:00,2023-06-30 16:09:55-08:00,119.45,9230115.0,NOORDAM
677,NOORDAM_0090,Glacier Bay,25491,25821,10.083333333333334,10.083,2023-07-04 08:12:55-08:00,2023-07-04 18:17:55-08:00,120.06,9230115.0,NOORDAM
684,NOORDAM_0104,Glacier Bay,29224,29637,11.796666666666667,11.797,2023-07-14 06:01:56-08:00,2023-07-14 17:49:44-08:00,122.0,9230115.0,NOORDAM
688,NOORDAM_0112,Glacier Bay,31584,31896,10.356111111111112,10.356,2023-07-18 08:16:02-08:00,2023-07-18 18:37:24-08:00,119.75,9230115.0,NOORDAM
695,NOORDAM_0126,Glacier Bay,35526,35883,10.528333333333334,10.528,2023-07-28 05:45:38-08:00,2023-07-28 16:17:20-08:00,121.36,9230115.0,NOORDAM
699,NOORDAM_0134,Glacier Bay,37994,38281,10.440833333333334,10.441,2023-08-01 08:14:19-08:00,2023-08-01 18:40:46-08:00,119.32,9230115.0,NOORDAM
706,NOORDAM_0148,Glacier Bay,41702,42039,10.208333333333334,10.208,2023-08-11 06:05:06-08:00,2023-08-11 16:17:36-08:00,122.18,9230115.0,NOORDAM
710,NOORDAM_0156,Glacier Bay,44382,44741,10.203055555555556,10.203,2023-08-15 08:13:17-08:00,2023-08-15 18:25:28-08:00,119.61,9230115.0,NOORDAM
717,NOORDAM_0170,Glacier Bay,48417,48767,9.908611111111112,9.909,2023-08-25 05:50:54-08:00,2023-08-25 15:45:25-08:00,119.65,9230115.0,NOORDAM
721,NOORDAM_0178,Glacier Bay,50973,51315,10.069722222222222,10.07,2023-08-29 08:13:05-08:00,2023-08-29 18:17:16-08:00,121.45,9230115.0,NOORDAM
728,NOORDAM_0192,Glacier Bay,54955,55304,10.495555555555555,10.496,2023-09-08 06:16:09-08:00,2023-09-08 16:45:53-08:00,125.86,9230115.0,NOORDAM
732,NOORDAM_0200,Glacier Bay,57724,58082,10.420555555555556,10.421,2023-09-12 08:09:41-08:00,2023-09-12 18:34:55-08:00,122.19,9230115.0,NOORDAM
737,NOORDAM_0210,Glacier Bay,61667,62034,10.625833333333333,10.626,2023-09-25 06:54:07-08:00,2023-09-25 17:31:40-08:00,121.15,9230115.0,NOORDAM
744,NORWEGIAN_BLISS_0006,Glacier Bay,1109,1418,8.970833333333333,8.971,2023-04-19 05:50:19-08:00,2023-04-19 14:48:34-08:00,126.32,9751509.0,NORWEGIAN BLISS
748,NORWEGIAN_BLISS_0014,Glacier Bay,3464,3823,9.340277777777779,9.34,2023-04-26 05:49:19-08:00,2023-04-26 15:09:44-08:00,115.79,9751509.0,NORWEGIAN BLISS
752,NORWEGIAN_BLISS_0022,Glacier Bay,5739,6024,9.224166666666667,9.224,2023-05-03 05:53:26-08:00,2023-05-03 15:06:53-08:00,119.85,9751509.0,NORWEGIAN BLISS
858,NORWEGIAN_BLISS_0234,Glacier Bay,59992,60271,8.611666666666666,8.612,2023-10-04 07:03:04-08:00,2023-10-04 15:39:46-08:00,116.63,9751509.0,NORWEGIAN BLISS
862,NORWEGIAN_BLISS_0242,Glacier Bay,62347,62647,8.11,8.11,2023-10-11 07:20:02-08:00,2023-10-11 15:26:38-08:00,117.5,9751509.0,NORWEGIAN BLISS
866,NORWEGIAN_BLISS_0250,Glacier Bay,64470,64712,8.296666666666667,8.297,2023-10-18 07:39:37-08:00,2023-10-18 15:57:25-08:00,117.9,9751509.0,NORWEGIAN BLISS
869,NORWEGIAN_BLISS_0256,Glacier Bay,66906,67206,8.030277777777778,8.03,2023-10-25 07:48:23-08:00,2023-10-25 15:50:12-08:00,116.79,9751509.0,NORWEGIAN BLISS
873,NORWEGIAN_ENCORE_0006,Glacier Bay,1123,1320,9.278888888888888,9.279,2023-05-11 05:46:12-08:00,2023-05-11 15:02:56-08:00,121.72,9751511.0,NORWEGIAN ENCORE
877,NORWEGIAN_ENCORE_0014,Glacier Bay,3195,3505,9.195277777777777,9.195,2023-05-18 05:48:18-08:00,2023-05-18 15:00:01-08:00,119.66,9751511.0,NORWEGIAN ENCORE
881,NORWEGIAN_ENCORE_0022,Glacier Bay,5407,5691,9.19361111111111,9.194,2023-05-25 05:47:44-08:00,2023-05-25 14:59:21-08:00,120.96,9751511.0,NORWEGIAN ENCORE
885,NORWEGIAN_ENCORE_0030,Glacier Bay,7615,7903,9.046944444444444,9.047,2023-06-01 05:49:58-08:00,2023-06-01 14:52:47-08:00,121.88,9751511.0,NORWEGIAN ENCORE
889,NORWEGIAN_ENCORE_0038,Glacier Bay,9861,10202,9.261388888888888,9.261,2023-06-08 05:54:39-08:00,2023-06-08 15:10:20-08:00,120.65,9751511.0,NORWEGIAN ENCORE
893,NORWEGIAN_ENCORE_0046,Glacier Bay,12124,12432,9.221944444444444,9.222,2023-06-15 05:50:09-08:00,2023-06-15 15:03:28-08:00,121.19,9751511.0,NORWEGIAN ENCORE
897,NORWEGIAN_ENCORE_0054,Glacier Bay,14505,14691,9.321944444444444,9.322,2023-06-22 05:44:55-08:00,2023-06-22 15:04:14-08:00,121.5,9751511.0,NORWEGIAN ENCORE
901,NORWEGIAN_ENCORE_0062,Glacier Bay,16616,16883,9.179166666666667,9.179,2023-06-29 05:49:42-08:00,2023-06-29 15:00:27-08:00,118.88,9751511.0,NORWEGIAN ENCORE
905,NORWEGIAN_ENCORE_0070,Glacier Bay,18794,19091,9.616388888888888,9.616,2023-07-06 05:43:40-08:00,2023-07-06 15:20:39-08:00,119.75,9751511.0,NORWEGIAN ENCORE
909,NORWEGIAN_ENCORE_0078,Glacier Bay,20950,21207,9.056944444444444,9.057,2023-07-13 05:47:15-08:00,2023-07-13 14:50:40-08:00,118.32,9751511.0,NORWEGIAN ENCORE
913,NORWEGIAN_ENCORE_0086,Glacier Bay,23146,23438,9.454166666666667,9.454,2023-07-20 05:47:06-08:00,2023-07-20 15:14:21-08:00,119.46,9751511.0,NORWEGIAN ENCORE
917,NORWEGIAN_ENCORE_0094,Glacier Bay,25300,25589,9.4725,9.473,2023-07-27 05:46:01-08:00,2023-07-27 15:14:22-08:00,120.6,9751511.0,NORWEGIAN ENCORE
922,NORWEGIAN_ENCORE_0104,Glacier Bay,27459,27787,9.7475,9.748,2023-08-03 05:45:20-08:00,2023-08-03 15:30:11-08:00,119.65,9751511.0,NORWEGIAN ENCORE
926,NORWEGIAN_ENCORE_0112,Glacier Bay,29716,30045,9.274722222222222,9.275,2023-08-10 05:49:53-08:00,2023-08-10 15:06:22-08:00,105.51,9751511.0,NORWEGIAN ENCORE
930,NORWEGIAN_ENCORE_0120,Glacier Bay,32098,32405,9.234722222222222,9.235,2023-08-17 05:50:05-08:00,2023-08-17 15:04:10-08:00,120.7,9751511.0,NORWEGIAN ENCORE
934,NORWEGIAN_ENCORE_0128,Glacier Bay,34305,34573,9.185555555555556,9.186,2023-08-24 05:51:21-08:00,2023-08-24 15:02:29-08:00,119.17,9751511.0,NORWEGIAN ENCORE
938,NORWEGIAN_ENCORE_0136,Glacier Bay,36528,36842,9.513333333333334,9.513,2023-08-31 05:41:32-08:00,2023-08-31 15:12:20-08:00,111.58,9751511.0,NORWEGIAN ENCORE
943,NORWEGIAN_ENCORE_0146,Glacier Bay,38815,39062,8.376666666666667,8.377,2023-09-07 06:07:55-08:00,2023-09-07 14:30:31-08:00,108.78,9751511.0,NORWEGIAN ENCORE
947,NORWEGIAN_ENCORE_0154,Glacier Bay,41108,41362,8.681111111111111,8.681,2023-09-14 06:18:36-08:00,2023-09-14 14:59:28-08:00,105.91,9751511.0,NORWEGIAN ENCORE
950,NORWEGIAN_ENCORE_0160,Glacier Bay,43660,43961,8.525555555555556,8.526,2023-09-21 06:32:09-08:00,2023-09-21 15:03:41-08:00,107.5,9751511.0,NORWEGIAN ENCORE
955,NORWEGIAN_ENCORE_0170,Glacier Bay,46060,46363,8.503333333333334,8.503,2023-09-28 06:47:06-08:00,2023-09-28 15:17:18-08:00,109.24,9751511.0,NORWEGIAN ENCORE
959,NORWEGIAN_ENCORE_0178,Glacier Bay,48430,48744,8.396666666666667,8.397,2023-10-05 07:05:45-08:00,2023-10-05 15:29:33-08:00,112.14,9751511.0,NORWEGIAN ENCORE
963,NORWEGIAN_ENCORE_0186,Glacier Bay,50725,50999,8.1375,8.138,2023-10-12 07:23:16-08:00,2023-10-12 15:31:31-08:00,110.32,9751511.0,NORWEGIAN ENCORE
967,NORWEGIAN_ENCORE_0194,Glacier Bay,52751,53071,8.587222222222222,8.587,2023-10-19 07:35:17-08:00,2023-10-19 16:10:31-08:00,109.95,9751511.0,NORWEGIAN ENCORE
971,NORWEGIAN_ENCORE_0202,Glacier Bay,55133,55409,8.025833333333333,8.026,2023-10-26 07:49:52-08:00,2023-10-26 15:51:25-08:00,110.96,9751511.0,NORWEGIAN ENCORE
978,NORWEGIAN_JEWEL_0012,Glacier Bay,2392,2703,8.9975,8.997,2023-05-06 05:50:55-08:00,2023-05-06 14:50:46-08:00,116.89,9304045.0,NORWEGIAN JEWEL
990,NORWEGIAN_JEWEL_0036,Glacier Bay,8671,8959,9.608055555555556,9.608,2023-05-20 05:46:53-08:00,2023-05-20 15:23:22-08:00,117.46,9304045.0,NORWEGIAN JEWEL
1003,NORWEGIAN_JEWEL_0062,Glacier Bay,14754,15067,9.272777777777778,9.273,2023-06-03 05:46:53-08:00,2023-06-03 15:03:15-08:00,118.97,9304045.0,NORWEGIAN JEWEL
1015,NORWEGIAN_JEWEL_0086,Glacier Bay,21288,21591,9.734444444444444,9.734,2023-06-17 05:45:22-08:00,2023-06-17 15:29:26-08:00,118.31,9304045.0,NORWEGIAN JEWEL
1027,NORWEGIAN_JEWEL_0110,Glacier Bay,27575,27897,9.506666666666666,9.507,2023-07-01 05:43:30-08:00,2023-07-01 15:13:54-08:00,117.82,9304045.0,NORWEGIAN JEWEL
1039,NORWEGIAN_JEWEL_0134,Glacier Bay,34308,34623,10.0925,10.093,2023-07-15 05:44:28-08:00,2023-07-15 15:50:01-08:00,118.48,9304045.0,NORWEGIAN JEWEL
1051,NORWEGIAN_JEWEL_0158,Glacier Bay,40525,40838,9.982777777777779,9.983,2023-07-29 05:37:22-08:00,2023-07-29 15:36:20-08:00,118.18,9304045.0,NORWEGIAN JEWEL
1063,NORWEGIAN_JEWEL_0182,Glacier Bay,46496,46805,9.981944444444444,9.982,2023-08-12 05:52:20-08:00,2023-08-12 15:51:15-08:00,116.66,9304045.0,NORWEGIAN JEWEL
1075,NORWEGIAN_JEWEL_0206,Glacier Bay,52939,53225,9.948888888888888,9.949,2023-08-26 05:50:25-08:00,2023-08-26 15:47:21-08:00,119.76,9304045.0,NORWEGIAN JEWEL
1087,NORWEGIAN_JEWEL_0230,Glacier Bay,59700,59958,7.5775,7.577,2023-09-09 06:04:39-08:00,2023-09-09 13:39:18-08:00,111.23,9304045.0,NORWEGIAN JEWEL
1100,NORWEGIAN_JEWEL_0256,Glacier Bay,66157,66469,9.666944444444445,9.667,2023-09-23 06:27:45-08:00,2023-09-23 16:07:46-08:00,116.96,9304045.0,NORWEGIAN JEWEL
1113,NORWEGIAN_SPIRIT_0004,Glacier Bay,1169,1502,9.528333333333334,9.528,2023-05-05 07:42:05-08:00,2023-05-05 17:13:47-08:00,119.27,9141065.0,NORWEGIAN SPIRIT
1204,NORWEGIAN_SPIRIT_0186,Glacier Bay,59558,59865,9.346666666666666,9.347,2023-09-02 08:50:55-08:00,2023-09-02 18:11:43-08:00,111.1,9141065.0,NORWEGIAN SPIRIT
1219,NORWEGIAN_SUN_0024,Glacier Bay,6879,7183,9.466111111111111,9.466,2023-05-28 05:37:45-08:00,2023-05-28 15:05:43-08:00,118.99,9218131.0,NORWEGIAN SUN
1235,NORWEGIAN_SUN_0056,Glacier Bay,17628,17850,9.464444444444444,9.464,2023-06-25 05:42:34-08:00,2023-06-25 15:10:26-08:00,111.18,9218131.0,NORWEGIAN SUN
1278,NORWEGIAN_SUN_0142,Glacier Bay,43780,44132,9.998333333333333,9.998,2023-09-08 06:00:18-08:00,2023-09-08 16:00:12-08:00,127.72,9218131.0,NORWEGIAN SUN
1282,NORWEGIAN_SUN_0150,Glacier Bay,46433,46776,9.512777777777778,9.513,2023-09-16 06:14:08-08:00,2023-09-16 15:44:54-08:00,110.67,9218131.0,NORWEGIAN SUN
1289,NORWEGIAN_SUN_0164,Glacier Bay,51737,52007,9.131666666666666,9.132,2023-09-27 07:00:48-08:00,2023-09-27 16:08:42-08:00,109.59,9218131.0,NORWEGIAN SUN
1293,NORWEGIAN_SUN_0172,Glacier Bay,54604,54954,9.192777777777778,9.193,2023-10-05 07:50:13-08:00,2023-10-05 17:01:47-08:00,111.96,9218131.0,NORWEGIAN SUN
1298,NORWEGIAN_SUN_0182,Glacier Bay,58122,58441,9.012222222222222,9.012,2023-10-14 07:45:22-08:00,2023-10-14 16:46:06-08:00,111.49,9218131.0,NORWEGIAN SUN
1304,NORWEGIAN_SUN_0194,Glacier Bay,61937,62180,8.964722222222223,8.965,2023-10-24 07:00:17-08:00,2023-10-24 15:58:10-08:00,110.29,9218131.0,NORWEGIAN SUN
1319,QUEEN_ELIZABETH_0024,Glacier Bay,7770,8108,9.373333333333333,9.373,2023-06-16 06:52:09-08:00,2023-06-16 16:14:33-08:00,121.23,9477438.0,QUEEN ELIZABETH
1327,QUEEN_ELIZABETH_0040,Glacier Bay,14138,14376,9.720277777777778,9.72,2023-06-26 06:48:20-08:00,2023-06-26 16:31:33-08:00,118.74,9477438.0,QUEEN ELIZABETH
1341,QUEEN_ELIZABETH_0068,Glacier Bay,24376,24693,9.361944444444445,9.362,2023-07-14 05:45:21-08:00,2023-07-14 15:07:04-08:00,119.9,9477438.0,QUEEN ELIZABETH
1349,QUEEN_ELIZABETH_0084,Glacier Bay,29879,30234,9.48,9.48,2023-07-24 05:45:41-08:00,2023-07-24 15:14:29-08:00,119.52,9477438.0,QUEEN ELIZABETH
1353,QUEEN_ELIZABETH_0092,Glacier Bay,32975,33337,10.751111111111111,10.751,2023-07-30 06:35:39-08:00,2023-07-30 17:20:43-08:00,121.97,9477438.0,QUEEN ELIZABETH
1365,QUEEN_ELIZABETH_0116,Glacier Bay,40751,41123,10.506944444444445,10.507,2023-08-13 06:49:13-08:00,2023-08-13 17:19:38-08:00,123.27,9477438.0,QUEEN ELIZABETH
1378,ROYAL_PRINCESS_0020,Glacier Bay,4824,4932,9.331111111111111,9.331,2023-05-10 05:51:11-08:00,2023-05-10 15:11:03-08:00,112.46,9584712.0,ROYAL PRINCESS
1384,ROYAL_PRINCESS_0032,Glacier Bay,7846,8004,8.874166666666667,8.874,2023-05-17 06:06:11-08:00,2023-05-17 14:58:38-08:00,107.89,9584712.0,ROYAL PRINCESS
1391,ROYAL_PRINCESS_0046,Glacier Bay,10829,11042,9.177777777777777,9.178,2023-05-24 06:05:37-08:00,2023-05-24 15:16:17-08:00,115.43,9584712.0,ROYAL PRINCESS
1397,ROYAL_PRINCESS_0058,Glacier Bay,13636,13797,8.926111111111112,8.926,2023-05-31 06:06:38-08:00,2023-05-31 15:02:12-08:00,116.32,9584712.0,ROYAL PRINCESS
1403,ROYAL_PRINCESS_0070,Glacier Bay,16654,16899,9.250555555555556,9.251,2023-06-07 05:46:28-08:00,2023-06-07 15:01:30-08:00,118.12,9584712.0,ROYAL PRINCESS
1409,ROYAL_PRINCESS_0082,Glacier Bay,19755,19977,8.888055555555555,8.888,2023-06-14 05:51:42-08:00,2023-06-14 14:44:59-08:00,116.3,9584712.0,ROYAL PRINCESS
1415,ROYAL_PRINCESS_0094,Glacier Bay,22793,22926,8.93361111111111,8.934,2023-06-21 05:53:15-08:00,2023-06-21 14:49:16-08:00,116.6,9584712.0,ROYAL PRINCESS
1421,ROYAL_PRINCESS_0106,Glacier Bay,25774,25900,8.831388888888888,8.831,2023-06-28 05:53:24-08:00,2023-06-28 14:43:17-08:00,114.37,9584712.0,ROYAL PRINCESS
1427,ROYAL_PRINCESS_0118,Glacier Bay,28668,28912,9.038333333333334,9.038,2023-07-05 05:50:31-08:00,2023-07-05 14:52:49-08:00,118.01,9584712.0,ROYAL PRINCESS
1433,ROYAL_PRINCESS_0130,Glacier Bay,31905,32116,8.927777777777777,8.928,2023-07-12 05:53:06-08:00,2023-07-12 14:48:46-08:00,113.55,9584712.0,ROYAL PRINCESS
1439,ROYAL_PRINCESS_0142,Glacier Bay,35143,35375,8.99611111111111,8.996,2023-07-19 05:51:50-08:00,2023-07-19 14:51:36-08:00,114.84,9584712.0,ROYAL PRINCESS
1445,ROYAL_PRINCESS_0154,Glacier Bay,38103,38319,9.012777777777778,9.013,2023-07-26 05:50:00-08:00,2023-07-26 14:50:46-08:00,117.62,9584712.0,ROYAL PRINCESS
1451,ROYAL_PRINCESS_0166,Glacier Bay,41194,41412,9.085555555555555,9.086,2023-08-02 05:51:08-08:00,2023-08-02 14:56:16-08:00,100.66,9584712.0,ROYAL PRINCESS
1457,ROYAL_PRINCESS_0178,Glacier Bay,44259,44466,8.907777777777778,8.908,2023-08-09 05:49:00-08:00,2023-08-09 14:43:28-08:00,111.47,9584712.0,ROYAL PRINCESS
1464,ROYAL_PRINCESS_0192,Glacier Bay,47277,47510,9.008611111111112,9.009,2023-08-16 05:52:10-08:00,2023-08-16 14:52:41-08:00,112.69,9584712.0,ROYAL PRINCESS
1470,ROYAL_PRINCESS_0204,Glacier Bay,50301,50538,8.92361111111111,8.924,2023-08-23 05:51:22-08:00,2023-08-23 14:46:47-08:00,118.23,9584712.0,ROYAL PRINCESS
1476,ROYAL_PRINCESS_0216,Glacier Bay,53442,53666,9.034166666666666,9.034,2023-08-30 05:50:45-08:00,2023-08-30 14:52:48-08:00,117.3,9584712.0,ROYAL PRINCESS
1482,ROYAL_PRINCESS_0228,Glacier Bay,56419,56641,8.775833333333333,8.776,2023-09-06 05:58:45-08:00,2023-09-06 14:45:18-08:00,115.02,9584712.0,ROYAL PRINCESS
1489,ROYAL_PRINCESS_0242,Glacier Bay,59537,59757,8.641111111111112,8.641,2023-09-13 06:21:35-08:00,2023-09-13 15:00:03-08:00,112.51,9584712.0,ROYAL PRINCESS
1494,ROYAL_PRINCESS_0252,Glacier Bay,62681,62919,8.80888888888889,8.809,2023-09-20 06:37:21-08:00,2023-09-20 15:25:53-08:00,114.03,9584712.0,ROYAL PRINCESS
1502,RUBY_PRINCESS_0006,Glacier Bay,1130,1429,9.44138888888889,9.441,2023-05-12 05:47:06-08:00,2023-05-12 15:13:35-08:00,120.02,9378462.0,RUBY PRINCESS
1513,RUBY_PRINCESS_0028,Glacier Bay,7858,8153,9.125277777777777,9.125,2023-06-02 05:45:39-08:00,2023-06-02 14:53:10-08:00,120.38,9378462.0,RUBY PRINCESS
1517,RUBY_PRINCESS_0036,Glacier Bay,10241,10550,8.874444444444444,8.874,2023-06-11 05:47:25-08:00,2023-06-11 14:39:53-08:00,119.6,9378462.0,RUBY PRINCESS
1527,RUBY_PRINCESS_0056,Glacier Bay,16027,16326,9.301944444444445,9.302,2023-07-01 06:10:21-08:00,2023-07-01 15:28:28-08:00,120.33,9378462.0,RUBY PRINCESS
1544,RUBY_PRINCESS_0090,Glacier Bay,26014,26306,9.343055555555555,9.343,2023-08-11 05:47:48-08:00,2023-08-11 15:08:23-08:00,119.04,9378462.0,RUBY PRINCESS
1548,RUBY_PRINCESS_0098,Glacier Bay,28473,28777,9.178611111111111,9.179,2023-08-20 05:47:14-08:00,2023-08-20 14:57:57-08:00,117.41,9378462.0,RUBY PRINCESS
1558,RUBY_PRINCESS_0118,Glacier Bay,34586,34848,8.51361111111111,8.514,2023-09-09 06:16:27-08:00,2023-09-09 14:47:16-08:00,110.74,9378462.0,RUBY PRINCESS
1573,SAPPHIRE_PRINCESS_0016,Glacier Bay,6041,6335,9.546666666666667,9.547,2023-05-06 06:09:01-08:00,2023-05-06 15:41:49-08:00,120.49,9228186.0,SAPPHIRE PRINCESS
1579,SAPPHIRE_PRINCESS_0028,Glacier Bay,10692,11026,9.83,9.83,2023-05-14 05:47:51-08:00,2023-05-14 15:37:39-08:00,119.91,9228186.0,SAPPHIRE PRINCESS
1585,SAPPHIRE_PRINCESS_0040,Glacier Bay,14917,15196,9.550555555555556,9.551,2023-05-22 05:45:21-08:00,2023-05-22 15:18:23-08:00,121.23,9228186.0,SAPPHIRE PRINCESS
1589,SAPPHIRE_PRINCESS_0048,Glacier Bay,17392,17670,10.425277777777778,10.425,2023-05-26 09:07:58-08:00,2023-05-26 19:33:29-08:00,121.53,9228186.0,SAPPHIRE PRINCESS
1597,SAPPHIRE_PRINCESS_0064,Glacier Bay,22410,22827,11.713333333333333,11.713,2023-06-05 05:47:24-08:00,2023-06-05 17:30:12-08:00,83.88,9228186.0,SAPPHIRE PRINCESS
1601,SAPPHIRE_PRINCESS_0072,Glacier Bay,24993,25328,10.64638888888889,10.646,2023-06-09 09:06:09-08:00,2023-06-09 19:44:56-08:00,120.13,9228186.0,SAPPHIRE PRINCESS
1609,SAPPHIRE_PRINCESS_0088,Glacier Bay,30147,30439,9.273333333333333,9.273,2023-06-19 05:58:38-08:00,2023-06-19 15:15:02-08:00,120.5,9228186.0,SAPPHIRE PRINCESS
1613,SAPPHIRE_PRINCESS_0096,Glacier Bay,32489,32777,10.715277777777779,10.715,2023-06-23 09:03:23-08:00,2023-06-23 19:46:18-08:00,120.12,9228186.0,SAPPHIRE PRINCESS
1621,SAPPHIRE_PRINCESS_0112,Glacier Bay,37440,37736,9.420833333333333,9.421,2023-07-03 05:54:33-08:00,2023-07-03 15:19:48-08:00,120.05,9228186.0,SAPPHIRE PRINCESS
1625,SAPPHIRE_PRINCESS_0120,Glacier Bay,39950,40303,10.542222222222222,10.542,2023-07-07 09:11:08-08:00,2023-07-07 19:43:40-08:00,123.45,9228186.0,SAPPHIRE PRINCESS
1633,SAPPHIRE_PRINCESS_0136,Glacier Bay,45157,45468,9.601944444444445,9.602,2023-07-17 05:47:53-08:00,2023-07-17 15:24:00-08:00,121.69,9228186.0,SAPPHIRE PRINCESS
1637,SAPPHIRE_PRINCESS_0144,Glacier Bay,47425,47777,10.680555555555555,10.681,2023-07-21 09:03:24-08:00,2023-07-21 19:44:14-08:00,125.01,9228186.0,SAPPHIRE PRINCESS
1645,SAPPHIRE_PRINCESS_0160,Glacier Bay,52485,52777,9.496944444444445,9.497,2023-07-31 05:55:10-08:00,2023-07-31 15:24:59-08:00,121.56,9228186.0,SAPPHIRE PRINCESS
1649,SAPPHIRE_PRINCESS_0168,Glacier Bay,54739,55099,10.852222222222222,10.852,2023-08-04 09:01:31-08:00,2023-08-04 19:52:39-08:00,123.04,9228186.0,SAPPHIRE PRINCESS
1657,SAPPHIRE_PRINCESS_0184,Glacier Bay,59939,60230,9.525555555555556,9.526,2023-08-14 05:50:10-08:00,2023-08-14 15:21:42-08:00,118.4,9228186.0,SAPPHIRE PRINCESS
1661,SAPPHIRE_PRINCESS_0192,Glacier Bay,62977,63294,10.5125,10.513,2023-08-18 09:02:20-08:00,2023-08-18 19:33:05-08:00,118.62,9228186.0,SAPPHIRE PRINCESS
1669,SAPPHIRE_PRINCESS_0208,Glacier Bay,67838,68132,9.698888888888888,9.699,2023-08-28 05:50:54-08:00,2023-08-28 15:32:50-08:00,118.82,9228186.0,SAPPHIRE PRINCESS
1673,SAPPHIRE_PRINCESS_0216,Glacier Bay,70233,70544,10.62861111111111,10.629,2023-09-01 08:59:53-08:00,2023-09-01 19:37:36-08:00,122.94,9228186.0,SAPPHIRE PRINCESS
1685,SAPPHIRE_PRINCESS_0240,Glacier Bay,78668,78973,9.832777777777778,9.833,2023-09-15 09:01:32-08:00,2023-09-15 18:51:30-08:00,120.2,9228186.0,SAPPHIRE PRINCESS
1692,SAPPHIRE_PRINCESS_0254,Glacier Bay,83789,84104,9.071388888888889,9.071,2023-09-24 06:35:38-08:00,2023-09-24 15:39:55-08:00,114.26,9228186.0,SAPPHIRE PRINCESS
1710,SEABOURN_ODYSSEY_0030,Glacier Bay,7496,7744,11.636388888888888,11.636,2023-05-30 06:44:01-08:00,2023-05-30 18:22:12-08:00,121.0,9417086.0,SEABOURN ODYSSEY
1786,SEABOURN_ODYSSEY_0182,Glacier Bay,44696,44951,10.364722222222222,10.365,2023-09-02 06:42:00-08:00,2023-09-02 17:03:53-08:00,108.65,9417086.0,SEABOURN ODYSSEY
1802,SEABOURN_ODYSSEY_0214,Glacier Bay,54580,54824,10.696944444444444,10.697,2023-09-23 06:43:44-08:00,2023-09-23 17:25:33-08:00,109.93,9417086.0,SEABOURN ODYSSEY
1813,SEABOURN_ODYSSEY_0236,Glacier Bay,63797,64029,9.926944444444445,9.927,2023-10-07 07:18:04-08:00,2023-10-07 17:13:41-08:00,109.65,9417086.0,SEABOURN ODYSSEY
1819,VIKING_ORION_0006,Glacier Bay,4932,5344,10.468055555555555,10.468,2023-05-16 08:49:58-08:00,2023-05-16 19:18:03-08:00,116.53,9796250.0,VIKING ORION
1902,VIKING_ORION_0172,Glacier Bay,71896,72213,10.349722222222223,10.35,2023-09-03 06:18:34-08:00,2023-09-03 16:39:33-08:00,105.74,9796250.0,VIKING ORION
1908,VIKING_ORION_0184,Glacier Bay,78577,78908,10.398888888888889,10.399,2023-09-11 06:16:54-08:00,2023-09-11 16:40:50-08:00,110.94,9796250.0,VIKING ORION
1915,VIKING_ORION_0198,Glacier Bay,87064,87392,10.254444444444445,10.254,2023-09-21 06:55:41-08:00,2023-09-21 17:10:57-08:00,113.39,9796250.0,VIKING ORION
1921,VOLENDAM_0006,Glacier Bay,1260,1556,9.359444444444444,9.359,2023-05-14 06:04:16-08:00,2023-05-14 15:25:50-08:00,119.46,9156515.0,VOLENDAM
1925,VOLENDAM_0014,Glacier Bay,3641,3954,9.257222222222222,9.257,2023-05-21 05:50:23-08:00,2023-05-21 15:05:49-08:00,119.77,9156515.0,VOLENDAM
1929,VOLENDAM_0022,Glacier Bay,6103,6407,9.263333333333334,9.263,2023-05-28 05:57:05-08:00,2023-05-28 15:12:53-08:00,120.06,9156515.0,VOLENDAM
1933,VOLENDAM_0030,Glacier Bay,8492,8790,9.299444444444445,9.299,2023-06-04 05:49:31-08:00,2023-06-04 15:07:29-08:00,121.31,9156515.0,VOLENDAM
1937,VOLENDAM_0038,Glacier Bay,10994,11333,9.388333333333334,9.388,2023-06-11 06:00:55-08:00,2023-06-11 15:24:13-08:00,122.23,9156515.0,VOLENDAM
1941,VOLENDAM_0046,Glacier Bay,13450,13728,9.395555555555555,9.396,2023-06-18 05:48:46-08:00,2023-06-18 15:12:30-08:00,119.74,9156515.0,VOLENDAM
1945,VOLENDAM_0054,Glacier Bay,15729,15959,9.421944444444444,9.422,2023-06-25 06:05:51-08:00,2023-06-25 15:31:10-08:00,120.09,9156515.0,VOLENDAM
1949,VOLENDAM_0062,Glacier Bay,17962,18288,9.364166666666666,9.364,2023-07-02 05:51:04-08:00,2023-07-02 15:12:55-08:00,118.52,9156515.0,VOLENDAM
1953,VOLENDAM_0070,Glacier Bay,20419,20750,9.94361111111111,9.944,2023-07-09 06:08:37-08:00,2023-07-09 16:05:14-08:00,120.41,9156515.0,VOLENDAM
1957,VOLENDAM_0078,Glacier Bay,22774,23094,9.398333333333333,9.398,2023-07-16 05:45:15-08:00,2023-07-16 15:09:09-08:00,117.96,9156515.0,VOLENDAM
1961,VOLENDAM_0086,Glacier Bay,25156,25491,9.373333333333333,9.373,2023-07-23 05:52:11-08:00,2023-07-23 15:14:35-08:00,119.41,9156515.0,VOLENDAM
1965,VOLENDAM_0094,Glacier Bay,27541,27876,9.297777777777778,9.298,2023-07-30 05:54:55-08:00,2023-07-30 15:12:47-08:00,120.06,9156515.0,VOLENDAM
1969,VOLENDAM_0102,Glacier Bay,29995,30296,9.60361111111111,9.604,2023-08-06 05:51:30-08:00,2023-08-06 15:27:43-08:00,119.78,9156515.0,VOLENDAM
1973,VOLENDAM_0110,Glacier Bay,32455,32766,9.3275,9.327,2023-08-13 05:49:22-08:00,2023-08-13 15:09:01-08:00,121.9,9156515.0,VOLENDAM
1977,VOLENDAM_0118,Glacier Bay,34942,35248,9.126944444444444,9.127,2023-08-20 06:09:16-08:00,2023-08-20 15:16:53-08:00,120.13,9156515.0,VOLENDAM
1981,VOLENDAM_0126,Glacier Bay,37383,37692,9.058055555555555,9.058,2023-08-27 05:52:43-08:00,2023-08-27 14:56:12-08:00,119.16,9156515.0,VOLENDAM
1985,VOLENDAM_0134,Glacier Bay,40055,40367,9.065555555555555,9.066,2023-09-03 06:01:39-08:00,2023-09-03 15:05:35-08:00,120.79,9156515.0,VOLENDAM
1989,VOLENDAM_0142,Glacier Bay,42493,42812,8.8475,8.848,2023-09-10 06:22:48-08:00,2023-09-10 15:13:39-08:00,120.21,9156515.0,VOLENDAM
1993,VOLENDAM_0150,Glacier Bay,45106,45430,8.86138888888889,8.861,2023-09-17 06:29:00-08:00,2023-09-17 15:20:41-08:00,114.08,9156515.0,VOLENDAM
1997,VOLENDAM_0158,Glacier Bay,47829,48202,10.471388888888889,10.471,2023-09-24 06:49:57-08:00,2023-09-24 17:18:14-08:00,112.27,9156515.0,VOLENDAM
