,bs_ts,mmsi,callsign,imo,name,nav_status,lat,lon,cog,sog,destination,eta,shiptype,draught,length,width
0,2023-10-02 00:00:04,232002990,MABI4,9614141,MAJESTIC PRINCESS,Under way using engine,49.16656167,-126.74479333,126.2,20.0,US SEA,2023-10-02 15:00:00,Passenger ship,8.5,330,38
1,2023-10-02 00:00:09,232002990,MABI4,9614141,MAJESTIC PRINCESS,Under way using engine,49.16628667,-126.74422667,126.3,20.0,US SEA,2023-10-02 15:00:00,Passenger ship,8.5,330,38
2,2023-10-02 00:05:16,232002990,MABI4,9614141,MAJESTIC PRINCESS,Under way using engine,49.14952833,-126.70928333,125.8,20.1,CA VAN,2023-10-03 12:00:00,Passenger ship,8.5,330,38
3,2023-10-02 00:07:27,232002990,MABI4,9614141,MAJESTIC PRINCESS,Under way using engine,49.14218833,-126.69437167,128.6,20.0,CA VAN,2023-10-03 12:00:00,Passenger ship,8.5,330,38
4,2023-10-02 00:12:28,232002990,MABI4,9614141,MAJESTIC PRINCESS,Under way using engine,49.12495333,-126.66184,129.1,19.6,CA VAN,2023-10-03 12:00:00,Passenger ship,8.5,330,38
5,2023-10-02 00:17:34,232002990,MABI4,9614141,MAJESTIC PRINCESS,Under way using engine,49.10722,-126.62952167,130.8,19.5,CA VAN,2023-10-03 12:00:00,Passenger ship,8.5,330,38
6,2023-10-02 00:19:57,232002990,MABI4,9614141,MAJESTIC PRINCESS,Under way using engine,49.09882667,-126.61438,128.5,19.5,CA VAN,2023-10-03 12:00:00,Passenger ship,8.5,330,38
7,2023-10-02 00:20:39,232002990,MABI4,9614141,MAJESTIC PRINCESS,Under way using engine,49.09654833,-126.60975333,126.0,19.6,CA VAN,2023-10-03 12:00:00,Passenger ship,8.5,330,38
8,2023-10-02 00:21:51,232002990,MABI4,9614141,MAJESTIC PRINCESS,Under way using engine,49.09283167,-126.60159833,123.8,19.6,CA VAN,2023-10-03 12:00:00,Passenger ship,8.5,330,38
9,2023-10-02 00:23:22,232002990,MABI4,9614141,MAJESTIC PRINCESS,Under way using engine,49.08839167,-126.59097333,121.7,19.7,CA VAN,2023-10-03 12:00:00,Passenger ship,8.5,330,38
10,2023-10-02 00:28:28,232002990,MABI4,9614141,MAJESTIC PRINCESS,Under way using engine,49.073985,-126.554505,121.3,19.9,CA VAN,2023-10-03 12:00:00,Passenger ship,8.5,330,38
11,2023-10-02 00:31:15,232002990,MABI4,9614141,MAJESTIC PRINCESS,Under way using engine,49.06583,-126.534425,123.7,20.0,CA VAN,2023-10-03 12:00:00,Passenger ship,8.5,330,38
12,2023-10-02 00:32:15,232002990,MABI4,9614141,MAJESTIC PRINCESS,Under way using engine,49.06297167,-126.52820333,125.8,19.9,CA VAN,2023-10-03 12:00:00,Passenger ship,8.5,330,38
13,2023-10-02 00:37:21,232002990,MABI4,9614141,MAJESTIC PRINCESS,Under way using engine,49.04598833,-126.49286833,125.6,20.0,CA VAN,2023-10-03 12:00:00,Passenger ship,8.5,330,38
14,2023-10-02 00:42:27,232002990,MABI4,9614141,MAJESTIC PRINCESS,Under way using engine,49.02934167,-126.45772667,125.6,20.0,CA VAN,2023-10-03 12:00:00,Passenger ship,8.5,330,38
15,2023-10-02 00:47:28,232002990,MABI4,9614141,MAJESTIC PRINCESS,Under way using engine,49.01305833,-126.42354,125.9,20.0,CA VAN,2023-10-03 12:00:00,Passenger ship,8.5,330,38
16,2023-10-02 00:52:28,232002990,MABI4,9614141,MAJESTIC PRINCESS,Under way using engine,48.99663333,-126.389345,126.5,20.1,CA VAN,2023-10-03 12:00:00,Passenger ship,8.5,330,38
17,2023-10-02 00:57:28,232002990,MABI4,9614141,MAJESTIC PRINCESS,Under way using engine,48.980075,-126.355075,126.0,20.2,CA VAN,2023-10-03 12:00:00,Passenger ship,8.5,330,38
18,2023-10-02 01:02:33,232002990,MABI4,9614141,MAJESTIC PRINCESS,Under way using engine,48.96346333,-126.31998667,125.8,20.1,CA VAN,2023-10-03 12:00:00,Passenger ship,8.5,330,38
19,2023-10-02 01:07:34,232002990,MABI4,9614141,MAJESTIC PRINCESS,Under way using engine,48.94706167,-126.28606,125.5,19.9,CA VAN,2023-10-03 12:00:00,Passenger ship,8.5,330,38
20,2023-10-02 01:12:40,232002990,MABI4,9614141,MAJESTIC PRINCESS,Under way using engine,48.93042333,-126.25125,125.9,19.9,CA VAN,2023-10-03 12:00:00,Passenger ship,8.5,330,38
21,2023-10-02 01:17:40,232002990,MABI4,9614141,MAJESTIC PRINCESS,Under way using engine,48.91435333,-126.21745667,126.2,19.7,CA VAN,2023-10-03 12:00:00,Passenger ship,8.5,330,38
22,2023-10-02 01:22:45,232002990,MABI4,9614141,MAJESTIC PRINCESS,Under way using engine,48.89782667,-126.18358167,125.8,19.6,CA VAN,2023-10-03 12:00:00,Passenger ship,8.5,330,38
23,2023-10-02 01:27:45,232002990,MABI4,9614141,MAJESTIC PRINCESS,Under way using engine,48.881925,-126.15013,126.3,19.6,CA VAN,2023-10-03 12:00:00,Passenger ship,8.5,330,38
24,2023-10-02 01:32:45,232002990,MABI4,9614141,MAJESTIC PRINCESS,Under way using engine,48.86592833,-126.11693333,126.6,19.5,CA VAN,2023-10-03 12:00:00,Passenger ship,8.5,330,38
25,2023-10-02 01:37:52,232002990,MABI4,9614141,MAJESTIC PRINCESS,Under way using engine,48.84959667,-126.08295833,126.0,19.5,CA VAN,2023-10-03 12:00:00,Passenger ship,8.5,330,38
26,2023-10-02 01:42:57,232002990,MABI4,9614141,MAJESTIC PRINCESS,Under way using engine,48.83334,-126.049055,125.9,19.6,CA VAN,2023-10-03 12:00:00,Passenger ship,8.5,330,38
27,2023-10-02 01:47:57,232002990,MABI4,9614141,MAJESTIC PRINCESS,Under way using engine,48.81745,-126.01575,125.6,19.5,CA VAN,2023-10-03 12:00:00,Passenger ship,8.5,330,38
28,2023-10-02 01:52:57,232002990,MABI4,9614141,MAJESTIC PRINCESS,Under way using engine,48.80142167,-125.98246833,126.1,19.6,CA VAN,2023-10-03 12:00:00,Passenger ship,8.5,330,38
29,2023-10-02 01:57:03,232002990,MABI4,9614141,MAJESTIC PRINCESS,Under way using engine,48.78801833,-125.955385,128.2,19.6,CA VAN,2023-10-03 12:00:00,Passenger ship,8.5,330,38
30,2023-10-02 02:02:04,232002990,MABI4,9614141,MAJESTIC PRINCESS,Under way using engine,48.771215,-125.923025,128.4,19.7,CA VAN,2023-10-03 12:00:00,Passenger ship,8.5,330,38
31,2023-10-02 02:07:09,232002990,MABI4,9614141,MAJESTIC PRINCESS,Under way using engine,48.753955,-125.88993667,128.3,19.6,CA VAN,2023-10-03 12:00:00,Passenger ship,8.5,330,38
32,2023-10-02 02:11:51,232002990,MABI4,9614141,MAJESTIC PRINCESS,Under way using engine,48.73822667,-125.85966833,126.1,19.6,CA VAN,2023-10-03 12:00:00,Passenger ship,8.5,330,38
33,2023-10-02 02:12:38,232002990,MABI4,9614141,MAJESTIC PRINCESS,Under way using engine,48.73603667,-125.854855,123.7,19.5,CA VAN,2023-10-03 12:00:00,Passenger ship,8.5,330,38
34,2023-10-02 02:16:08,232002990,MABI4,9614141,MAJESTIC PRINCESS,Under way using engine,48.72597833,-125.830675,121.6,19.6,CA VAN,2023-10-03 12:00:00,Passenger ship,8.5,330,38
35,2023-10-02 02:20:39,232002990,MABI4,9614141,MAJESTIC PRINCESS,Under way using engine,48.713265,-125.79781,119.5,19.6,CA VAN,2023-10-03 12:00:00,Passenger ship,8.5,330,38
36,2023-10-02 02:25:39,232002990,MABI4,9614141,MAJESTIC PRINCESS,Under way using engine,48.70032333,-125.76161333,118.4,19.6,CA VAN,2023-10-03 12:00:00,Passenger ship,8.5,330,38
37,2023-10-02 02:27:57,232002990,MABI4,9614141,MAJESTIC PRINCESS,Under way using engine,48.69457167,-125.74486667,116.1,19.6,CA VAN,2023-10-03 12:00:00,Passenger ship,8.5,330,38
38,2023-10-02 02:33:02,232002990,MABI4,9614141,MAJESTIC PRINCESS,Under way using engine,48.68264167,-125.70815333,116.1,19.5,CA VAN,2023-10-03 12:00:00,Passenger ship,8.5,330,38
39,2023-10-02 02:38:02,232002990,MABI4,9614141,MAJESTIC PRINCESS,Under way using engine,48.67080167,-125.67148167,115.8,19.4,CA VAN,2023-10-03 12:00:00,Passenger ship,8.5,330,38
40,2023-10-02 02:43:03,232002990,MABI4,9614141,MAJESTIC PRINCESS,Under way using engine,48.65887333,-125.63429,115.5,19.3,CA VAN,2023-10-03 12:00:00,Passenger ship,8.5,330,38
41,2023-10-02 02:48:06,232002990,MABI4,9614141,MAJESTIC PRINCESS,Under way using engine,48.64747,-125.59760333,114.7,19.4,CA VAN,2023-10-03 12:00:00,Passenger ship,8.5,330,38
42,2023-10-02 02:53:08,232002990,MABI4,9614141,MAJESTIC PRINCESS,Under way using engine,48.63586167,-125.55991333,116.1,19.6,CA VAN,2023-10-03 12:00:00,Passenger ship,8.5,330,38
43,2023-10-02 02:54:02,232002990,MABI4,9614141,MAJESTIC PRINCESS,Under way using engine,48.63359667,-125.55337,118.3,19.6,CA VAN,2023-10-03 12:00:00,Passenger ship,8.5,330,38
44,2023-10-02 02:54:38,232002990,MABI4,9614141,MAJESTIC PRINCESS,Under way using engine,48.63198,-125.54913,120.5,19.6,CA VAN,2023-10-03 12:00:00,Passenger ship,8.5,330,38
45,2023-10-02 02:55:20,232002990,MABI4,9614141,MAJESTIC PRINCESS,Under way using engine,48.62996167,-125.54427667,122.5,19.6,CA VAN,2023-10-03 12:00:00,Passenger ship,8.5,330,38
46,2023-10-02 03:00:20,232002990,MABI4,9614141,MAJESTIC PRINCESS,Under way using engine,48.61485667,-125.51035667,123.9,19.4,CA VAN,2023-10-03 12:00:00,Passenger ship,8.5,330,38
47,2023-10-02 03:05:21,232002990,MABI4,9614141,MAJESTIC PRINCESS,Under way using engine,48.59961333,-125.47692667,124.5,19.5,CA VAN,2023-10-03 12:00:00,Passenger ship,8.5,330,38
48,2023-10-02 03:10:25,232002990,MABI4,9614141,MAJESTIC PRINCESS,Under way using engine,48.58419833,-125.44323,124.4,19.7,CA VAN,2023-10-03 12:00:00,Passenger ship,8.5,330,38
49,2023-10-02 03:15:31,232002990,MABI4,9614141,MAJESTIC PRINCESS,Under way using engine,48.568555,-125.40877333,124.7,19.4,CA VAN,2023-10-03 12:00:00,Passenger ship,8.5,330,38
50,2023-10-02 03:20:34,232002990,MABI4,9614141,MAJESTIC PRINCESS,Under way using engine,48.55307167,-125.374845,124.2,19.3,CA VAN,2023-10-03 12:00:00,Passenger ship,8.5,330,38
51,2023-10-02 03:25:39,232002990,MABI4,9614141,MAJESTIC PRINCESS,Under way using engine,48.537935,-125.34037167,122.9,19.4,CA VAN,2023-10-03 12:00:00,Passenger ship,8.5,330,38
52,2023-10-02 03:30:40,232002990,MABI4,9614141,MAJESTIC PRINCESS,Under way using engine,48.52312833,-125.306345,123.7,19.5,CA VAN,2023-10-03 12:00:00,Passenger ship,8.5,330,38
53,2023-10-02 03:35:45,232002990,MABI4,9614141,MAJESTIC PRINCESS,Under way using engine,48.50775,-125.27176167,123.7,19.6,CA VAN,2023-10-03 12:00:00,Passenger ship,8.5,330,38
54,2023-10-02 03:40:45,232002990,MABI4,9614141,MAJESTIC PRINCESS,Under way using engine,48.49252333,-125.23768167,123.8,19.7,CA VAN,2023-10-03 12:00:00,Passenger ship,8.5,330,38
55,2023-10-02 03:42:55,232002990,MABI4,9614141,MAJESTIC PRINCESS,Under way using engine,48.486265,-125.223295,121.4,19.5,CA VAN,2023-10-03 12:00:00,Passenger ship,8.5,330,38
56,2023-10-02 03:43:27,232002990,MABI4,9614141,MAJESTIC PRINCESS,Under way using engine,48.48465,-125.21905167,119.2,19.5,CA VAN,2023-10-03 12:00:00,Passenger ship,8.5,330,38
57,2023-10-02 03:44:08,232002990,MABI4,9614141,MAJESTIC PRINCESS,Under way using engine,48.48315333,-125.21471833,116.8,19.5,CA VAN,2023-10-03 12:00:00,Passenger ship,8.5,330,38
58,2023-10-02 03:44:39,232002990,MABI4,9614141,MAJESTIC PRINCESS,Under way using engine,48.48178667,-125.21030667,114.2,19.4,CA VAN,2023-10-03 12:00:00,Passenger ship,8.5,330,38
59,2023-10-02 03:45:15,232002990,MABI4,9614141,MAJESTIC PRINCESS,Under way using engine,48.48055333,-125.20581833,111.8,19.4,CA VAN,2023-10-03 12:00:00,Passenger ship,8.5,330,38
60,2023-10-02 03:45:39,232002990,MABI4,9614141,MAJESTIC PRINCESS,Under way using engine,48.47981667,-125.20278833,109.7,19.3,CA VAN,2023-10-03 12:00:00,Passenger ship,8.5,330,38
61,2023-10-02 03:46:15,232002990,MABI4,9614141,MAJESTIC PRINCESS,Under way using engine,48.47884833,-125.19819333,106.8,19.2,CA VAN,2023-10-03 12:00:00,Passenger ship,8.5,330,38
62,2023-10-02 03:46:45,232002990,MABI4,9614141,MAJESTIC PRINCESS,Under way using engine,48.47816667,-125.194325,104.3,19.1,CA VAN,2023-10-03 12:00:00,Passenger ship,8.5,330,38
63,2023-10-02 03:47:20,232002990,MABI4,9614141,MAJESTIC PRINCESS,Under way using engine,48.4775,-125.18977167,101.6,19.1,CA VAN,2023-10-03 12:00:00,Passenger ship,8.5,330,38
64,2023-10-02 03:48:00,232002990,MABI4,9614141,MAJESTIC PRINCESS,Under way using engine,48.47693333,-125.18492833,99.3,19.1,CA VAN,2023-10-03 12:00:00,Passenger ship,8.5,330,38
65,2023-10-02 03:48:32,232002990,MABI4,9614141,MAJESTIC PRINCESS,Under way using engine,48.47658,-125.18099833,97.2,18.9,CA VAN,2023-10-03 12:00:00,Passenger ship,8.5,330,38
66,2023-10-02 03:49:02,232002990,MABI4,9614141,MAJESTIC PRINCESS,Under way using engine,48.47629333,-125.17646,94.8,18.6,CA VAN,2023-10-03 12:00:00,Passenger ship,8.5,330,38
67,2023-10-02 03:49:51,232002990,MABI4,9614141,MAJESTIC PRINCESS,Under way using engine,48.476055,-125.17031833,92.7,18.3,CA VAN,2023-10-03 12:00:00,Passenger ship,8.5,330,38
68,2023-10-02 03:50:33,232002990,MABI4,9614141,MAJESTIC PRINCESS,Under way using engine,48.47592667,-125.16507333,91.9,17.8,CA VAN,2023-10-03 12:00:00,Passenger ship,8.5,330,38
69,2023-10-02 03:51:15,232002990,MABI4,9614141,MAJESTIC PRINCESS,Under way using engine,48.475825,-125.159875,91.9,17.2,CA VAN,2023-10-03 12:00:00,Passenger ship,8.5,330,38
70,2023-10-02 03:51:51,232002990,MABI4,9614141,MAJESTIC PRINCESS,Under way using engine,48.47572333,-125.15569833,92.2,16.5,CA VAN,2023-10-03 12:00:00,Passenger ship,8.5,330,38
71,2023-10-02 03:52:37,232002990,MABI4,9614141,MAJESTIC PRINCESS,Under way using engine,48.475595,-125.151015,92.3,15.8,CA VAN,2023-10-03 12:00:00,Passenger ship,8.5,330,38
72,2023-10-02 03:53:27,232002990,MABI4,9614141,MAJESTIC PRINCESS,Under way using engine,48.475475,-125.145215,91.6,15.2,CA VAN,2023-10-03 12:00:00,Passenger ship,8.5,330,38
73,2023-10-02 03:54:27,232002990,MABI4,9614141,MAJESTIC PRINCESS,Under way using engine,48.47537,-125.13901167,91.5,14.6,CA VAN,2023-10-03 12:00:00,Passenger ship,8.5,330,38
74,2023-10-02 03:55:27,232002990,MABI4,9614141,MAJESTIC PRINCESS,Under way using engine,48.47525167,-125.13303667,91.9,14.1,CA VAN,2023-10-03 12:00:00,Passenger ship,8.5,330,38
75,2023-10-02 03:58:19,232002990,MABI4,9614141,MAJESTIC PRINCESS,Under way using engine,48.47463667,-125.11661,93.8,13.5,CA VAN,2023-10-03 12:00:00,Passenger ship,8.5,330,38
76,2023-10-02 04:03:19,232002990,MABI4,9614141,MAJESTIC PRINCESS,Under way using engine,48.47346667,-125.08833833,93.6,13.7,CA VAN,2023-10-03 12:00:00,Passenger ship,8.5,330,38
77,2023-10-02 04:08:22,232002990,MABI4,9614141,MAJESTIC PRINCESS,Under way using engine,48.47245167,-125.05946667,92.5,14.0,CA VAN,2023-10-03 12:00:00,Passenger ship,8.5,330,38
78,2023-10-02 04:13:24,232002990,MABI4,9614141,MAJESTIC PRINCESS,Under way using engine,48.47161,-125.02973,90.9,14.1,CA VAN,2023-10-03 12:00:00,Passenger ship,8.5,330,38
79,2023-10-02 04:18:15,232002990,MABI4,9614141,MAJESTIC PRINCESS,Under way using engine,48.47133333,-125.00198,91.6,13.5,CA VAN,2023-10-03 12:00:00,Passenger ship,8.5,330,38
80,2023-10-02 04:23:27,232002990,MABI4,9614141,MAJESTIC PRINCESS,Under way using engine,48.47070667,-124.97244667,92.2,13.5,CA VAN,2023-10-03 12:00:00,Passenger ship,8.5,330,38
81,2023-10-02 04:28:29,232002990,MABI4,9614141,MAJESTIC PRINCESS,Under way using engine,48.47036833,-124.94420333,90.9,13.8,CA VAN,2023-10-03 12:00:00,Passenger ship,8.5,330,38
82,2023-10-02 04:33:34,232002990,MABI4,9614141,MAJESTIC PRINCESS,Under way using engine,48.47008,-124.91455,90.9,13.6,CA VAN,2023-10-03 12:00:00,Passenger ship,8.5,330,38
83,2023-10-02 04:35:46,232002990,MABI4,9614141,MAJESTIC PRINCESS,Under way using engine,48.47005333,-124.90220333,88.5,13.7,CA VAN,2023-10-03 12:00:00,Passenger ship,8.5,330,38
84,2023-10-02 04:41:17,232002990,MABI4,9614141,MAJESTIC PRINCESS,Under way using engine,48.47060667,-124.87086833,88.7,13.6,CA VAN,2023-10-03 12:00:00,Passenger ship,8.5,330,38
85,2023-10-02 04:44:03,232002990,MABI4,9614141,MAJESTIC PRINCESS,Under way using engine,48.470705,-124.85474667,90.7,13.6,CA VAN,2023-10-03 12:00:00,Passenger ship,8.5,330,38
86,2023-10-02 04:49:05,232002990,MABI4,9614141,MAJESTIC PRINCESS,Under way using engine,48.47065,-124.82594833,89.9,14.0,CA VAN,2023-10-03 12:00:00,Passenger ship,8.5,330,38
87,2023-10-02 04:53:41,232002990,MABI4,9614141,MAJESTIC PRINCESS,Under way using engine,48.47086333,-124.79879667,87.8,14.2,CA VAN,2023-10-03 12:00:00,Passenger ship,8.5,330,38
88,2023-10-02 04:57:33,232002990,MABI4,9614141,MAJESTIC PRINCESS,Under way using engine,48.47150167,-124.776555,87.1,13.7,CA VAN,2023-10-03 12:00:00,Passenger ship,8.5,330,38
89,2023-10-02 05:02:39,232002990,MABI4,9614141,MAJESTIC PRINCESS,Under way using engine,48.47240833,-124.74713833,87.2,14.1,CA VAN,2023-10-03 12:00:00,Passenger ship,8.5,330,38
90,2023-10-02 05:06:07,232002990,MABI4,9614141,MAJESTIC PRINCESS,Under way using engine,48.472915,-124.72670667,89.3,13.7,CA VAN,2023-10-03 12:00:00,Passenger ship,8.5,330,38
91,2023-10-02 05:06:56,232002990,MABI4,9614141,MAJESTIC PRINCESS,Under way using engine,48.47288667,-124.72216,91.3,13.5,CA VAN,2023-10-03 12:00:00,Passenger ship,8.5,330,38
92,2023-10-02 05:07:21,232002990,MABI4,9614141,MAJESTIC PRINCESS,Under way using engine,48.472785,-124.71935833,93.7,13.4,CA VAN,2023-10-03 12:00:00,Passenger ship,8.5,330,38
93,2023-10-02 05:07:57,232002990,MABI4,9614141,MAJESTIC PRINCESS,Under way using engine,48.47257,-124.715945,96.2,13.3,CA VAN,2023-10-03 12:00:00,Passenger ship,8.5,330,38
94,2023-10-02 05:08:21,232002990,MABI4,9614141,MAJESTIC PRINCESS,Under way using engine,48.47237833,-124.71386667,98.5,13.2,CA VAN,2023-10-03 12:00:00,Passenger ship,8.5,330,38
95,2023-10-02 05:08:51,232002990,MABI4,9614141,MAJESTIC PRINCESS,Under way using engine,48.47211167,-124.711725,100.8,13.1,CA VAN,2023-10-03 12:00:00,Passenger ship,8.5,330,38
96,2023-10-02 05:09:09,232002990,MABI4,9614141,MAJESTIC PRINCESS,Under way using engine,48.471785,-124.709615,103.3,13.0,CA VAN,2023-10-03 12:00:00,Passenger ship,8.5,330,38
97,2023-10-02 05:09:37,232002990,MABI4,9614141,MAJESTIC PRINCESS,Under way using engine,48.47143333,-124.70771,105.7,12.9,CA VAN,2023-10-03 12:00:00,Passenger ship,8.5,330,38
98,2023-10-02 05:09:51,232002990,MABI4,9614141,MAJESTIC PRINCESS,Under way using engine,48.47107,-124.70600333,107.8,12.9,CA VAN,2023-10-03 12:00:00,Passenger ship,8.5,330,38
99,2023-10-02 05:10:10,232002990,MABI4,9614141,MAJESTIC PRINCESS,Under way using engine,48.47068167,-124.7044,110.2,12.8,CA VAN,2023-10-03 12:00:00,Passenger ship,8.5,330,38
100,2023-10-02 05:10:36,232002990,MABI4,9614141,MAJESTIC PRINCESS,Under way using engine,48.47022,-124.70266833,112.3,12.8,CA VAN,2023-10-03 12:00:00,Passenger ship,8.5,330,38
101,2023-10-02 05:11:21,232002990,MABI4,9614141,MAJESTIC PRINCESS,Under way using engine,48.46899167,-124.69867,115.6,12.7,CA VAN,2023-10-03 12:00:00,Passenger ship,8.5,330,38
102,2023-10-02 05:12:37,232002990,MABI4,9614141,MAJESTIC PRINCESS,Under way using engine,48.467135,-124.69318333,117.8,12.7,CA VAN,2023-10-03 12:00:00,Passenger ship,8.5,330,38
103,2023-10-02 05:15:30,232002990,MABI4,9614141,MAJESTIC PRINCESS,Under way using engine,48.46214667,-124.678635,116.9,13.2,CA VAN,2023-10-03 12:00:00,Passenger ship,8.5,330,38
104,2023-10-02 05:20:37,232002990,MABI4,9614141,MAJESTIC PRINCESS,Under way using engine,48.45399667,-124.65349833,115.4,13.6,CA VAN,2023-10-03 12:00:00,Passenger ship,8.5,330,38
105,2023-10-02 05:25:48,232002990,MABI4,9614141,MAJESTIC PRINCESS,Under way using engine,48.44542667,-124.62597333,114.9,14.1,CA VAN,2023-10-03 12:00:00,Passenger ship,8.5,330,38
106,2023-10-02 05:30:51,232002990,MABI4,9614141,MAJESTIC PRINCESS,Under way using engine,48.43718167,-124.59921,115.1,14.2,CA VAN,2023-10-03 12:00:00,Passenger ship,8.5,330,38
107,2023-10-02 05:36:03,232002990,MABI4,9614141,MAJESTIC PRINCESS,Under way using engine,48.42850167,-124.57144333,115.3,14.2,CA VAN,2023-10-03 12:00:00,Passenger ship,8.5,330,38
108,2023-10-02 05:41:08,232002990,MABI4,9614141,MAJESTIC PRINCESS,Under way using engine,48.41974333,-124.54396,116.0,14.3,CA VAN,2023-10-03 12:00:00,Passenger ship,8.5,330,38
109,2023-10-02 05:46:09,232002990,MABI4,9614141,MAJESTIC PRINCESS,Under way using engine,48.410885,-124.51658167,115.5,14.3,CA VAN,2023-10-03 12:00:00,Passenger ship,8.5,330,38
110,2023-10-02 05:51:34,232002990,MABI4,9614141,MAJESTIC PRINCESS,Under way using engine,48.40178833,-124.48741667,115.3,14.3,CA VAN,2023-10-03 12:00:00,Passenger ship,8.5,330,38
111,2023-10-02 05:56:34,232002990,MABI4,9614141,MAJESTIC PRINCESS,Under way using engine,48.39331167,-124.46040167,115.6,14.4,CA VAN,2023-10-03 12:00:00,Passenger ship,8.5,330,38
112,2023-10-02 06:01:44,232002990,MABI4,9614141,MAJESTIC PRINCESS,Under way using engine,48.38450167,-124.43259167,115.4,14.6,CA VAN,2023-10-03 12:00:00,Passenger ship,8.5,330,38
113,2023-10-02 06:06:45,232002990,MABI4,9614141,MAJESTIC PRINCESS,Under way using engine,48.37580667,-124.40525833,115.2,14.5,CA VAN,2023-10-03 12:00:00,Passenger ship,8.5,330,38
114,2023-10-02 06:11:46,232002990,MABI4,9614141,MAJESTIC PRINCESS,Under way using engine,48.36712,-124.37706167,114.4,14.8,CA VAN,2023-10-03 12:00:00,Passenger ship,8.5,330,38
115,2023-10-02 06:17:18,232002990,MABI4,9614141,MAJESTIC PRINCESS,Under way using engine,48.35788333,-124.34622833,115.2,14.8,CA VAN,2023-10-03 12:00:00,Passenger ship,8.5,330,38
116,2023-10-02 06:22:28,232002990,MABI4,9614141,MAJESTIC PRINCESS,Under way using engine,48.34866667,-124.317465,115.8,14.8,CA VAN,2023-10-03 12:00:00,Passenger ship,8.5,330,38
117,2023-10-02 06:27:28,232002990,MABI4,9614141,MAJESTIC PRINCESS,Under way using engine,48.33947,-124.28956833,116.6,15.0,CA VAN,2023-10-03 12:00:00,Passenger ship,8.5,330,38
118,2023-10-02 06:32:46,232002990,MABI4,9614141,MAJESTIC PRINCESS,Under way using engine,48.32984167,-124.25966333,115.2,15.1,CA VAN,2023-10-03 12:00:00,Passenger ship,8.5,330,38
119,2023-10-02 06:37:53,232002990,MABI4,9614141,MAJESTIC PRINCESS,Under way using engine,48.32082333,-124.230375,114.7,15.3,CA VAN,2023-10-03 12:00:00,Passenger ship,8.5,330,38
120,2023-10-02 06:42:57,232002990,MABI4,9614141,MAJESTIC PRINCESS,Under way using engine,48.31164167,-124.20125167,114.7,15.3,CA VAN,2023-10-03 12:00:00,Passenger ship,8.5,330,38
121,2023-10-02 06:48:03,232002990,MABI4,9614141,MAJESTIC PRINCESS,Under way using engine,48.30294333,-124.17154,113.3,15.3,CA VAN,2023-10-03 12:00:00,Passenger ship,8.5,330,38
122,2023-10-02 06:53:03,232002990,MABI4,9614141,MAJESTIC PRINCESS,Under way using engine,48.29449,-124.14185833,113.3,15.4,CA VAN,2023-10-03 12:00:00,Passenger ship,8.5,330,38
123,2023-10-02 06:58:05,232002990,MABI4,9614141,MAJESTIC PRINCESS,Under way using engine,48.28580333,-124.11262,114.8,15.5,CA VAN,2023-10-03 12:00:00,Passenger ship,8.5,330,38
124,2023-10-02 07:03:08,232002990,MABI4,9614141,MAJESTIC PRINCESS,Under way using engine,48.276555,-124.08271667,115.3,15.7,CA VAN,2023-10-03 12:00:00,Passenger ship,8.5,330,38
125,2023-10-02 07:08:09,232002990,MABI4,9614141,MAJESTIC PRINCESS,Under way using engine,48.26726333,-124.05261,115.6,16.0,CA VAN,2023-10-03 12:00:00,Passenger ship,8.5,330,38
126,2023-10-02 07:12:57,232002990,MABI4,9614141,MAJESTIC PRINCESS,Under way using engine,48.257675,-124.024295,117.2,15.5,CA VAN,2023-10-03 12:00:00,Passenger ship,8.5,330,38
127,2023-10-02 07:17:57,232002990,MABI4,9614141,MAJESTIC PRINCESS,Under way using engine,48.24775667,-123.99617167,117.8,15.2,CA VAN,2023-10-03 12:00:00,Passenger ship,8.5,330,38
128,2023-10-02 07:22:57,232002990,MABI4,9614141,MAJESTIC PRINCESS,Under way using engine,48.23845833,-123.968045,115.9,15.2,CA VAN,2023-10-03 12:00:00,Passenger ship,8.5,330,38
129,2023-10-02 07:27:57,232002990,MABI4,9614141,MAJESTIC PRINCESS,Under way using engine,48.22912,-123.93959,115.6,15.3,CA VAN,2023-10-03 12:00:00,Passenger ship,8.5,330,38
130,2023-10-02 07:29:28,232002990,MABI4,9614141,MAJESTIC PRINCESS,Under way using engine,48.22648,-123.93092667,113.4,15.3,CA VAN,2023-10-03 12:00:00,Passenger ship,8.5,330,38
131,2023-10-02 07:30:15,232002990,MABI4,9614141,MAJESTIC PRINCESS,Under way using engine,48.22522167,-123.92622167,110.9,15.2,CA VAN,2023-10-03 12:00:00,Passenger ship,8.5,330,38
132,2023-10-02 07:30:52,232002990,MABI4,9614141,MAJESTIC PRINCESS,Under way using engine,48.22435667,-123.92254833,108.8,15.2,CA VAN,2023-10-03 12:00:00,Passenger ship,8.5,330,38
133,2023-10-02 07:31:33,232002990,MABI4,9614141,MAJESTIC PRINCESS,Under way using engine,48.223505,-123.91843167,106.5,15.2,CA VAN,2023-10-03 12:00:00,Passenger ship,8.5,330,38
134,2023-10-02 07:32:09,232002990,MABI4,9614141,MAJESTIC PRINCESS,Under way using engine,48.22285833,-123.91477833,104.1,15.1,CA VAN,2023-10-03 12:00:00,Passenger ship,8.5,330,38
135,2023-10-02 07:32:45,232002990,MABI4,9614141,MAJESTIC PRINCESS,Under way using engine,48.22230833,-123.911095,102.0,15.1,CA VAN,2023-10-03 12:00:00,Passenger ship,8.5,330,38
136,2023-10-02 07:33:21,232002990,MABI4,9614141,MAJESTIC PRINCESS,Under way using engine,48.22183833,-123.907275,99.9,15.1,CA VAN,2023-10-03 12:00:00,Passenger ship,8.5,330,38
137,2023-10-02 07:33:57,232002990,MABI4,9614141,MAJESTIC PRINCESS,Under way using engine,48.22150167,-123.90367167,97.6,15.1,CA VAN,2023-10-03 12:00:00,Passenger ship,8.5,330,38
138,2023-10-02 07:34:33,232002990,MABI4,9614141,MAJESTIC PRINCESS,Under way using engine,48.22123333,-123.89992,95.5,15.1,CA VAN,2023-10-03 12:00:00,Passenger ship,8.5,330,38
139,2023-10-02 07:35:09,232002990,MABI4,9614141,MAJESTIC PRINCESS,Under way using engine,48.22106333,-123.896145,93.0,15.2,CA VAN,2023-10-03 12:00:00,Passenger ship,8.5,330,38
140,2023-10-02 07:36:45,232002990,MABI4,9614141,MAJESTIC PRINCESS,Under way using engine,48.22087167,-123.88600167,90.9,15.4,CA VAN,2023-10-03 12:00:00,Passenger ship,8.5,330,38
141,2023-10-02 07:41:46,232002990,MABI4,9614141,MAJESTIC PRINCESS,Under way using engine,48.22069167,-123.853545,89.7,15.7,CA VAN,2023-10-03 12:00:00,Passenger ship,8.5,330,38
142,2023-10-02 07:46:46,232002990,MABI4,9614141,MAJESTIC PRINCESS,Under way using engine,48.220855,-123.820635,88.5,15.8,CA VAN,2023-10-03 12:00:00,Passenger ship,8.5,330,38
143,2023-10-02 07:51:52,232002990,MABI4,9614141,MAJESTIC PRINCESS,Under way using engine,48.221225,-123.78708667,88.4,15.8,CA VAN,2023-10-03 12:00:00,Passenger ship,8.5,330,38
144,2023-10-02 07:56:57,232002990,MABI4,9614141,MAJESTIC PRINCESS,Under way using engine,48.22158167,-123.75361167,88.6,15.9,CA VAN,2023-10-03 12:00:00,Passenger ship,8.5,330,38
145,2023-10-02 08:01:57,232002990,MABI4,9614141,MAJESTIC PRINCESS,Under way using engine,48.22206833,-123.72063667,88.4,15.9,CA VAN,2023-10-03 12:00:00,Passenger ship,8.5,330,38
146,2023-10-02 08:05:03,232002990,MABI4,9614141,MAJESTIC PRINCESS,Under way using engine,48.22242,-123.70038167,90.6,15.6,CA VAN,2023-10-03 12:00:00,Passenger ship,8.5,330,38
147,2023-10-02 08:10:03,232002990,MABI4,9614141,MAJESTIC PRINCESS,Under way using engine,48.222165,-123.667915,90.9,15.6,CA VAN,2023-10-03 12:00:00,Passenger ship,8.5,330,38
148,2023-10-02 08:15:08,232002990,MABI4,9614141,MAJESTIC PRINCESS,Under way using engine,48.22183667,-123.63526833,90.5,15.2,CA VAN,2023-10-03 12:00:00,Passenger ship,8.5,330,38
149,2023-10-02 08:20:09,232002990,MABI4,9614141,MAJESTIC PRINCESS,Under way using engine,48.22177667,-123.60384333,90.5,15.2,CA VAN,2023-10-03 12:00:00,Passenger ship,8.5,330,38
150,2023-10-02 08:25:09,232002990,MABI4,9614141,MAJESTIC PRINCESS,Under way using engine,48.22146,-123.57227167,91.2,15.2,CA VAN,2023-10-03 12:00:00,Passenger ship,8.5,330,38
151,2023-10-02 08:26:27,232002990,MABI4,9614141,MAJESTIC PRINCESS,Under way using engine,48.22126833,-123.56403833,93.2,15.3,CA VAN,2023-10-03 12:00:00,Passenger ship,8.5,330,38
152,2023-10-02 08:27:09,232002990,MABI4,9614141,MAJESTIC PRINCESS,Under way using engine,48.22102667,-123.5596,95.5,15.3,CA VAN,2023-10-03 12:00:00,Passenger ship,8.5,330,38
153,2023-10-02 08:27:51,232002990,MABI4,9614141,MAJESTIC PRINCESS,Under way using engine,48.22065,-123.55505833,97.7,15.4,CA VAN,2023-10-03 12:00:00,Passenger ship,8.5,330,38
154,2023-10-02 08:28:27,232002990,MABI4,9614141,MAJESTIC PRINCESS,Under way using engine,48.220235,-123.55127167,100.0,15.4,CA VAN,2023-10-03 12:00:00,Passenger ship,8.5,330,38
155,2023-10-02 08:28:56,232002990,MABI4,9614141,MAJESTIC PRINCESS,Under way using engine,48.21982333,-123.54823667,102.0,15.4,CA VAN,2023-10-03 12:00:00,Passenger ship,8.5,330,38
156,2023-10-02 08:29:31,232002990,MABI4,9614141,MAJESTIC PRINCESS,Under way using engine,48.21921833,-123.54450167,104.2,15.4,CA VAN,2023-10-03 12:00:00,Passenger ship,8.5,330,38
157,2023-10-02 08:30:09,232002990,MABI4,9614141,MAJESTIC PRINCESS,Under way using engine,48.218515,-123.540805,106.7,15.4,CA VAN,2023-10-03 12:00:00,Passenger ship,8.5,330,38
158,2023-10-02 08:30:39,232002990,MABI4,9614141,MAJESTIC PRINCESS,Under way using engine,48.217845,-123.53776333,108.9,15.4,CA VAN,2023-10-03 12:00:00,Passenger ship,8.5,330,38
159,2023-10-02 08:31:09,232002990,MABI4,9614141,MAJESTIC PRINCESS,Under way using engine,48.21709,-123.534775,111.4,15.4,CA VAN,2023-10-03 12:00:00,Passenger ship,8.5,330,38
160,2023-10-02 08:31:33,232002990,MABI4,9614141,MAJESTIC PRINCESS,Under way using engine,48.216415,-123.53243,113.6,15.4,CA VAN,2023-10-03 12:00:00,Passenger ship,8.5,330,38
161,2023-10-02 08:31:56,232002990,MABI4,9614141,MAJESTIC PRINCESS,Under way using engine,48.21571333,-123.53022,115.7,15.4,CA VAN,2023-10-03 12:00:00,Passenger ship,8.5,330,38
162,2023-10-02 08:32:27,232002990,MABI4,9614141,MAJESTIC PRINCESS,Under way using engine,48.21465833,-123.52720333,118.2,15.4,CA VAN,2023-10-03 12:00:00,Passenger ship,8.5,330,38
163,2023-10-02 08:33:45,232002990,MABI4,9614141,MAJESTIC PRINCESS,Under way using engine,48.21193,-123.52004667,120.5,15.5,CA VAN,2023-10-03 12:00:00,Passenger ship,8.5,330,38
164,2023-10-02 08:37:38,232002990,MABI4,9614141,MAJESTIC PRINCESS,Under way using engine,48.203325,-123.497975,119.7,16.0,CA VAN,2023-10-03 12:00:00,Passenger ship,8.5,330,38
165,2023-10-02 08:38:57,232002990,MABI4,9614141,MAJESTIC PRINCESS,Under way using engine,48.20049167,-123.49059333,120.5,15.5,CA VAN,2023-10-03 12:00:00,Passenger ship,8.5,330,38
166,2023-10-02 08:39:33,232002990,MABI4,9614141,MAJESTIC PRINCESS,Under way using engine,48.19919,-123.48735167,121.0,15.0,CA VAN,2023-10-03 12:00:00,Passenger ship,8.5,330,38
167,2023-10-02 08:40:08,232002990,MABI4,9614141,MAJESTIC PRINCESS,Under way using engine,48.19793,-123.48424333,121.2,14.4,CA VAN,2023-10-03 12:00:00,Passenger ship,8.5,330,38
168,2023-10-02 08:40:50,232002990,MABI4,9614141,MAJESTIC PRINCESS,Under way using engine,48.19652333,-123.48077,121.3,13.8,CA VAN,2023-10-03 12:00:00,Passenger ship,8.5,330,38
169,2023-10-02 08:41:33,232002990,MABI4,9614141,MAJESTIC PRINCESS,Under way using engine,48.19517,-123.477455,121.4,13.2,CA VAN,2023-10-03 12:00:00,Passenger ship,8.5,330,38
170,2023-10-02 08:42:03,232002990,MABI4,9614141,MAJESTIC PRINCESS,Under way using engine,48.19424333,-123.47517833,121.4,12.7,CA VAN,2023-10-03 12:00:00,Passenger ship,8.5,330,38
171,2023-10-02 08:42:27,232002990,MABI4,9614141,MAJESTIC PRINCESS,Under way using engine,48.193535,-123.473445,121.5,12.1,CA VAN,2023-10-03 12:00:00,Passenger ship,8.5,330,38
172,2023-10-02 08:42:57,232002990,MABI4,9614141,MAJESTIC PRINCESS,Under way using engine,48.192685,-123.47140333,122.1,11.5,CA VAN,2023-10-03 12:00:00,Passenger ship,8.5,330,38
173,2023-10-02 08:43:21,232002990,MABI4,9614141,MAJESTIC PRINCESS,Under way using engine,48.19203,-123.46986,122.6,10.9,CA VAN,2023-10-03 12:00:00,Passenger ship,8.5,330,38
174,2023-10-02 08:43:50,232002990,MABI4,9614141,MAJESTIC PRINCESS,Under way using engine,48.19123667,-123.46803667,123.1,10.4,CA VAN,2023-10-03 12:00:00,Passenger ship,8.5,330,38
175,2023-10-02 08:44:19,232002990,MABI4,9614141,MAJESTIC PRINCESS,Under way using engine,48.19052667,-123.46643833,123.8,9.8,CA VAN,2023-10-03 12:00:00,Passenger ship,8.5,330,38
176,2023-10-02 08:44:39,232002990,MABI4,9614141,MAJESTIC PRINCESS,Under way using engine,48.19004667,-123.46539667,124.8,9.1,CA VAN,2023-10-03 12:00:00,Passenger ship,8.5,330,38
177,2023-10-02 08:45:08,232002990,MABI4,9614141,MAJESTIC PRINCESS,Under way using engine,48.18937,-123.46391,123.9,8.6,CA VAN,2023-10-03 12:00:00,Passenger ship,8.5,330,38
178,2023-10-02 08:46:19,232002990,MABI4,9614141,MAJESTIC PRINCESS,Under way using engine,48.187845,-123.46060833,124.7,8.1,CA VAN,2023-10-03 12:00:00,Passenger ship,8.5,330,38
179,2023-10-02 08:49:39,232002990,MABI4,9614141,MAJESTIC PRINCESS,Under way using engine,48.18369,-123.45175,125.7,7.5,CA VAN,2023-10-03 12:00:00,Passenger ship,8.5,330,38
180,2023-10-02 08:54:39,232002990,MABI4,9614141,MAJESTIC PRINCESS,Under way using engine,48.177805,-123.43933667,125.3,7.3,CA VAN,2023-10-03 12:00:00,Passenger ship,8.5,330,38
181,2023-10-02 08:57:09,232002990,MABI4,9614141,MAJESTIC PRINCESS,Under way using engine,48.17491333,-123.43298167,123.3,7.6,CA VAN,2023-10-03 12:00:00,Passenger ship,8.5,330,38
182,2023-10-02 08:57:59,232002990,MABI4,9614141,MAJESTIC PRINCESS,Under way using engine,48.173975,-123.43069333,119.7,7.8,CA VAN,2023-10-03 12:00:00,Passenger ship,8.5,330,38
183,2023-10-02 08:58:29,232002990,MABI4,9614141,MAJESTIC PRINCESS,Under way using engine,48.17347167,-123.42924167,116.4,7.9,CA VAN,2023-10-03 12:00:00,Passenger ship,8.5,330,38
184,2023-10-02 08:58:48,232002990,MABI4,9614141,MAJESTIC PRINCESS,Under way using engine,48.17318667,-123.42829667,114.1,7.9,CA VAN,2023-10-03 12:00:00,Passenger ship,8.5,330,38
185,2023-10-02 08:59:09,232002990,MABI4,9614141,MAJESTIC PRINCESS,Under way using engine,48.17290833,-123.427225,110.7,7.9,CA VAN,2023-10-03 12:00:00,Passenger ship,8.5,330,38
186,2023-10-02 08:59:29,232002990,MABI4,9614141,MAJESTIC PRINCESS,Under way using engine,48.17269,-123.42618333,107.2,7.9,CA VAN,2023-10-03 12:00:00,Passenger ship,8.5,330,38
187,2023-10-02 08:59:48,232002990,MABI4,9614141,MAJESTIC PRINCESS,Under way using engine,48.17252667,-123.42517667,103.6,7.9,CA VAN,2023-10-03 12:00:00,Passenger ship,8.5,330,38
188,2023-10-02 08:59:59,232002990,MABI4,9614141,MAJESTIC PRINCESS,Under way using engine,48.17245333,-123.42458833,101.2,7.8,CA VAN,2023-10-03 12:00:00,Passenger ship,8.5,330,38
189,2023-10-02 09:00:19,232002990,MABI4,9614141,MAJESTIC PRINCESS,Under way using engine,48.17236,-123.423515,97.1,7.8,CA VAN,2023-10-03 12:00:00,Passenger ship,8.5,330,38
190,2023-10-02 09:00:29,232002990,MABI4,9614141,MAJESTIC PRINCESS,Under way using engine,48.17233333,-123.422975,94.8,7.8,CA VAN,2023-10-03 12:00:00,Passenger ship,8.5,330,38
191,2023-10-02 09:00:39,232002990,MABI4,9614141,MAJESTIC PRINCESS,Under way using engine,48.17232333,-123.42243667,92.3,7.8,CA VAN,2023-10-03 12:00:00,Passenger ship,8.5,330,38
192,2023-10-02 09:00:48,232002990,MABI4,9614141,MAJESTIC PRINCESS,Under way using engine,48.17232833,-123.42195333,90.3,7.7,CA VAN,2023-10-03 12:00:00,Passenger ship,8.5,330,38
193,2023-10-02 09:00:58,232002990,MABI4,9614141,MAJESTIC PRINCESS,Under way using engine,48.17234833,-123.42141833,87.7,7.7,CA VAN,2023-10-03 12:00:00,Passenger ship,8.5,330,38
194,2023-10-02 09:01:10,232002990,MABI4,9614141,MAJESTIC PRINCESS,Under way using engine,48.17239167,-123.42078167,85.0,7.7,CA VAN,2023-10-03 12:00:00,Passenger ship,8.5,330,38
195,2023-10-02 09:01:19,232002990,MABI4,9614141,MAJESTIC PRINCESS,Under way using engine,48.17243667,-123.42030667,82.7,7.7,CA VAN,2023-10-03 12:00:00,Passenger ship,8.5,330,38
196,2023-10-02 09:01:29,232002990,MABI4,9614141,MAJESTIC PRINCESS,Under way using engine,48.17250333,-123.419785,80.1,7.7,CA VAN,2023-10-03 12:00:00,Passenger ship,8.5,330,38
197,2023-10-02 09:01:48,232002990,MABI4,9614141,MAJESTIC PRINCESS,Under way using engine,48.172655,-123.41880333,76.9,7.6,CA VAN,2023-10-03 12:00:00,Passenger ship,8.5,330,38
198,2023-10-02 09:02:09,232002990,MABI4,9614141,MAJESTIC PRINCESS,Under way using engine,48.17286333,-123.41767833,74.5,7.7,CA VAN,2023-10-03 12:00:00,Passenger ship,8.5,330,38
199,2023-10-02 09:02:58,232002990,MABI4,9614141,MAJESTIC PRINCESS,Under way using engine,48.173375,-123.41521,72.2,7.8,CA VAN,2023-10-03 12:00:00,Passenger ship,8.5,330,38
200,2023-10-02 09:03:49,232002990,MABI4,9614141,MAJESTIC PRINCESS,Under way using engine,48.17398833,-123.41249833,71.1,8.3,CA VAN,2023-10-03 12:00:00,Passenger ship,8.5,330,38
201,2023-10-02 09:04:39,232002990,MABI4,9614141,MAJESTIC PRINCESS,Under way using engine,48.17463167,-123.409655,71.9,8.8,CA VAN,2023-10-03 12:00:00,Passenger ship,8.5,330,38
202,2023-10-02 09:05:39,232002990,MABI4,9614141,MAJESTIC PRINCESS,Under way using engine,48.17537667,-123.40603667,73.1,9.3,CA VAN,2023-10-03 12:00:00,Passenger ship,8.5,330,38
203,2023-10-02 09:07:09,232002990,MABI4,9614141,MAJESTIC PRINCESS,Under way using engine,48.17649833,-123.40029,74.0,9.9,CA VAN,2023-10-03 12:00:00,Passenger ship,8.5,330,38
204,2023-10-02 09:08:18,232002990,MABI4,9614141,MAJESTIC PRINCESS,Under way using engine,48.17737333,-123.39559333,74.5,10.5,CA VAN,2023-10-03 12:00:00,Passenger ship,8.5,330,38
205,2023-10-02 09:09:18,232002990,MABI4,9614141,MAJESTIC PRINCESS,Under way using engine,48.17817,-123.39126,74.6,11.1,CA VAN,2023-10-03 12:00:00,Passenger ship,8.5,330,38
206,2023-10-02 09:10:08,232002990,MABI4,9614141,MAJESTIC PRINCESS,Under way using engine,48.17887,-123.38745333,74.8,11.6,CA VAN,2023-10-03 12:00:00,Passenger ship,8.5,330,38
207,2023-10-02 09:10:59,232002990,MABI4,9614141,MAJESTIC PRINCESS,Under way using engine,48.17960833,-123.38336667,75.0,12.2,CA VAN,2023-10-03 12:00:00,Passenger ship,8.5,330,38
208,2023-10-02 09:12:08,232002990,MABI4,9614141,MAJESTIC PRINCESS,Under way using engine,48.180645,-123.37753333,75.1,12.8,CA VAN,2023-10-03 12:00:00,Passenger ship,8.5,330,38
209,2023-10-02 09:13:28,232002990,MABI4,9614141,MAJESTIC PRINCESS,Under way using engine,48.18176667,-123.37053667,77.4,13.1,CA VAN,2023-10-03 12:00:00,Passenger ship,8.5,330,38
210,2023-10-02 09:16:09,232002990,MABI4,9614141,MAJESTIC PRINCESS,Under way using engine,48.18376,-123.35592,78.8,13.6,CA VAN,2023-10-03 12:00:00,Passenger ship,8.5,330,38
211,2023-10-02 09:21:09,232002990,MABI4,9614141,MAJESTIC PRINCESS,Under way using engine,48.18733167,-123.32791333,80.4,13.8,CA VAN,2023-10-03 12:00:00,Passenger ship,8.5,330,38
212,2023-10-02 09:25:00,232002990,MABI4,9614141,MAJESTIC PRINCESS,Under way using engine,48.18963167,-123.30618167,81.0,13.2,CA VAN,2023-10-03 12:00:00,Passenger ship,8.5,330,38
213,2023-10-02 09:27:29,232002990,MABI4,9614141,MAJESTIC PRINCESS,Under way using engine,48.19098667,-123.29302167,81.5,12.7,CA VAN,2023-10-03 12:00:00,Passenger ship,8.5,330,38
214,2023-10-02 09:32:29,232002990,MABI4,9614141,MAJESTIC PRINCESS,Under way using engine,48.193515,-123.26705333,81.5,12.6,CA VAN,2023-10-03 12:00:00,Passenger ship,8.5,330,38
215,2023-10-02 09:37:38,232002990,MABI4,9614141,MAJESTIC PRINCESS,Under way using engine,48.19623667,-123.24042667,81.1,12.6,CA VAN,2023-10-03 12:00:00,Passenger ship,8.5,330,38
216,2023-10-02 09:42:29,232002990,MABI4,9614141,MAJESTIC PRINCESS,Under way using engine,48.19852,-123.21548833,83.1,12.5,CA VAN,2023-10-03 12:00:00,Passenger ship,8.5,330,38
217,2023-10-02 09:47:29,232002990,MABI4,9614141,MAJESTIC PRINCESS,Under way using engine,48.20077167,-123.18962667,83.0,12.6,CA VAN,2023-10-03 12:00:00,Passenger ship,8.5,330,38
218,2023-10-02 09:51:49,232002990,MABI4,9614141,MAJESTIC PRINCESS,Under way using engine,48.20225833,-123.167005,85.0,12.5,CA VAN,2023-10-03 12:00:00,Passenger ship,8.5,330,38
219,2023-10-02 09:53:58,232002990,MABI4,9614141,MAJESTIC PRINCESS,Under way using engine,48.20273,-123.15593333,87.1,12.4,CA VAN,2023-10-03 12:00:00,Passenger ship,8.5,330,38
220,2023-10-02 09:56:29,232002990,MABI4,9614141,MAJESTIC PRINCESS,Under way using engine,48.20300167,-123.14289333,89.1,12.6,CA VAN,2023-10-03 12:00:00,Passenger ship,8.5,330,38
221,2023-10-02 09:58:58,232002990,MABI4,9614141,MAJESTIC PRINCESS,Under way using engine,48.20303333,-123.12981,91.3,12.8,CA VAN,2023-10-03 12:00:00,Passenger ship,8.5,330,38
222,2023-10-02 09:59:48,232002990,MABI4,9614141,MAJESTIC PRINCESS,Under way using engine,48.20289,-123.12538,93.5,12.8,CA VAN,2023-10-03 12:00:00,Passenger ship,8.5,330,38
223,2023-10-02 10:04:29,232002990,MABI4,9614141,MAJESTIC PRINCESS,Under way using engine,48.20150833,-123.10028667,92.9,13.3,CA VAN,2023-10-03 12:00:00,Passenger ship,8.5,330,38
224,2023-10-02 10:06:40,232002990,MABI4,9614141,MAJESTIC PRINCESS,Under way using engine,48.20113167,-123.08796,93.2,13.9,CA VAN,2023-10-03 12:00:00,Passenger ship,8.5,330,38
225,2023-10-02 10:08:53,232002990,MABI4,9614141,MAJESTIC PRINCESS,Under way using engine,48.200605,-123.07484833,94.5,14.5,CA VAN,2023-10-03 12:00:00,Passenger ship,8.5,330,38
226,2023-10-02 10:13:11,232002990,MABI4,9614141,MAJESTIC PRINCESS,Under way using engine,48.19888667,-123.04923333,95.7,14.0,CA VAN,2023-10-03 12:00:00,Passenger ship,8.5,330,38
227,2023-10-02 10:14:53,232002990,MABI4,9614141,MAJESTIC PRINCESS,Under way using engine,48.19817,-123.03946667,96.8,13.5,CA VAN,2023-10-03 12:00:00,Passenger ship,8.5,330,38
228,2023-10-02 10:16:24,232002990,MABI4,9614141,MAJESTIC PRINCESS,Under way using engine,48.19754333,-123.03130667,96.3,12.9,CA VAN,2023-10-03 12:00:00,Passenger ship,8.5,330,38
229,2023-10-02 10:18:00,232002990,MABI4,9614141,MAJESTIC PRINCESS,Under way using engine,48.19703,-123.02288333,94.3,12.4,CA VAN,2023-10-03 12:00:00,Passenger ship,8.5,330,38
230,2023-10-02 10:20:41,232002990,MABI4,9614141,MAJESTIC PRINCESS,Under way using engine,48.19647333,-123.00949167,93.0,11.8,CA VAN,2023-10-03 12:00:00,Passenger ship,8.5,330,38
231,2023-10-02 10:25:43,232002990,MABI4,9614141,MAJESTIC PRINCESS,Under way using engine,48.19545833,-122.98550333,94.8,11.4,CA VAN,2023-10-03 12:00:00,Passenger ship,8.5,330,38
232,2023-10-02 10:30:51,232002990,MABI4,9614141,MAJESTIC PRINCESS,Under way using engine,48.19397,-122.96102667,95.4,11.5,CA VAN,2023-10-03 12:00:00,Passenger ship,8.5,330,38
233,2023-10-02 10:35:51,232002990,MABI4,9614141,MAJESTIC PRINCESS,Under way using engine,48.19240833,-122.93719333,95.3,11.5,CA VAN,2023-10-03 12:00:00,Passenger ship,8.5,330,38
234,2023-10-02 10:40:20,232002990,MABI4,9614141,MAJESTIC PRINCESS,Under way using engine,48.19097,-122.91612833,95.7,11.0,CA VAN,2023-10-03 12:00:00,Passenger ship,8.5,330,38
235,2023-10-02 10:45:20,232002990,MABI4,9614141,MAJESTIC PRINCESS,Under way using engine,48.18959667,-122.89367667,96.8,11.0,CA VAN,2023-10-03 12:00:00,Passenger ship,8.5,330,38
236,2023-10-02 10:46:00,232002990,MABI4,9614141,MAJESTIC PRINCESS,Under way using engine,48.18929167,-122.89058667,99.0,11.1,CA VAN,2023-10-03 12:00:00,Passenger ship,8.5,330,38
237,2023-10-02 10:46:41,232002990,MABI4,9614141,MAJESTIC PRINCESS,Under way using engine,48.18891333,-122.88757167,101.2,11.1,CA VAN,2023-10-03 12:00:00,Passenger ship,8.5,330,38
238,2023-10-02 10:48:00,232002990,MABI4,9614141,MAJESTIC PRINCESS,Under way using engine,48.188005,-122.88153833,103.4,11.2,CA VAN,2023-10-03 12:00:00,Passenger ship,8.5,330,38
239,2023-10-02 10:53:00,232002990,MABI4,9614141,MAJESTIC PRINCESS,Under way using engine,48.18417833,-122.85899167,103.2,11.2,CA VAN,2023-10-03 12:00:00,Passenger ship,8.5,330,38
240,2023-10-02 10:57:42,232002990,MABI4,9614141,MAJESTIC PRINCESS,Under way using engine,48.181155,-122.83748167,101.1,11.4,CA VAN,2023-10-03 12:00:00,Passenger ship,8.5,330,38
241,2023-10-02 10:59:42,232002990,MABI4,9614141,MAJESTIC PRINCESS,Under way using engine,48.179975,-122.82800667,100.9,11.9,CA VAN,2023-10-03 12:00:00,Passenger ship,8.5,330,38
242,2023-10-02 11:01:21,232002990,MABI4,9614141,MAJESTIC PRINCESS,Under way using engine,48.178825,-122.81981667,102.8,12.5,CA VAN,2023-10-03 12:00:00,Passenger ship,8.5,330,38
243,2023-10-02 11:02:21,232002990,MABI4,9614141,MAJESTIC PRINCESS,Under way using engine,48.17802667,-122.81463833,103.1,13.0,CA VAN,2023-10-03 12:00:00,Passenger ship,8.5,330,38
244,2023-10-02 11:03:31,232002990,MABI4,9614141,MAJESTIC PRINCESS,Under way using engine,48.17695167,-122.80832,105.2,13.4,CA VAN,2023-10-03 12:00:00,Passenger ship,8.5,330,38
245,2023-10-02 11:05:00,232002990,MABI4,9614141,MAJESTIC PRINCESS,Under way using engine,48.17535,-122.80014,106.5,13.9,CA VAN,2023-10-03 12:00:00,Passenger ship,8.5,330,38
246,2023-10-02 11:07:31,232002990,MABI4,9614141,MAJESTIC PRINCESS,Under way using engine,48.172365,-122.78612833,108.6,14.4,CA VAN,2023-10-03 12:00:00,Passenger ship,8.5,330,38
247,2023-10-02 11:08:37,232002990,MABI4,9614141,MAJESTIC PRINCESS,Under way using engine,48.17088333,-122.77994833,110.8,14.7,CA VAN,2023-10-03 12:00:00,Passenger ship,8.5,330,38
248,2023-10-02 11:09:24,232002990,MABI4,9614141,MAJESTIC PRINCESS,Under way using engine,48.16963667,-122.77539333,113.2,14.9,CA VAN,2023-10-03 12:00:00,Passenger ship,8.5,330,38
249,2023-10-02 11:09:55,232002990,MABI4,9614141,MAJESTIC PRINCESS,Under way using engine,48.16873,-122.77250833,115.8,14.9,CA VAN,2023-10-03 12:00:00,Passenger ship,8.5,330,38
250,2023-10-02 11:10:37,232002990,MABI4,9614141,MAJESTIC PRINCESS,Under way using engine,48.167435,-122.76879667,118.1,14.8,CA VAN,2023-10-03 12:00:00,Passenger ship,8.5,330,38
251,2023-10-02 11:11:25,232002990,MABI4,9614141,MAJESTIC PRINCESS,Under way using engine,48.16582167,-122.76451667,120.1,14.8,CA VAN,2023-10-03 12:00:00,Passenger ship,8.5,330,38
252,2023-10-02 11:12:24,232002990,MABI4,9614141,MAJESTIC PRINCESS,Under way using engine,48.16367167,-122.75924667,122.4,14.8,CA VAN,2023-10-03 12:00:00,Passenger ship,8.5,330,38
253,2023-10-02 11:13:08,232002990,MABI4,9614141,MAJESTIC PRINCESS,Under way using engine,48.16203833,-122.75564167,124.7,14.6,CA VAN,2023-10-03 12:00:00,Passenger ship,8.5,330,38
254,2023-10-02 11:13:49,232002990,MABI4,9614141,MAJESTIC PRINCESS,Under way using engine,48.16041333,-122.75234333,127.0,14.4,CA VAN,2023-10-03 12:00:00,Passenger ship,8.5,330,38
255,2023-10-02 11:14:42,232002990,MABI4,9614141,MAJESTIC PRINCESS,Under way using engine,48.15819667,-122.74817833,129.4,14.2,CA VAN,2023-10-03 12:00:00,Passenger ship,8.5,330,38
256,2023-10-02 11:15:31,232002990,MABI4,9614141,MAJESTIC PRINCESS,Under way using engine,48.156155,-122.74464167,131.5,14.0,CA VAN,2023-10-03 12:00:00,Passenger ship,8.5,330,38
257,2023-10-02 11:16:13,232002990,MABI4,9614141,MAJESTIC PRINCESS,Under way using engine,48.15429667,-122.74168,134.0,14.0,CA VAN,2023-10-03 12:00:00,Passenger ship,8.5,330,38
258,2023-10-02 11:21:13,232002990,MABI4,9614141,MAJESTIC PRINCESS,Under way using engine,48.14072333,-122.72031833,132.1,14.4,CA VAN,2023-10-03 12:00:00,Passenger ship,8.5,330,38
259,2023-10-02 11:26:13,232002990,MABI4,9614141,MAJESTIC PRINCESS,Under way using engine,48.127655,-122.69816833,130.9,14.2,CA VAN,2023-10-03 12:00:00,Passenger ship,8.5,330,38
260,2023-10-02 11:28:01,232002990,MABI4,9614141,MAJESTIC PRINCESS,Under way using engine,48.12300667,-122.69027167,133.2,14.0,CA VAN,2023-10-03 12:00:00,Passenger ship,8.5,330,38
261,2023-10-02 11:28:25,232002990,MABI4,9614141,MAJESTIC PRINCESS,Under way using engine,48.121905,-122.68864833,136.1,14.0,CA VAN,2023-10-03 12:00:00,Passenger ship,8.5,330,38
262,2023-10-02 11:28:55,232002990,MABI4,9614141,MAJESTIC PRINCESS,Under way using engine,48.12045667,-122.68672167,138.9,14.0,CA VAN,2023-10-03 12:00:00,Passenger ship,8.5,330,38
263,2023-10-02 11:29:49,232002990,MABI4,9614141,MAJESTIC PRINCESS,Under way using engine,48.11770333,-122.68332,141.0,14.1,CA VAN,2023-10-03 12:00:00,Passenger ship,8.5,330,38
264,2023-10-02 11:31:06,232002990,MABI4,9614141,MAJESTIC PRINCESS,Under way using engine,48.11374833,-122.67874833,143.1,14.0,CA VAN,2023-10-03 12:00:00,Passenger ship,8.5,330,38
